mtllib Circle_005.mtl
v -0.03500000014901161 3.1726612448323976e-09 -9.156221813120462e-16
v -0.034831468015909195 2.4894213357384842e-09 -0.003430600045248866
v -0.03432748466730118 1.7822069375839078e-09 -0.006828161422163248
v -0.03349291533231735 1.0578293796470462e-09 -0.010159963741898537
v -0.032335784286260605 3.2326352705780437e-10 -0.01339392177760601
v -0.03086724504828453 -4.144145859807935e-10 -0.016498886048793793
v -0.02910143882036209 -1.14810172480162e-09 -0.019444959238171577
v -0.027055365964770317 -1.8707326798761414e-09 -0.02220376767218113
v -0.02474873885512352 -2.5753470467293482e-09 -0.02474873885512352
v -0.02220376767218113 -3.255159031212429e-09 -0.027055365964770317
v -0.019444959238171577 -3.903623202461404e-09 -0.02910143882036209
v -0.016498886048793793 -4.514491891427497e-09 -0.03086724504828453
v -0.01339392177760601 -5.081884246749269e-09 -0.032335784286260605
v -0.010159963741898537 -5.600336194788724e-09 -0.03349291533231735
v -0.006828161422163248 -6.06485306420268e-09 -0.03432748466730118
v -0.003430600045248866 -6.470961988469526e-09 -0.034831468015909195
v 2.97882244019567e-16 -6.814751873918112e-09 -0.03500000014901161
v 0.003430600045248866 -7.092912479578217e-09 -0.034831468015909195
v 0.006828161422163248 -7.3027632829791855e-09 -0.03432748466730118
v 0.010159963741898537 -7.442285454573039e-09 -0.03349291533231735
v 0.01339392177760601 -7.510133848143141e-09 -0.032335784286260605
v 0.016498886048793793 -7.505656540729433e-09 -0.03086724504828453
v 0.019444959238171577 -7.42889527671764e-09 -0.02910143882036209
v 0.02220376767218113 -7.280589020552952e-09 -0.027055365964770317
v 0.02474873885512352 -7.062167295401878e-09 -0.02474873885512352
v 0.027055365964770317 -6.775733307762266e-09 -0.02220376767218113
v 0.02910143882036209 -6.424044851627286e-09 -0.019444959238171577
v 0.03086724504828453 -6.010489439489675e-09 -0.016498886048793793
v 0.032335784286260605 -5.539048331115737e-09 -0.01339392177760601
v 0.03349291533231735 -5.014265003211449e-09 -0.010159963741898537
v 0.03432748466730118 -4.441190970538855e-09 -0.006828161422163248
v 0.034831468015909195 -3.825346261976392e-09 -0.003430600045248866
v 0.03500000014901161 -3.1726612448323976e-09 9.156221813120462e-16
v 0.034831468015909195 -2.4894213357384842e-09 0.003430600045248866
v 0.03432748466730118 -1.7822069375839078e-09 0.006828161422163248
v 0.03349291533231735 -1.0578293796470462e-09 0.010159963741898537
v 0.032335784286260605 -3.2326352705780437e-10 0.01339392177760601
v 0.03086724504828453 4.144145859807935e-10 0.016498886048793793
v 0.02910143882036209 1.14810172480162e-09 0.019444959238171577
v 0.027055365964770317 1.8707326798761414e-09 0.02220376767218113
v 0.02474873885512352 2.5753470467293482e-09 0.02474873885512352
v 0.02220376767218113 3.255159031212429e-09 0.027055365964770317
v 0.019444959238171577 3.903623202461404e-09 0.02910143882036209
v 0.016498886048793793 4.514491891427497e-09 0.03086724504828453
v 0.01339392177760601 5.081884246749269e-09 0.032335784286260605
v 0.010159963741898537 5.600336194788724e-09 0.03349291533231735
v 0.006828161422163248 6.06485306420268e-09 0.03432748466730118
v 0.003430600045248866 6.470961988469526e-09 0.034831468015909195
v -2.97882244019567e-16 6.814751873918112e-09 0.03500000014901161
v -0.003430600045248866 7.092912479578217e-09 0.034831468015909195
v -0.006828161422163248 7.3027632829791855e-09 0.03432748466730118
v -0.010159963741898537 7.442285454573039e-09 0.03349291533231735
v -0.01339392177760601 7.510133848143141e-09 0.032335784286260605
v -0.016498886048793793 7.505656540729433e-09 0.03086724504828453
v -0.019444959238171577 7.42889527671764e-09 0.02910143882036209
v -0.02220376767218113 7.280589020552952e-09 0.027055365964770317
v -0.02474873885512352 7.062167295401878e-09 0.02474873885512352
v -0.027055365964770317 6.775733307762266e-09 0.02220376767218113
v -0.02910143882036209 6.424044851627286e-09 0.019444959238171577
v -0.03086724504828453 6.010489439489675e-09 0.016498886048793793
v -0.032335784286260605 5.539048331115737e-09 0.01339392177760601
v -0.03349291533231735 5.014265003211449e-09 0.010159963741898537
v -0.03432748466730118 4.441190970538855e-09 0.006828161422163248
v -0.034831468015909195 3.825346261976392e-09 0.003430600045248866
v -0.04000000283122063 3.6258984703607666e-09 -1.0464253500709099e-15
v -0.03980739042162895 2.8450528599677227e-09 -0.003920685965567827
v -0.03923141211271286 2.0368080555499546e-09 -0.007803612854331732
v -0.03827761486172676 1.2089480527777141e-09 -0.011611387133598328
v -0.03695518150925636 3.69444391745688e-10 -0.01530733983963728
v -0.03527684882283211 -4.736165348795396e-10 -0.01885586977005005
v -0.03325878828763962 -1.3121167485863339e-09 -0.022222809493541718
v -0.030920419842004776 -2.137980015248786e-09 -0.0253757331520319
v -0.02828427217900753 -2.9432538628526572e-09 -0.02828427217900753
v -0.0253757331520319 -3.7201823843702186e-09 -0.030920419842004776
v -0.022222809493541718 -4.461283786838521e-09 -0.03325878828763962
v -0.01885586977005005 -5.1594195582538305e-09 -0.03527684882283211
v -0.01530733983963728 -5.8078679643358555e-09 -0.03695518150925636
v -0.011611387133598328 -6.400384666704895e-09 -0.03827761486172676
v -0.007803612854331732 -6.931260454479116e-09 -0.03923141211271286
v -0.003920685965567827 -7.395385193120774e-09 -0.03980739042162895
v 3.404368351824882e-16 -7.788287348375889e-09 -0.04000000283122063
v 0.003920685965567827 -8.106185056533377e-09 -0.03980739042162895
v 0.007803612854331732 -8.346015434312903e-09 -0.03923141211271286
v 0.011611387133598328 -8.505469217823247e-09 -0.03827761486172676
v 0.01530733983963728 -8.583009858398327e-09 -0.03695518150925636
v 0.01885586977005005 -8.577893062522435e-09 -0.03527684882283211
v 0.022222809493541718 -8.490165903651814e-09 -0.03325878828763962
v 0.0253757331520319 -8.3206730394636e-09 -0.030920419842004776
v 0.02828427217900753 -8.07104960642846e-09 -0.02828427217900753
v 0.030920419842004776 -7.743694574458004e-09 -0.0253757331520319
v 0.03325878828763962 -7.3417649737450574e-09 -0.022222809493541718
v 0.03527684882283211 -6.869130153575043e-09 -0.01885586977005005
v 0.03695518150925636 -6.330342028348923e-09 -0.01530733983963728
v 0.03827761486172676 -5.730588448216167e-09 -0.011611387133598328
v 0.03923141211271286 -5.075647457886134e-09 -0.007803612854331732
v 0.03980739042162895 -4.3718242359602755e-09 -0.003920685965567827
v 0.04000000283122063 -3.6258984703607666e-09 1.0464253500709099e-15
v 0.03980739042162895 -2.8450528599677227e-09 0.003920685965567827
v 0.03923141211271286 -2.0368080555499546e-09 0.007803612854331732
v 0.03827761486172676 -1.2089480527777141e-09 0.011611387133598328
v 0.03695518150925636 -3.69444391745688e-10 0.01530733983963728
v 0.03527684882283211 4.736165348795396e-10 0.01885586977005005
v 0.03325878828763962 1.3121167485863339e-09 0.022222809493541718
v 0.030920419842004776 2.137980015248786e-09 0.0253757331520319
v 0.02828427217900753 2.9432538628526572e-09 0.02828427217900753
v 0.0253757331520319 3.7201823843702186e-09 0.030920419842004776
v 0.022222809493541718 4.461283786838521e-09 0.03325878828763962
v 0.01885586977005005 5.1594195582538305e-09 0.03527684882283211
v 0.01530733983963728 5.8078679643358555e-09 0.03695518150925636
v 0.011611387133598328 6.400384666704895e-09 0.03827761486172676
v 0.007803612854331732 6.931260454479116e-09 0.03923141211271286
v 0.003920685965567827 7.395385193120774e-09 0.03980739042162895
v -3.404368351824882e-16 7.788287348375889e-09 0.04000000283122063
v -0.003920685965567827 8.106185056533377e-09 0.03980739042162895
v -0.007803612854331732 8.346015434312903e-09 0.03923141211271286
v -0.011611387133598328 8.505469217823247e-09 0.03827761486172676
v -0.01530733983963728 8.583009858398327e-09 0.03695518150925636
v -0.01885586977005005 8.577893062522435e-09 0.03527684882283211
v -0.022222809493541718 8.490165903651814e-09 0.03325878828763962
v -0.0253757331520319 8.3206730394636e-09 0.030920419842004776
v -0.02828427217900753 8.07104960642846e-09 0.02828427217900753
v -0.030920419842004776 7.743694574458004e-09 0.0253757331520319
v -0.03325878828763962 7.3417649737450574e-09 0.022222809493541718
v -0.03527684882283211 6.869130153575043e-09 0.01885586977005005
v -0.03695518150925636 6.330342028348923e-09 0.01530733983963728
v -0.03827761486172676 5.730588448216167e-09 0.011611387133598328
v -0.03923141211271286 5.075647457886134e-09 0.007803612854331732
v -0.03980739042162895 4.3718242359602755e-09 0.003920685965567827
v -0.03500000014901161 -0.009999997913837433 1.9470709489155524e-09
v -0.034831468015909195 -0.009999998845160007 -0.003430598182603717
v -0.03432748466730118 -0.009999999776482582 -0.006828159559518099
v -0.03349291533231735 -0.009999999776482582 -0.010159961879253387
v -0.032335784286260605 -0.009999999776482582 -0.013393919914960861
v -0.03086724691092968 -0.010000000707805157 -0.016498884186148643
v -0.02910144068300724 -0.010000001639127731 -0.019444957375526428
v -0.027055367827415466 -0.010000002570450306 -0.02220376580953598
v -0.02474874071776867 -0.01000000350177288 -0.02474873699247837
v -0.02220376953482628 -0.01000000350177288 -0.027055364102125168
v -0.019444961100816727 -0.010000004433095455 -0.029101436957716942
v -0.016498887911438942 -0.01000000536441803 -0.03086724318563938
v -0.013393922708928585 -0.010000006295740604 -0.032335780560970306
v -0.010159964673221111 -0.01000000536441803 -0.033492911607027054
v -0.006828162353485823 -0.010000006295740604 -0.03432748094201088
v -0.0034306009765714407 -0.010000007227063179 -0.034831464290618896
v -9.064743400344355e-10 -0.010000007227063179 -0.034999996423721313
v 0.0034305991139262915 -0.010000008158385754 -0.034831464290618896
v 0.0068281604908406734 -0.010000008158385754 -0.03432748094201088
v 0.010159962810575962 -0.010000008158385754 -0.033492911607027054
v 0.013393920846283436 -0.010000007227063179 -0.032335780560970306
v 0.016498884186148643 -0.010000008158385754 -0.03086724318563938
v 0.019444957375526428 -0.010000008158385754 -0.029101436957716942
v 0.02220376580953598 -0.010000008158385754 -0.027055364102125168
v 0.02474873699247837 -0.010000008158385754 -0.02474873699247837
v 0.027055364102125168 -0.010000007227063179 -0.02220376580953598
v 0.029101436957716942 -0.010000007227063179 -0.019444957375526428
v 0.03086724318563938 -0.010000007227063179 -0.016498884186148643
v 0.032335784286260605 -0.010000006295740604 -0.013393919914960861
v 0.03349291533231735 -0.01000000536441803 -0.010159961879253387
v 0.03432748466730118 -0.010000004433095455 -0.006828159559518099
v 0.034831468015909195 -0.010000004433095455 -0.003430598182603717
v 0.03500000014901161 -0.01000000350177288 1.947072725272392e-09
v 0.034831468015909195 -0.010000002570450306 0.0034306019078940153
v 0.03432748466730118 -0.010000001639127731 0.006828163284808397
v 0.03349291533231735 -0.010000001639127731 0.010159965604543686
v 0.032335784286260605 -0.010000001639127731 0.01339392364025116
v 0.03086724318563938 -0.010000000707805157 0.016498887911438942
v 0.029101436957716942 -0.009999999776482582 0.019444961100816727
v 0.027055364102125168 -0.009999998845160007 0.02220376953482628
v 0.02474873699247837 -0.009999997913837433 0.02474874071776867
v 0.02220376580953598 -0.009999997913837433 0.027055367827415466
v 0.019444957375526428 -0.009999996982514858 0.02910144068300724
v 0.016498884186148643 -0.009999996051192284 0.03086724691092968
v 0.013393920846283436 -0.009999995119869709 0.0323357880115509
v 0.010159962810575962 -0.009999996051192284 0.03349291905760765
v 0.0068281604908406734 -0.009999995119869709 0.034327488392591476
v 0.0034305991139262915 -0.009999994188547134 0.03483147174119949
v -9.064748951459478e-10 -0.009999994188547134 0.03500000387430191
v -0.0034306009765714407 -0.00999999325722456 0.03483147174119949
v -0.006828162353485823 -0.00999999325722456 0.034327488392591476
v -0.010159964673221111 -0.00999999325722456 0.03349291905760765
v -0.013393922708928585 -0.009999994188547134 0.0323357880115509
v -0.016498887911438942 -0.00999999325722456 0.03086724691092968
v -0.019444961100816727 -0.00999999325722456 0.02910144068300724
v -0.02220376953482628 -0.00999999325722456 0.027055367827415466
v -0.02474874071776867 -0.00999999325722456 0.02474874071776867
v -0.027055367827415466 -0.009999994188547134 0.02220376953482628
v -0.02910144068300724 -0.009999994188547134 0.019444961100816727
v -0.03086724691092968 -0.009999994188547134 0.016498887911438942
v -0.032335784286260605 -0.009999995119869709 0.01339392364025116
v -0.03349291533231735 -0.009999996051192284 0.010159965604543686
v -0.03432748466730118 -0.009999996982514858 0.006828163284808397
v -0.034831468015909195 -0.009999996982514858 0.0034306019078940153
v -0.04000000283122063 -0.009999996982514858 1.9470707268709475e-09
v -0.03980739042162895 -0.009999997913837433 -0.003920684102922678
v -0.03923141211271286 -0.009999998845160007 -0.0078036109916865826
v -0.03827761486172676 -0.009999999776482582 -0.011611385270953178
v -0.03695518150925636 -0.010000000707805157 -0.01530733797699213
v -0.03527684882283211 -0.010000001639127731 -0.0188558679074049
v -0.03325878828763962 -0.010000002570450306 -0.02222280763089657
v -0.030920421704649925 -0.010000002570450306 -0.02537573128938675
v -0.02828427404165268 -0.01000000350177288 -0.02828427031636238
v -0.025375735014677048 -0.010000004433095455 -0.030920417979359627
v -0.022222811356186867 -0.01000000536441803 -0.03325878456234932
v -0.018855871632695198 -0.010000006295740604 -0.03527684509754181
v -0.015307340770959854 -0.010000006295740604 -0.036955177783966064
v -0.011611388064920902 -0.010000007227063179 -0.03827761113643646
v -0.007803614251315594 -0.010000007227063179 -0.03923140838742256
v -0.003920686896890402 -0.010000008158385754 -0.039807386696338654
v -9.064743400344355e-10 -0.010000008158385754 -0.03999999910593033
v 0.003920685034245253 -0.010000009089708328 -0.039807386696338654
v 0.007803611923009157 -0.010000009089708328 -0.03923140838742256
v 0.011611386202275753 -0.010000008158385754 -0.03827761113643646
v 0.015307338908314705 -0.010000009089708328 -0.036955177783966064
v 0.0188558679074049 -0.010000009089708328 -0.03527684509754181
v 0.02222280763089657 -0.010000009089708328 -0.03325878456234932
v 0.02537573128938675 -0.010000009089708328 -0.030920417979359627
v 0.02828427031636238 -0.010000009089708328 -0.02828427031636238
v 0.030920417979359627 -0.010000009089708328 -0.02537573128938675
v 0.03325878828763962 -0.010000007227063179 -0.02222280763089657
v 0.03527684882283211 -0.010000007227063179 -0.0188558679074049
v 0.03695518150925636 -0.010000006295740604 -0.01530733797699213
v 0.03827761486172676 -0.010000006295740604 -0.011611385270953178
v 0.03923141211271286 -0.01000000536441803 -0.0078036109916865826
v 0.03980739042162895 -0.010000004433095455 -0.003920684102922678
v 0.04000000283122063 -0.010000004433095455 1.9470729473169968e-09
v 0.03980739042162895 -0.01000000350177288 0.0039206878282129765
v 0.03923141211271286 -0.010000002570450306 0.007803615182638168
v 0.03827761486172676 -0.010000001639127731 0.011611388996243477
v 0.03695518150925636 -0.010000000707805157 0.015307341702282429
v 0.03527684882283211 -0.009999999776482582 0.018855871632695198
v 0.03325878828763962 -0.009999998845160007 0.022222811356186867
v 0.030920417979359627 -0.009999998845160007 0.025375735014677048
v 0.02828427031636238 -0.009999997913837433 0.02828427404165268
v 0.02537573128938675 -0.009999996982514858 0.030920421704649925
v 0.02222280763089657 -0.009999996051192284 0.033258792012929916
v 0.0188558679074049 -0.009999995119869709 0.035276852548122406
v 0.015307338908314705 -0.009999995119869709 0.03695518523454666
v 0.011611386202275753 -0.009999994188547134 0.03827761858701706
v 0.007803611923009157 -0.009999994188547134 0.03923141583800316
v 0.003920685034245253 -0.00999999325722456 0.03980739414691925
v -9.06474950657099e-10 -0.00999999325722456 0.040000006556510925
v -0.003920686896890402 -0.009999992325901985 0.03980739414691925
v -0.007803614251315594 -0.009999992325901985 0.03923141583800316
v -0.011611388064920902 -0.00999999325722456 0.03827761858701706
v -0.015307340770959854 -0.009999992325901985 0.03695518523454666
v -0.018855871632695198 -0.009999992325901985 0.035276852548122406
v -0.022222811356186867 -0.009999992325901985 0.033258792012929916
v -0.025375735014677048 -0.009999992325901985 0.030920421704649925
v -0.02828427404165268 -0.009999992325901985 0.02828427404165268
v -0.030920421704649925 -0.009999992325901985 0.025375735014677048
v -0.03325878828763962 -0.009999994188547134 0.022222811356186867
v -0.03527684882283211 -0.009999994188547134 0.018855871632695198
v -0.03695518150925636 -0.009999995119869709 0.015307341702282429
v -0.03827761486172676 -0.009999995119869709 0.011611388996243477
v -0.03923141211271286 -0.009999996051192284 0.007803615182638168
v -0.03980739042162895 -0.009999996982514858 0.0039206878282129765
v -0.03500000387430191 -0.06999999284744263 1.3629502859657805e-08
v -0.03483147174119949 -0.06999999284744263 -0.003430586541071534
v -0.034327488392591476 -0.07000000029802322 -0.006828147917985916
v -0.03349291905760765 -0.07000000029802322 -0.010159950703382492
v -0.0323357880115509 -0.07000000029802322 -0.013393907807767391
v -0.03086725063621998 -0.07000000029802322 -0.016498873010277748
v -0.02910144440829754 -0.07000000029802322 -0.019444946199655533
v -0.027055371552705765 -0.07000000029802322 -0.022203752771019936
v -0.024748744443058968 -0.07000000029802322 -0.024748725816607475
v -0.022203773260116577 -0.07000000029802322 -0.027055352926254272
v -0.019444964826107025 -0.07000000029802322 -0.029101423919200897
v -0.01649889349937439 -0.07000000029802322 -0.030867230147123337
v -0.013393928296864033 -0.07000000774860382 -0.03233576565980911
v -0.010159971192479134 -0.07000000774860382 -0.03349290043115616
v -0.006828168407082558 -0.07000000774860382 -0.034327469766139984
v -0.0034306063316762447 -0.07000000774860382 -0.034831453114748
v -6.3453220455755854e-09 -0.07000000774860382 -0.03499998524785042
v 0.003430593991652131 -0.07000000774860382 -0.034831453114748
v 0.006828154902905226 -0.07000000774860382 -0.034327469766139984
v 0.010159957222640514 -0.07000000774860382 -0.03349290043115616
v 0.013393915258347988 -0.07000000774860382 -0.03233576565980911
v 0.016498880460858345 -0.07000000774860382 -0.030867230147123337
v 0.01944495365023613 -0.07000000774860382 -0.029101423919200897
v 0.022203762084245682 -0.07000000774860382 -0.027055352926254272
v 0.024748733267188072 -0.07000000774860382 -0.024748725816607475
v 0.02705536037683487 -0.07000000774860382 -0.022203752771019936
v 0.029101431369781494 -0.07000000774860382 -0.019444946199655533
v 0.030867239460349083 -0.07000000774860382 -0.016498873010277748
v 0.032335780560970306 -0.07000000774860382 -0.013393907807767391
v 0.033492911607027054 -0.07000000774860382 -0.010159950703382492
v 0.03432748094201088 -0.07000000774860382 -0.006828147917985916
v 0.034831464290618896 -0.07000000774860382 -0.003430586541071534
v 0.034999996423721313 -0.07000000774860382 1.3629504636014644e-08
v 0.034831464290618896 -0.07000000774860382 0.0034306137822568417
v 0.03432748094201088 -0.07000000029802322 0.006828175392001867
v 0.033492911607027054 -0.07000000029802322 0.010159977711737156
v 0.032335780560970306 -0.07000000029802322 0.013393934816122055
v 0.030867239460349083 -0.07000000029802322 0.016498900949954987
v 0.029101431369781494 -0.07000000029802322 0.019444972276687622
v 0.02705536037683487 -0.07000000029802322 0.022203780710697174
v 0.024748733267188072 -0.07000000029802322 0.024748751893639565
v 0.022203762084245682 -0.07000000029802322 0.02705537900328636
v 0.01944495365023613 -0.07000000029802322 0.029101451858878136
v 0.016498880460858345 -0.07000000029802322 0.030867258086800575
v 0.013393915258347988 -0.06999999284744263 0.0323357991874218
v 0.010159957222640514 -0.06999999284744263 0.033492930233478546
v 0.006828154902905226 -0.06999999284744263 0.03432749956846237
v 0.003430593991652131 -0.06999999284744263 0.03483148291707039
v -6.345322933754005e-09 -0.06999999284744263 0.035000018775463104
v -0.0034306063316762447 -0.06999999284744263 0.03483148291707039
v -0.006828168407082558 -0.06999999284744263 0.03432749956846237
v -0.010159971192479134 -0.06999999284744263 0.033492930233478546
v -0.013393928296864033 -0.06999999284744263 0.0323357991874218
v -0.01649889349937439 -0.06999999284744263 0.030867258086800575
v -0.019444964826107025 -0.06999999284744263 0.029101451858878136
v -0.022203773260116577 -0.06999999284744263 0.02705537900328636
v -0.024748744443058968 -0.06999999284744263 0.024748751893639565
v -0.027055371552705765 -0.06999999284744263 0.022203780710697174
v -0.02910144440829754 -0.06999999284744263 0.019444972276687622
v -0.03086725063621998 -0.06999999284744263 0.016498900949954987
v -0.0323357880115509 -0.06999999284744263 0.013393934816122055
v -0.03349291905760765 -0.06999999284744263 0.010159977711737156
v -0.034327488392591476 -0.06999999284744263 0.006828175392001867
v -0.03483147174119949 -0.06999999284744263 0.0034306137822568417
v -0.040000006556510925 -0.06999999284744263 1.3629502859657805e-08
v -0.03980739414691925 -0.06999999284744263 -0.003920672461390495
v -0.03923141583800316 -0.07000000029802322 -0.0078035993501544
v -0.03827761858701706 -0.07000000029802322 -0.011611373163759708
v -0.03695518523454666 -0.07000000029802322 -0.01530732586979866
v -0.035276852548122406 -0.07000000029802322 -0.018855856731534004
v -0.033258792012929916 -0.07000000029802322 -0.022222796455025673
v -0.030920425429940224 -0.07000000029802322 -0.025375720113515854
v -0.028284277766942978 -0.07000000029802322 -0.028284259140491486
v -0.025375738739967346 -0.07000000029802322 -0.03092040680348873
v -0.022222815081477165 -0.07000000029802322 -0.033258773386478424
v -0.018855875357985497 -0.07000000774860382 -0.035276833921670914
v -0.015307346358895302 -0.07000000774860382 -0.03695516660809517
v -0.01161139365285635 -0.07000000774860382 -0.03827759996056557
v -0.007803619839251041 -0.07000000774860382 -0.039231397211551666
v -0.003920692019164562 -0.07000000774860382 -0.03980737552046776
v -6.3453220455755854e-09 -0.07000000774860382 -0.03999998793005943
v 0.003920679911971092 -0.07000000774860382 -0.03980737552046776
v 0.0078036063350737095 -0.07000000774860382 -0.039231397211551666
v 0.011611380614340305 -0.07000000774860382 -0.03827759996056557
v 0.015307332389056683 -0.07000000774860382 -0.03695516660809517
v 0.0188558641821146 -0.07000000774860382 -0.035276833921670914
v 0.02222280390560627 -0.07000000774860382 -0.033258773386478424
v 0.02537572756409645 -0.07000000774860382 -0.03092040680348873
v 0.028284266591072083 -0.07000000774860382 -0.028284259140491486
v 0.03092041425406933 -0.07000000774860382 -0.025375720113515854
v 0.03325878456234932 -0.07000000774860382 -0.022222796455025673
v 0.03527684509754181 -0.07000000774860382 -0.018855856731534004
v 0.036955177783966064 -0.07000000774860382 -0.01530732586979866
v 0.03827761113643646 -0.07000000774860382 -0.011611373163759708
v 0.03923140838742256 -0.07000000774860382 -0.0078035993501544
v 0.039807386696338654 -0.07000000774860382 -0.003920672461390495
v 0.03999999910593033 -0.07000000774860382 1.3629504636014644e-08
v 0.039807386696338654 -0.07000000774860382 0.003920699469745159
v 0.03923140838742256 -0.07000000029802322 0.007803626824170351
v 0.03827761113643646 -0.07000000029802322 0.011611400172114372
v 0.036955177783966064 -0.07000000029802322 0.015307352878153324
v 0.03527684509754181 -0.07000000029802322 0.018855882808566093
v 0.03325878456234932 -0.07000000029802322 0.022222822532057762
v 0.03092041425406933 -0.07000000029802322 0.025375746190547943
v 0.028284266591072083 -0.07000000029802322 0.028284285217523575
v 0.02537572756409645 -0.07000000029802322 0.03092043288052082
v 0.02222280390560627 -0.07000000029802322 0.03325880318880081
v 0.0188558641821146 -0.06999999284744263 0.0352768637239933
v 0.015307332389056683 -0.06999999284744263 0.03695519641041756
v 0.011611380614340305 -0.06999999284744263 0.03827763348817825
v 0.0078036063350737095 -0.06999999284744263 0.039231427013874054
v 0.003920679911971092 -0.06999999284744263 0.039807405322790146
v -6.345322933754005e-09 -0.06999999284744263 0.04000001773238182
v -0.003920692019164562 -0.06999999284744263 0.039807405322790146
v -0.007803619839251041 -0.06999999284744263 0.039231427013874054
v -0.01161139365285635 -0.06999999284744263 0.03827763348817825
v -0.015307346358895302 -0.06999999284744263 0.03695519641041756
v -0.018855875357985497 -0.06999999284744263 0.0352768637239933
v -0.022222815081477165 -0.06999999284744263 0.03325880318880081
v -0.025375738739967346 -0.06999999284744263 0.03092043288052082
v -0.028284277766942978 -0.06999999284744263 0.028284285217523575
v -0.030920425429940224 -0.06999999284744263 0.025375746190547943
v -0.033258792012929916 -0.06999999284744263 0.022222822532057762
v -0.035276852548122406 -0.06999999284744263 0.018855882808566093
v -0.03695518523454666 -0.06999999284744263 0.015307352878153324
v -0.03827761858701706 -0.06999999284744263 0.011611400172114372
v -0.03923141583800316 -0.06999999284744263 0.007803626824170351
v -0.03980739414691925 -0.06999999284744263 0.003920699469745159
v -0.03500000759959221 -0.07999999821186066 1.5576572920394938e-08
v -0.03483147546648979 -0.07999999821186066 -0.003430584678426385
v -0.034327492117881775 -0.08000000566244125 -0.006828146055340767
v -0.03349292278289795 -0.08000000566244125 -0.010159948840737343
v -0.0323357917368412 -0.08000000566244125 -0.013393905945122242
v -0.030867252498865128 -0.08000000566244125 -0.0164988711476326
v -0.029101446270942688 -0.08000000566244125 -0.019444942474365234
v -0.027055373415350914 -0.08000000566244125 -0.022203750908374786
v -0.024748746305704117 -0.08000000566244125 -0.024748723953962326
v -0.022203775122761726 -0.08000000566244125 -0.027055351063609123
v -0.019444966688752174 -0.08000000566244125 -0.029101422056555748
v -0.01649889536201954 -0.08000000566244125 -0.030867228284478188
v -0.013393928296864033 -0.08000001311302185 -0.03233576565980911
v -0.010159971192479134 -0.08000001311302185 -0.03349290043115616
v -0.006828169338405132 -0.08000001311302185 -0.034327469766139984
v -0.0034306072629988194 -0.08000001311302185 -0.034831453114748
v -7.251796496632323e-09 -0.08000001311302185 -0.03499998524785042
v 0.003430592827498913 -0.08000001311302185 -0.034831453114748
v 0.006828153971582651 -0.08000001311302185 -0.034327469766139984
v 0.010159957222640514 -0.08000001311302185 -0.03349290043115616
v 0.013393915258347988 -0.08000001311302185 -0.03233576565980911
v 0.016498878598213196 -0.08000001311302185 -0.030867228284478188
v 0.01944495178759098 -0.08000001311302185 -0.029101422056555748
v 0.022203760221600533 -0.08000001311302185 -0.027055351063609123
v 0.024748731404542923 -0.08000001311302185 -0.024748723953962326
v 0.02705535851418972 -0.08000001311302185 -0.022203750908374786
v 0.029101429507136345 -0.08000001311302185 -0.019444942474365234
v 0.030867235735058784 -0.08000001311302185 -0.0164988711476326
v 0.03233577683568001 -0.08000001311302185 -0.013393905945122242
v 0.033492907881736755 -0.08000001311302185 -0.010159948840737343
v 0.03432747721672058 -0.08000001311302185 -0.006828146055340767
v 0.0348314605653286 -0.08000001311302185 -0.003430584678426385
v 0.034999992698431015 -0.08000001311302185 1.5576576473108616e-08
v 0.0348314605653286 -0.08000001311302185 0.003430615644901991
v 0.03432747721672058 -0.08000000566244125 0.0068281772546470165
v 0.033492907881736755 -0.08000000566244125 0.010159979574382305
v 0.03233577683568001 -0.08000000566244125 0.013393936678767204
v 0.030867235735058784 -0.08000000566244125 0.016498902812600136
v 0.029101429507136345 -0.08000000566244125 0.01944497413933277
v 0.02705535851418972 -0.08000000566244125 0.022203782573342323
v 0.024748731404542923 -0.08000000566244125 0.024748753756284714
v 0.022203760221600533 -0.08000000566244125 0.02705538086593151
v 0.01944495178759098 -0.08000000566244125 0.029101453721523285
v 0.016498878598213196 -0.08000000566244125 0.030867259949445724
v 0.013393915258347988 -0.07999999821186066 0.0323357991874218
v 0.010159957222640514 -0.07999999821186066 0.033492930233478546
v 0.006828153971582651 -0.07999999821186066 0.03432749956846237
v 0.003430592827498913 -0.07999999821186066 0.03483148291707039
v -7.251797384810743e-09 -0.07999999821186066 0.035000018775463104
v -0.0034306072629988194 -0.07999999821186066 0.03483148291707039
v -0.006828169338405132 -0.07999999821186066 0.03432749956846237
v -0.010159971192479134 -0.07999999821186066 0.033492930233478546
v -0.013393928296864033 -0.07999999821186066 0.0323357991874218
v -0.01649889536201954 -0.07999999821186066 0.030867259949445724
v -0.019444966688752174 -0.07999999821186066 0.029101453721523285
v -0.022203775122761726 -0.07999999821186066 0.02705538086593151
v -0.024748746305704117 -0.07999999821186066 0.024748753756284714
v -0.027055373415350914 -0.07999999821186066 0.022203782573342323
v -0.029101446270942688 -0.07999999821186066 0.01944497413933277
v -0.030867252498865128 -0.07999999821186066 0.016498902812600136
v -0.0323357917368412 -0.07999999821186066 0.013393936678767204
v -0.03349292278289795 -0.07999999821186066 0.010159979574382305
v -0.034327492117881775 -0.07999999821186066 0.0068281772546470165
v -0.03483147546648979 -0.07999999821186066 0.003430615644901991
v -0.040000010281801224 -0.07999999821186066 1.5576572920394938e-08
v -0.03980739787220955 -0.07999999821186066 -0.003920670598745346
v -0.03923141956329346 -0.08000000566244125 -0.007803597487509251
v -0.03827762231230736 -0.08000000566244125 -0.01161137130111456
v -0.03695518895983696 -0.08000000566244125 -0.015307324007153511
v -0.035276856273412704 -0.08000000566244125 -0.018855854868888855
v -0.033258795738220215 -0.08000000566244125 -0.022222794592380524
v -0.030920427292585373 -0.08000000566244125 -0.025375718250870705
v -0.028284279629588127 -0.08000000566244125 -0.028284257277846336
v -0.025375740602612495 -0.08000000566244125 -0.030920403078198433
v -0.022222816944122314 -0.08000000566244125 -0.033258773386478424
v -0.018855877220630646 -0.08000001311302185 -0.035276833921670914
v -0.015307346358895302 -0.08000001311302185 -0.03695516660809517
v -0.01161139365285635 -0.08000001311302185 -0.03827759996056557
v -0.007803620770573616 -0.08000001311302185 -0.039231397211551666
v -0.003920692950487137 -0.08000001311302185 -0.03980737552046776
v -7.251796496632323e-09 -0.08000001311302185 -0.03999998793005943
v 0.003920678980648518 -0.08000001311302185 -0.03980737552046776
v 0.007803605403751135 -0.08000001311302185 -0.039231397211551666
v 0.011611380614340305 -0.08000001311302185 -0.03827759996056557
v 0.015307332389056683 -0.08000001311302185 -0.03695516660809517
v 0.018855862319469452 -0.08000001311302185 -0.035276833921670914
v 0.02222280204296112 -0.08000001311302185 -0.033258773386478424
v 0.0253757257014513 -0.08000001311302185 -0.030920403078198433
v 0.028284264728426933 -0.08000001311302185 -0.028284257277846336
v 0.03092041239142418 -0.08000001311302185 -0.025375718250870705
v 0.03325878083705902 -0.08000001311302185 -0.022222794592380524
v 0.03527684137225151 -0.08000001311302185 -0.018855854868888855
v 0.036955174058675766 -0.08000001311302185 -0.015307324007153511
v 0.038277607411146164 -0.08000001311302185 -0.01161137130111456
v 0.03923140466213226 -0.08000001311302185 -0.007803597487509251
v 0.039807382971048355 -0.08000001311302185 -0.003920670598745346
v 0.03999999538064003 -0.08000001311302185 1.5576576473108616e-08
v 0.039807382971048355 -0.08000001311302185 0.003920701332390308
v 0.03923140466213226 -0.08000000566244125 0.0078036286868155
v 0.038277607411146164 -0.08000000566244125 0.011611402034759521
v 0.036955174058675766 -0.08000000566244125 0.015307354740798473
v 0.03527684137225151 -0.08000000566244125 0.018855884671211243
v 0.03325878083705902 -0.08000000566244125 0.02222282439470291
v 0.03092041239142418 -0.08000000566244125 0.025375748053193092
v 0.028284264728426933 -0.08000000566244125 0.028284287080168724
v 0.0253757257014513 -0.08000000566244125 0.03092043474316597
v 0.02222280204296112 -0.08000000566244125 0.03325880318880081
v 0.018855862319469452 -0.07999999821186066 0.0352768637239933
v 0.015307332389056683 -0.07999999821186066 0.03695519641041756
v 0.011611380614340305 -0.07999999821186066 0.03827763348817825
v 0.007803605403751135 -0.07999999821186066 0.039231427013874054
v 0.003920678980648518 -0.07999999821186066 0.039807405322790146
v -7.251797384810743e-09 -0.07999999821186066 0.04000001773238182
v -0.003920692950487137 -0.07999999821186066 0.039807405322790146
v -0.007803620770573616 -0.07999999821186066 0.039231427013874054
v -0.01161139365285635 -0.07999999821186066 0.03827763348817825
v -0.015307346358895302 -0.07999999821186066 0.03695519641041756
v -0.018855877220630646 -0.07999999821186066 0.0352768637239933
v -0.022222816944122314 -0.07999999821186066 0.03325880318880081
v -0.025375740602612495 -0.07999999821186066 0.03092043474316597
v -0.028284279629588127 -0.07999999821186066 0.028284287080168724
v -0.030920427292585373 -0.07999999821186066 0.025375748053193092
v -0.033258795738220215 -0.07999999821186066 0.02222282439470291
v -0.035276856273412704 -0.07999999821186066 0.018855884671211243
v -0.03695518895983696 -0.07999999821186066 0.015307354740798473
v -0.03827762231230736 -0.07999999821186066 0.011611402034759521
v -0.03923141956329346 -0.07999999821186066 0.0078036286868155
v -0.03980739787220955 -0.07999999821186066 0.003920701332390308
v -0.02985057421028614 -0.07000000029802322 -0.0029400107450783253
v -0.029995005577802658 -0.06999999284744263 1.3629502859657805e-08
v -0.029418660327792168 -0.07000000029802322 -0.005851720459759235
v -0.02870343253016472 -0.07000000029802322 -0.008707075379788876
v -0.027711769565939903 -0.07000000029802322 -0.011478576809167862
v -0.026453232392668724 -0.07000000029802322 -0.014139533042907715
v -0.024939939379692078 -0.07000000029802322 -0.01666431687772274
v -0.0231864545494318 -0.07000000029802322 -0.019028615206480026
v -0.021209673956036568 -0.07000000029802322 -0.021209655329585075
v -0.01902863383293152 -0.07000000029802322 -0.02318643406033516
v -0.016664335504174232 -0.07000000029802322 -0.024939918890595436
v -0.014139552600681782 -0.07000000029802322 -0.026453213766217232
v -0.011478597298264503 -0.07000000774860382 -0.02771175093948841
v -0.008707095868885517 -0.07000000774860382 -0.028703413903713226
v -0.005851740948855877 -0.07000000774860382 -0.029418641701340675
v -0.002940030535683036 -0.07000000774860382 -0.029850555583834648
v -6.321882572990489e-09 -0.07000000774860382 -0.029994986951351166
v 0.0029400179628282785 -0.07000000774860382 -0.029850555583834648
v 0.005851727910339832 -0.07000000774860382 -0.029418641701340675
v 0.008707081899046898 -0.07000000774860382 -0.028703413903713226
v 0.011478584259748459 -0.07000000774860382 -0.02771175093948841
v 0.014139539562165737 -0.07000000774860382 -0.026453213766217232
v 0.016664324328303337 -0.07000000774860382 -0.024939918890595436
v 0.019028622657060623 -0.07000000774860382 -0.02318643406033516
v 0.021209662780165672 -0.07000000774860382 -0.021209655329585075
v 0.023186443373560905 -0.07000000774860382 -0.019028615206480026
v 0.024939928203821182 -0.07000000774860382 -0.01666431687772274
v 0.02645322121679783 -0.07000000774860382 -0.014139533042907715
v 0.027711758390069008 -0.07000000774860382 -0.011478576809167862
v 0.028703421354293823 -0.07000000774860382 -0.008707075379788876
v 0.029418649151921272 -0.07000000774860382 -0.005851720459759235
v 0.029850563034415245 -0.07000000774860382 -0.0029400107450783253
v 0.029994994401931763 -0.07000000774860382 1.3629504636014644e-08
v 0.029850563034415245 -0.07000000029802322 0.002940037753432989
v 0.029418649151921272 -0.07000000029802322 0.005851748399436474
v 0.028703421354293823 -0.07000000029802322 0.00870710238814354
v 0.027711758390069008 -0.07000000029802322 0.011478603817522526
v 0.02645322121679783 -0.07000000029802322 0.014139559119939804
v 0.024939928203821182 -0.07000000029802322 0.01666434295475483
v 0.023186443373560905 -0.07000000029802322 0.019028641283512115
v 0.021209662780165672 -0.07000000029802322 0.021209681406617165
v 0.019028622657060623 -0.07000000029802322 0.023186462000012398
v 0.016664324328303337 -0.07000000029802322 0.024939946830272675
v 0.014139539562165737 -0.07000000029802322 0.02645323984324932
v 0.011478584259748459 -0.06999999284744263 0.02771177887916565
v 0.008707081899046898 -0.06999999284744263 0.028703441843390465
v 0.005851727910339832 -0.06999999284744263 0.029418667778372765
v 0.0029400179628282785 -0.06999999284744263 0.029850581660866737
v -6.321883461168909e-09 -0.06999999284744263 0.029995013028383255
v -0.002940030535683036 -0.06999999284744263 0.029850581660866737
v -0.005851740948855877 -0.06999999284744263 0.029418667778372765
v -0.008707095868885517 -0.06999999284744263 0.028703441843390465
v -0.011478597298264503 -0.06999999284744263 0.02771177887916565
v -0.014139552600681782 -0.06999999284744263 0.02645323984324932
v -0.016664335504174232 -0.06999999284744263 0.024939946830272675
v -0.01902863383293152 -0.06999999284744263 0.023186462000012398
v -0.021209673956036568 -0.06999999284744263 0.021209681406617165
v -0.0231864545494318 -0.06999999284744263 0.019028641283512115
v -0.024939939379692078 -0.06999999284744263 0.01666434295475483
v -0.026453232392668724 -0.06999999284744263 0.014139559119939804
v -0.027711769565939903 -0.06999999284744263 0.011478603817522526
v -0.02870343253016472 -0.06999999284744263 0.00870710238814354
v -0.029418660327792168 -0.06999999284744263 0.005851748399436474
v -0.02985057421028614 -0.06999999284744263 0.002940037753432989
v -0.026453234255313873 -0.08000000566244125 -0.014139531180262566
v -0.021209675818681717 -0.07999999821186066 0.021209683269262314
v -0.027711771428585052 -0.08000000566244125 -0.011478574946522713
v -0.019028635695576668 -0.07999999821186066 0.023186463862657547
v -0.028703436255455017 -0.08000000566244125 -0.008707073517143726
v -0.01666433736681938 -0.07999999821186066 0.024939948692917824
v -0.029418662190437317 -0.08000000566244125 -0.005851718597114086
v -0.014139552600681782 -0.07999999821186066 0.02645324170589447
v -0.02985057607293129 -0.08000000566244125 -0.002940008882433176
v -0.011478597298264503 -0.07999999821186066 0.0277117807418108
v -0.008707095868885517 -0.07999999821186066 0.028703443706035614
v -0.0058517418801784515 -0.07999999821186066 0.029418669641017914
v -0.0029400314670056105 -0.07999999821186066 0.029850583523511887
v -7.228357912225647e-09 -0.07999999821186066 0.029995014891028404
v 0.002940017031505704 -0.07999999821186066 0.029850583523511887
v 0.005851726979017258 -0.07999999821186066 0.029418669641017914
v 0.008707081899046898 -0.07999999821186066 0.028703443706035614
v 0.011478584259748459 -0.07999999821186066 0.0277117807418108
v 0.014139539562165737 -0.08000000566244125 0.02645324170589447
v 0.016664322465658188 -0.08000000566244125 0.024939948692917824
v 0.019028620794415474 -0.08000000566244125 0.023186463862657547
v 0.021209660917520523 -0.08000000566244125 0.021209683269262314
v 0.023186441510915756 -0.08000000566244125 0.019028643146157265
v 0.024939926341176033 -0.08000000566244125 0.01666434481739998
v 0.02645321935415268 -0.08000000566244125 0.014139560982584953
v 0.02771175652742386 -0.08000000566244125 0.011478605680167675
v 0.028703419491648674 -0.08000000566244125 0.008707104250788689
v 0.029418647289276123 -0.08000000566244125 0.005851750262081623
v 0.029850561171770096 -0.08000000566244125 0.002940039848908782
v 0.029994992539286613 -0.08000001311302185 1.5576574696751777e-08
v 0.029850561171770096 -0.08000001311302185 -0.002940008882433176
v 0.029418647289276123 -0.08000001311302185 -0.005851718597114086
v 0.028703419491648674 -0.08000001311302185 -0.008707073517143726
v 0.02771175652742386 -0.08000001311302185 -0.011478574946522713
v 0.02645321935415268 -0.08000001311302185 -0.014139531180262566
v 0.024939926341176033 -0.08000001311302185 -0.01666431501507759
v 0.023186441510915756 -0.08000001311302185 -0.019028613343834877
v 0.021209660917520523 -0.08000001311302185 -0.021209653466939926
v 0.019028620794415474 -0.08000001311302185 -0.02318643219769001
v 0.016664322465658188 -0.08000001311302185 -0.024939917027950287
v 0.014139539562165737 -0.08000001311302185 -0.026453211903572083
v 0.011478584259748459 -0.08000001311302185 -0.02771174907684326
v 0.008707081899046898 -0.08000001311302185 -0.028703412041068077
v 0.005851726979017258 -0.08000001311302185 -0.029418639838695526
v 0.002940017031505704 -0.08000001311302185 -0.0298505537211895
v -7.228357024047227e-09 -0.08000001311302185 -0.029994985088706017
v -0.0029400314670056105 -0.08000001311302185 -0.0298505537211895
v -0.0058517418801784515 -0.08000001311302185 -0.029418639838695526
v -0.008707095868885517 -0.08000001311302185 -0.028703412041068077
v -0.029995007440447807 -0.07999999821186066 1.5576574696751777e-08
v -0.011478597298264503 -0.08000001311302185 -0.02771174907684326
v -0.02985057607293129 -0.07999999821186066 0.002940039848908782
v -0.014139552600681782 -0.08000000566244125 -0.026453211903572083
v -0.029418662190437317 -0.07999999821186066 0.005851750262081623
v -0.01666433736681938 -0.08000000566244125 -0.024939917027950287
v -0.028703436255455017 -0.07999999821186066 0.008707104250788689
v -0.019028635695576668 -0.08000000566244125 -0.02318643219769001
v -0.027711771428585052 -0.07999999821186066 0.011478605680167675
v -0.021209675818681717 -0.08000000566244125 -0.021209653466939926
v -0.026453234255313873 -0.07999999821186066 0.014139560982584953
v -0.024939941242337227 -0.08000000566244125 -0.01666431501507759
v -0.02318645641207695 -0.08000000566244125 -0.019028613343834877
v -0.02318645641207695 -0.07999999821186066 0.019028643146157265
v -0.024939941242337227 -0.07999999821186066 0.01666434481739998
v -0.029850568622350693 2.133433207873736e-09 -0.0029400286730378866
v -0.02999499998986721 2.718969493997747e-09 -4.364014927205062e-09
v -0.02941865473985672 1.5273506903668022e-09 -0.00585173862054944
v -0.02870342694222927 9.065588835177607e-10 -0.008707094006240368
v -0.027711763978004456 2.7703597749173525e-10 -0.011478595435619354
v -0.026453226804733276 -3.5515429486210337e-10 -0.014139549806714058
v -0.02493993379175663 -9.839239423214963e-10 -0.016664333641529083
v -0.023186448961496353 -1.6032188909775869e-09 -0.01902863197028637
v -0.02120966836810112 -2.207073634963308e-09 -0.021209673956036568
v -0.01902862824499607 -2.789671826874951e-09 -0.02318645268678665
v -0.016664329916238785 -3.345405730215134e-09 -0.02493993751704693
v -0.01413954608142376 -3.86892073933609e-09 -0.026453232392668724
v -0.011478590779006481 -4.3551757755722065e-09 -0.027711769565939903
v -0.008707089349627495 -4.7994888063840335e-09 -0.02870343066751957
v -0.005851734429597855 -5.1975796999670365e-09 -0.02941865846514702
v -0.002940024249255657 -5.54561507826179e-09 -0.02985057234764099
v 4.261758654311443e-11 -5.840243400001555e-09 -0.029995005577802658
v 0.002940024249255657 -6.0786264910461796e-09 -0.02985057234764099
v 0.005851734429597855 -6.25846885426995e-09 -0.02941865846514702
v 0.008707089349627495 -6.378039874022079e-09 -0.02870343066751957
v 0.011478590779006481 -6.436185806535377e-09 -0.027711769565939903
v 0.01413954608142376 -6.432348875762273e-09 -0.026453232392668724
v 0.016664329916238785 -6.366563720661134e-09 -0.02493993751704693
v 0.01902862824499607 -6.2394658328912556e-09 -0.02318645268678665
v 0.02120966836810112 -6.052278678225775e-09 -0.021209673956036568
v 0.023186448961496353 -5.806803926589055e-09 -0.01902863197028637
v 0.02493993379175663 -5.505406797112755e-09 -0.016664333641529083
v 0.026453226804733276 -5.1509898568724566e-09 -0.014139549806714058
v 0.027711763978004456 -4.746965931445857e-09 -0.011478595435619354
v 0.02870342694222927 -4.297226130489662e-09 -0.008707094006240368
v 0.02941865473985672 -3.80610165606754e-09 -0.00585173862054944
v 0.029850568622350693 -3.2783225023536033e-09 -0.0029400286730378866
v 0.02999499998986721 -2.7189712703545865e-09 -4.364013150848223e-09
v 0.029850568622350693 -2.1334347621859706e-09 0.0029400200583040714
v 0.02941865473985672 -1.5273522446790366e-09 0.005851730238646269
v 0.02870342694222927 -9.065607153857513e-10 0.008707084693014622
v 0.027711763978004456 -2.7703755955954534e-10 0.011478587053716183
v 0.026453226804733276 3.5515268503871766e-10 0.014139541424810886
v 0.02493993379175663 9.839221659646569e-10 0.016664324328303337
v 0.023186448961496353 1.6032173366653524e-09 0.019028624519705772
v 0.02120966836810112 2.2070718586064686e-09 0.02120966464281082
v 0.01902862824499607 2.7896704946073214e-09 0.023186445236206055
v 0.016664329916238785 3.3454037318136898e-09 0.024939928203821182
v 0.01413954608142376 3.868918962979251e-09 0.026453223079442978
v 0.011478590779006481 4.355173999215367e-09 0.027711760252714157
v 0.008707089349627495 4.799487030027194e-09 0.028703421354293823
v 0.005851734429597855 5.197577923610197e-09 0.02941865101456642
v 0.002940024249255657 5.54561374599416e-09 0.029850564897060394
v 4.261707653441249e-11 5.840241179555505e-09 0.029994996264576912
v -0.002940024249255657 6.07862515877855e-09 0.029850564897060394
v -0.005851734429597855 6.25846796609153e-09 0.02941865101456642
v -0.008707089349627495 6.3780380976652395e-09 0.028703421354293823
v -0.011478590779006481 6.436184030178538e-09 0.027711760252714157
v -0.01413954608142376 6.4323462112270136e-09 0.026453223079442978
v -0.016664329916238785 6.366561944304294e-09 0.024939928203821182
v -0.01902862824499607 6.239464056534416e-09 0.023186445236206055
v -0.02120966836810112 6.052276901868936e-09 0.02120966464281082
v -0.023186448961496353 5.806802594321425e-09 0.019028624519705772
v -0.02493993379175663 5.505405020755916e-09 0.016664324328303337
v -0.026453226804733276 5.150988080515617e-09 0.014139541424810886
v -0.027711763978004456 4.746964155089017e-09 0.011478587053716183
v -0.02870342694222927 4.2972243541328226e-09 0.008707084693014622
v -0.02941865473985672 3.8060998797107e-09 0.005851730238646269
v -0.029850568622350693 3.278320725996764e-09 0.0029400200583040714
v -0.029850570484995842 -0.009999997913837433 -0.0029400265775620937
v -0.02999500185251236 -0.009999997913837433 -2.41694309011109e-09
v -0.02941865660250187 -0.009999998845160007 -0.005851736757904291
v -0.02870342880487442 -0.009999999776482582 -0.008707092143595219
v -0.027711765840649605 -0.009999999776482582 -0.011478593572974205
v -0.026453228667378426 -0.010000000707805157 -0.014139547944068909
v -0.02493993565440178 -0.010000001639127731 -0.016664331778883934
v -0.023186450824141502 -0.010000002570450306 -0.01902863010764122
v -0.02120967023074627 -0.010000002570450306 -0.02120967209339142
v -0.01902863010764122 -0.01000000350177288 -0.023186450824141502
v -0.016664331778883934 -0.010000004433095455 -0.02493993565440178
v -0.014139547012746334 -0.010000004433095455 -0.026453230530023575
v -0.011478591710329056 -0.01000000536441803 -0.027711767703294754
v -0.00870709028095007 -0.01000000536441803 -0.02870342880487442
v -0.005851735360920429 -0.01000000536441803 -0.02941865660250187
v -0.002940025180578232 -0.010000006295740604 -0.029850570484995842
v -8.638570414554181e-10 -0.010000006295740604 -0.02999500371515751
v 0.0029400233179330826 -0.010000007227063179 -0.029850570484995842
v 0.00585173349827528 -0.010000007227063179 -0.02941865660250187
v 0.008707087486982346 -0.010000007227063179 -0.02870342880487442
v 0.011478589847683907 -0.010000006295740604 -0.027711767703294754
v 0.014139545150101185 -0.010000006295740604 -0.026453230530023575
v 0.016664328053593636 -0.010000006295740604 -0.02493993565440178
v 0.01902862638235092 -0.010000006295740604 -0.023186450824141502
v 0.02120966650545597 -0.010000006295740604 -0.02120967209339142
v 0.023186447098851204 -0.010000006295740604 -0.01902863010764122
v 0.02493993192911148 -0.010000006295740604 -0.016664331778883934
v 0.026453224942088127 -0.010000006295740604 -0.014139547944068909
v 0.027711762115359306 -0.01000000536441803 -0.011478593572974205
v 0.02870342507958412 -0.01000000536441803 -0.008707092143595219
v 0.02941865287721157 -0.010000004433095455 -0.005851736757904291
v 0.029850566759705544 -0.010000004433095455 -0.0029400265775620937
v 0.02999499812722206 -0.01000000350177288 -2.4169413137542506e-09
v 0.029850566759705544 -0.01000000350177288 0.0029400219209492207
v 0.02941865287721157 -0.010000002570450306 0.005851732101291418
v 0.02870342507958412 -0.010000001639127731 0.008707086555659771
v 0.027711762115359306 -0.010000001639127731 0.011478588916361332
v 0.026453224942088127 -0.010000000707805157 0.014139543287456036
v 0.02493993192911148 -0.009999999776482582 0.016664326190948486
v 0.023186447098851204 -0.009999998845160007 0.01902862638235092
v 0.02120966650545597 -0.009999998845160007 0.02120966650545597
v 0.01902862638235092 -0.009999997913837433 0.023186447098851204
v 0.016664328053593636 -0.009999996982514858 0.02493993006646633
v 0.014139545150101185 -0.009999996982514858 0.026453224942088127
v 0.011478589847683907 -0.009999996051192284 0.027711762115359306
v 0.008707087486982346 -0.009999996051192284 0.028703423216938972
v 0.00585173349827528 -0.009999996051192284 0.02941865287721157
v 0.0029400233179330826 -0.009999995119869709 0.029850566759705544
v -8.638575410557792e-10 -0.009999995119869709 0.02999499812722206
v -0.002940025180578232 -0.009999994188547134 0.029850566759705544
v -0.005851735360920429 -0.009999994188547134 0.02941865287721157
v -0.00870709028095007 -0.009999994188547134 0.028703423216938972
v -0.011478591710329056 -0.009999995119869709 0.027711762115359306
v -0.014139547012746334 -0.009999995119869709 0.026453224942088127
v -0.016664331778883934 -0.009999995119869709 0.02493993006646633
v -0.01902863010764122 -0.009999995119869709 0.023186447098851204
v -0.02120967023074627 -0.009999995119869709 0.02120966650545597
v -0.023186450824141502 -0.009999995119869709 0.01902862638235092
v -0.02493993565440178 -0.009999995119869709 0.016664326190948486
v -0.026453228667378426 -0.009999995119869709 0.014139543287456036
v -0.027711765840649605 -0.009999996051192284 0.011478588916361332
v -0.02870342880487442 -0.009999996051192284 0.008707086555659771
v -0.02941865660250187 -0.009999996982514858 0.005851732101291418
v -0.029850570484995842 -0.009999996982514858 0.0029400219209492207
v -0.030000006780028343 7.907634547166253e-09 0.16500046849250793
v -0.029855547472834587 0.0029405225068330765 0.16500046849250793
v -0.029423564672470093 0.005852718371897936 0.16500046849250793
v -0.028708217665553093 0.008708548732101917 0.16500046849250793
v -0.027716392651200294 0.011480513028800488 0.16500046849250793
v -0.026457644999027252 0.014141910709440708 0.16500046849250793
v -0.024944094941020012 0.016667114570736885 0.16500046849250793
v -0.023190319538116455 0.01903180591762066 0.16500046849250793
v -0.021213209256529808 0.021213214844465256 0.16500046849250793
v -0.019031807780265808 0.023190323263406754 0.16500046849250793
v -0.016667114570736885 0.02494409866631031 0.16500046849250793
v -0.01414190698415041 0.02645764872431755 0.16500046849250793
v -0.011480509303510189 0.027716396376490593 0.16500046849250793
v -0.008708545006811619 0.028708219528198242 0.16500046849250793
v -0.005852716043591499 0.02942356839776039 0.16500046849250793
v -0.0029405199456959963 0.029855553060770035 0.16500046849250793
v -5.721444207296145e-09 0.03000001050531864 0.16500046849250793
v 0.0029405090026557446 0.029855553060770035 0.16500046849250793
v 0.005852703936398029 0.029423566535115242 0.16500046849250793
v 0.008708535693585873 0.02870822139084339 0.16500046849250793
v 0.011480499990284443 0.027716396376490593 0.16500046849250793
v 0.014141897670924664 0.02645764872431755 0.16500046849250793
v 0.01666709966957569 0.02494409866631031 0.16500046849250793
v 0.019031792879104614 0.023190323263406754 0.16500046849250793
v 0.021213198080658913 0.021213212981820107 0.16500046849250793
v 0.02319030836224556 0.019031811505556107 0.16500046849250793
v 0.024944083765149117 0.016667118296027184 0.16500046849250793
v 0.026457633823156357 0.014141913503408432 0.16500046849250793
v 0.02771637961268425 0.011480514891445637 0.16500046849250793
v 0.028708206489682198 0.008708550594747066 0.16500046849250793
v 0.029423553496599197 0.005852720700204372 0.16500046849250793
v 0.02985553629696369 0.0029405250679701567 0.16500046849250793
v 0.029999995604157448 1.053031883913036e-08 0.16500046849250793
v 0.02985553629696369 -0.002940503880381584 0.16500046849250793
v 0.029423553496599197 -0.0058526997454464436 0.16500046849250793
v 0.028708206489682198 -0.008708530105650425 0.16500046849250793
v 0.02771637961268425 -0.011480494402348995 0.16500046849250793
v 0.026457633823156357 -0.014141892082989216 0.16500046849250793
v 0.024944083765149117 -0.016667095944285393 0.16500046849250793
v 0.02319030836224556 -0.019031789153814316 0.16500046849250793
v 0.021213198080658913 -0.021213196218013763 0.16500046849250793
v 0.019031796604394913 -0.02319030463695526 0.16500046849250793
v 0.01666710339486599 -0.024944080039858818 0.16500046849250793
v 0.014141899533569813 -0.02645763009786606 0.16500046849250793
v 0.011480501852929592 -0.02771637588739395 0.16500046849250793
v 0.008708537556231022 -0.02870820090174675 0.16500046849250793
v 0.005852706730365753 -0.029423551633954048 0.16500046849250793
v 0.002940511330962181 -0.029855532571673393 0.16500046849250793
v -3.098759471242829e-09 -0.02999999187886715 0.16500046849250793
v -0.0029405176173895597 -0.029855532571673393 0.16500046849250793
v -0.0058527132496237755 -0.0294235497713089 0.16500046849250793
v -0.00870854314416647 -0.02870820462703705 0.16500046849250793
v -0.01148050744086504 -0.02771637588739395 0.16500046849250793
v -0.01414190512150526 -0.02645763009786606 0.16500046849250793
v -0.016667110845446587 -0.024944080039858818 0.16500046849250793
v -0.01903180405497551 -0.02319030463695526 0.16500046849250793
v -0.021213209256529808 -0.021213194355368614 0.16500046849250793
v -0.023190319538116455 -0.019031794741749763 0.16500046849250793
v -0.024944094941020012 -0.01666709966957569 0.16500046849250793
v -0.026457644999027252 -0.01414189487695694 0.16500046849250793
v -0.027716392651200294 -0.011480496264994144 0.16500046849250793
v -0.028708217665553093 -0.008708531968295574 0.16500046849250793
v -0.029423564672470093 -0.00585270207375288 0.16500046849250793
v -0.029855547472834587 -0.0029405064415186644 0.16500046849250793
v -0.025000007823109627 8.126190387258703e-09 0.16500046849250793
v -0.02487962506711483 0.002450436819344759 0.16500046849250793
v -0.02451963722705841 0.004877266474068165 0.16500046849250793
v -0.023923516273498535 0.007257125340402126 0.16500046849250793
v -0.023096993565559387 0.009567094966769218 0.16500046849250793
v -0.022048037499189377 0.011784927919507027 0.16500046849250793
v -0.020786745473742485 0.013889266178011894 0.16500046849250793
v -0.019325267523527145 0.01585984230041504 0.16500046849250793
v -0.017677675932645798 0.017677679657936096 0.16500046849250793
v -0.01585983857512474 0.019325271248817444 0.16500046849250793
v -0.013889261521399021 0.020786749199032784 0.16500046849250793
v -0.011784924194216728 0.022048041224479675 0.16500046849250793
v -0.00956709124147892 0.023096997290849686 0.16500046849250793
v -0.00725712301209569 0.023923518136143684 0.16500046849250793
v -0.004877264145761728 0.02451964095234871 0.16500046849250793
v -0.002450434025377035 0.02487962879240513 0.16500046849250793
v -5.502887034936066e-09 0.025000011548399925 0.16500046849250793
v 0.0024504230823367834 0.02487962879240513 0.16500046849250793
v 0.004877252969890833 0.02451964095234871 0.16500046849250793
v 0.007257111370563507 0.023923519998788834 0.16500046849250793
v 0.009567081928253174 0.023096997290849686 0.16500046849250793
v 0.011784914880990982 0.022048041224479675 0.16500046849250793
v 0.013889252208173275 0.020786749199032784 0.16500046849250793
v 0.015859829261898994 0.019325271248817444 0.16500046849250793
v 0.017677664756774902 0.017677679657936096 0.16500046849250793
v 0.0193252544850111 0.01585984416306019 0.16500046849250793
v 0.02078673429787159 0.013889268040657043 0.16500046849250793
v 0.02204802632331848 0.011784929782152176 0.16500046849250793
v 0.023096982389688492 0.009567095898091793 0.16500046849250793
v 0.02392350509762764 0.007257127668708563 0.16500046849250793
v 0.024519626051187515 0.004877268336713314 0.16500046849250793
v 0.024879613891243935 0.0024504391476511955 0.16500046849250793
v 0.024999994784593582 1.0311759446324231e-08 0.16500046849250793
v 0.024879613891243935 -0.0024504181928932667 0.16500046849250793
v 0.024519626051187515 -0.00487724831327796 0.16500046849250793
v 0.02392350509762764 -0.007257106713950634 0.16500046849250793
v 0.023096982389688492 -0.0095670772716403 0.16500046849250793
v 0.02204802632331848 -0.011784909293055534 0.16500046849250793
v 0.02078673429787159 -0.013889246620237827 0.16500046849250793
v 0.0193252544850111 -0.015859823673963547 0.16500046849250793
v 0.017677664756774902 -0.017677661031484604 0.16500046849250793
v 0.015859831124544144 -0.019325250759720802 0.16500046849250793
v 0.013889254070818424 -0.02078673057258129 0.16500046849250793
v 0.011784916743636131 -0.022048022598028183 0.16500046849250793
v 0.009567083790898323 -0.023096978664398193 0.16500046849250793
v 0.007257113233208656 -0.02392350137233734 0.16500046849250793
v 0.004877254832535982 -0.024519622325897217 0.16500046849250793
v 0.00245042541064322 -0.024879610165953636 0.16500046849250793
v -3.3173170876921176e-09 -0.024999991059303284 0.16500046849250793
v -0.0024504316970705986 -0.024879610165953636 0.16500046849250793
v -0.004877262283116579 -0.024519622325897217 0.16500046849250793
v -0.0072571211494505405 -0.02392350323498249 0.16500046849250793
v -0.00956708937883377 -0.023096978664398193 0.16500046849250793
v -0.011784922331571579 -0.022048022598028183 0.16500046849250793
v -0.013889259658753872 -0.02078673057258129 0.16500046849250793
v -0.01585983671247959 -0.019325250759720802 0.16500046849250793
v -0.017677675932645798 -0.017677661031484604 0.16500046849250793
v -0.019325267523527145 -0.015859827399253845 0.16500046849250793
v -0.020786745473742485 -0.013889248482882977 0.16500046849250793
v -0.022048037499189377 -0.011784911155700684 0.16500046849250793
v -0.023096993565559387 -0.009567078202962875 0.16500046849250793
v -0.023923516273498535 -0.0072571090422570705 0.16500046849250793
v -0.02451963722705841 -0.004877250641584396 0.16500046849250793
v -0.02487962506711483 -0.002450420521199703 0.16500046849250793
v -0.03000004030764103 -1.0966844321558256e-08 0.04000047594308853
v -0.029855581000447273 0.002940503414720297 0.04000047594308853
v -0.02942359633743763 0.005852699279785156 0.04000047594308853
v -0.02870824933052063 0.008708530105650425 0.04000047594308853
v -0.02771642431616783 0.011480494402348995 0.04000047221779823
v -0.02645767666399479 0.014141892082989216 0.04000047221779823
v -0.02494412660598755 0.016667095944285393 0.04000045731663704
v -0.02319035306572914 0.019031789153814316 0.04000045731663704
v -0.021213242784142494 0.021213196218013763 0.04000045731663704
v -0.019031839445233345 0.02319030463695526 0.04000045731663704
v -0.01666714809834957 0.024944080039858818 0.04000045731663704
v -0.014141940511763096 0.02645763009786606 0.04000045731663704
v -0.011480542831122875 0.02771637588739395 0.04000045731663704
v -0.008708578534424305 0.02870820090174675 0.04000045731663704
v -0.0058527495712041855 0.0294235497713089 0.04000045359134674
v -0.0029405534733086824 0.029855532571673393 0.04000045359134674
v -3.9311153443577496e-08 0.02999999187886715 0.04000045359134674
v 0.0029404754750430584 0.029855532571673393 0.04000045359134674
v 0.005852670408785343 0.0294235497713089 0.04000045359134674
v 0.008708502165973186 0.02870820090174675 0.04000045731663704
v 0.011480466462671757 0.02771637588739395 0.04000045731663704
v 0.014141864143311977 0.02645763009786606 0.04000045731663704
v 0.016667068004608154 0.024944080039858818 0.04000045731663704
v 0.019031759351491928 0.02319030463695526 0.04000045731663704
v 0.021213166415691376 0.021213194355368614 0.04000045731663704
v 0.023190276697278023 0.019031792879104614 0.04000045731663704
v 0.02494405023753643 0.01666709966957569 0.04000045731663704
v 0.02645760029554367 0.014141893945634365 0.04000045731663704
v 0.027716347947716713 0.011480496264994144 0.04000045731663704
v 0.02870817296206951 0.008708531968295574 0.04000046104192734
v 0.02942351996898651 0.005852701608091593 0.040000446140766144
v 0.029855504631996155 0.0029405062086880207 0.040000446140766144
v 0.02999996393918991 -8.344165358664668e-09 0.040000446140766144
v 0.029855504631996155 -0.00294052273966372 0.040000446140766144
v 0.02942351996898651 -0.005852718837559223 0.040000446140766144
v 0.02870817296206951 -0.008708548732101917 0.040000446140766144
v 0.027716347947716713 -0.011480513028800488 0.04000044986605644
v 0.02645760029554367 -0.014141911640763283 0.04000044986605644
v 0.02494405023753643 -0.016667114570736885 0.040000464767217636
v 0.023190276697278023 -0.019031807780265808 0.040000464767217636
v 0.021213166415691376 -0.021213214844465256 0.040000464767217636
v 0.019031763076782227 -0.023190323263406754 0.040000464767217636
v 0.016667071729898453 -0.02494409866631031 0.040000464767217636
v 0.014141866005957127 -0.02645764872431755 0.040000464767217636
v 0.011480468325316906 -0.027716396376490593 0.040000464767217636
v 0.008708504028618336 -0.02870822139084339 0.040000464767217636
v 0.005852673202753067 -0.02942356839776039 0.040000468492507935
v 0.002940477803349495 -0.029855553060770035 0.040000468492507935
v -3.668847270432707e-08 -0.03000001050531864 0.040000468492507935
v -0.002940551145002246 -0.029855553060770035 0.040000468492507935
v -0.005852746777236462 -0.02942356839776039 0.040000468492507935
v -0.008708576671779156 -0.02870822139084339 0.040000464767217636
v -0.011480540968477726 -0.027716396376490593 0.040000464767217636
v -0.014141938649117947 -0.02645764872431755 0.040000464767217636
v -0.016667144373059273 -0.02494409866631031 0.040000464767217636
v -0.019031835719943047 -0.023190323263406754 0.040000464767217636
v -0.021213242784142494 -0.021213212981820107 0.040000464767217636
v -0.02319035306572914 -0.019031811505556107 0.040000464767217636
v -0.02494412660598755 -0.016667118296027184 0.040000464767217636
v -0.02645767666399479 -0.014141913503408432 0.040000464767217636
v -0.02771642431616783 -0.011480514891445637 0.040000464767217636
v -0.02870824933052063 -0.008708550594747066 0.04000046104192734
v -0.02942359633743763 -0.00585272116586566 0.04000047594308853
v -0.029855581000447273 -0.002940525533631444 0.04000047594308853
v -0.025000039488077164 -1.0748290257822646e-08 0.04000046104192734
v -0.024879656732082367 0.002450417960062623 0.04000046104192734
v -0.024519668892025948 0.004877247381955385 0.04000046104192734
v -0.02392354980111122 0.007257106248289347 0.04000046104192734
v -0.023097025230526924 0.009567076340317726 0.04000046104192734
v -0.022048069164156914 0.011784909293055534 0.04000045731663704
v -0.02078677900135517 0.013889246620237827 0.04000045731663704
v -0.019325299188494682 0.015859823673963547 0.04000045731663704
v -0.017677707597613335 0.017677661031484604 0.04000045731663704
v -0.015859872102737427 0.019325250759720802 0.04000045731663704
v -0.013889295049011707 0.02078673057258129 0.04000045731663704
v -0.011784957721829414 0.022048022598028183 0.04000045731663704
v -0.009567124769091606 0.023096978664398193 0.04000045731663704
v -0.007257156074047089 0.02392350137233734 0.04000045731663704
v -0.0048772976733744144 0.024519622325897217 0.04000045731663704
v -0.002450467785820365 0.024879610165953636 0.04000045731663704
v -3.9092597603485046e-08 0.024999991059303284 0.04000045731663704
v 0.0024503895547240973 0.024879610165953636 0.04000045731663704
v 0.004877219442278147 0.024519622325897217 0.04000045731663704
v 0.007257077842950821 0.02392350323498249 0.04000045731663704
v 0.009567048400640488 0.023096978664398193 0.04000045731663704
v 0.011784881353378296 0.022048022598028183 0.04000045731663704
v 0.013889218680560589 0.02078673057258129 0.04000045731663704
v 0.01585979573428631 0.019325250759720802 0.04000045731663704
v 0.017677633091807365 0.017677661031484604 0.04000045731663704
v 0.019325222820043564 0.015859825536608696 0.04000045731663704
v 0.020786702632904053 0.013889248482882977 0.04000045731663704
v 0.022047994658350945 0.011784911155700684 0.04000045731663704
v 0.023096948862075806 0.009567078202962875 0.04000046104192734
v 0.023923473432660103 0.007257108576595783 0.04000046104192734
v 0.02451959252357483 0.0048772492446005344 0.04000046104192734
v 0.02487958036363125 0.0024504202883690596 0.04000046104192734
v 0.024999963119626045 -8.562719422400278e-09 0.04000046104192734
v 0.02487958036363125 -0.0024504370521754026 0.04000046104192734
v 0.02451959252357483 -0.0048772674053907394 0.04000046104192734
v 0.023923473432660103 -0.007257125806063414 0.04000046104192734
v 0.023096948862075806 -0.009567094966769218 0.04000046104192734
v 0.022047994658350945 -0.011784927919507027 0.040000464767217636
v 0.020786702632904053 -0.013889266178011894 0.040000464767217636
v 0.019325222820043564 -0.01585984230041504 0.040000464767217636
v 0.017677633091807365 -0.017677679657936096 0.040000464767217636
v 0.015859797596931458 -0.019325271248817444 0.040000464767217636
v 0.013889220543205738 -0.020786749199032784 0.040000464767217636
v 0.011784883216023445 -0.022048041224479675 0.040000464767217636
v 0.009567050263285637 -0.023096997290849686 0.040000464767217636
v 0.0072570801712572575 -0.023923518136143684 0.040000464767217636
v 0.004877221304923296 -0.02451964095234871 0.040000464767217636
v 0.002450391883030534 -0.02487962879240513 0.040000464767217636
v -3.690702854441952e-08 -0.025000011548399925 0.040000464767217636
v -0.0024504652246832848 -0.02487962879240513 0.040000464767217636
v -0.004877295810729265 -0.02451964095234871 0.040000464767217636
v -0.007257154211401939 -0.023923519998788834 0.040000464767217636
v -0.009567122906446457 -0.023096997290849686 0.040000464767217636
v -0.011784955859184265 -0.022048041224479675 0.040000464767217636
v -0.013889293186366558 -0.020786749199032784 0.040000464767217636
v -0.015859870240092278 -0.019325271248817444 0.040000464767217636
v -0.017677707597613335 -0.017677679657936096 0.040000464767217636
v -0.019325299188494682 -0.01585984416306019 0.040000464767217636
v -0.02078677900135517 -0.013889268040657043 0.040000464767217636
v -0.022048069164156914 -0.011784929782152176 0.040000464767217636
v -0.023097025230526924 -0.009567096829414368 0.04000046104192734
v -0.02392354980111122 -0.00725712813436985 0.04000046104192734
v -0.024519668892025948 -0.004877269268035889 0.04000046104192734
v -0.024879656732082367 -0.002450439380481839 0.04000046104192734
v -0.009999969974160194 2.4723924241243367e-08 0.22700048983097076
v -0.010000063106417656 -1.5493341054551024e-09 0.14000046253204346
v -0.009951816871762276 -0.0009801466949284077 0.22700048983097076
v -0.009951910935342312 -0.0009801730047911406 0.14000046253204346
v -0.009807823225855827 -0.0019508786499500275 0.22700048983097076
v -0.009807917289435863 -0.0019509048433974385 0.14000046253204346
v -0.009569374844431877 -0.002902821870520711 0.22700048983097076
v -0.009569467976689339 -0.002902848180383444 0.14000046253204346
v -0.009238766506314278 -0.003826810047030449 0.22700048983097076
v -0.00923885963857174 -0.003826836356893182 0.14000046253204346
v -0.008819183334708214 -0.004713943228125572 0.22700048983097076
v -0.00881927739828825 -0.0047139693051576614 0.14000046253204346
v -0.008314668200910091 -0.005555678158998489 0.22700048983097076
v -0.008314761333167553 -0.005555704236030579 0.14000046253204346
v -0.007730076555162668 -0.006343909539282322 0.22700048983097076
v -0.00773016968742013 -0.0063439360819756985 0.14000046253204346
v -0.007071040570735931 -0.00707104429602623 0.22700048983097076
v -0.007071133702993393 -0.007071070838719606 0.14000046253204346
v -0.0063439058139920235 -0.007730082143098116 0.22700048983097076
v -0.006343998946249485 -0.007730108220130205 0.14000046253204346
v -0.0055556753650307655 -0.008314673788845539 0.22700048983097076
v -0.005555768497288227 -0.008314699865877628 0.14000046253204346
v -0.004713940434157848 -0.008819189853966236 0.22700047492980957
v -0.00471403356641531 -0.00881921499967575 0.14000046253204346
v -0.0038268074858933687 -0.009238773956894875 0.22700047492980957
v -0.0038269006181508303 -0.00923879910260439 0.14000046253204346
v -0.0029028193093836308 -0.0095693813636899 0.22700047492980957
v -0.0029029124416410923 -0.009569406509399414 0.14000046253204346
v -0.0019508760888129473 -0.009807830676436424 0.22700047492980957
v -0.0019509694539010525 -0.009807855822145939 0.14000046253204346
v -0.0009801443666219711 -0.009951826184988022 0.22700047492980957
v -0.0009802374988794327 -0.009951851330697536 0.14000046253204346
v 2.7088024268095978e-08 -0.00999997928738594 0.22700047492980957
v -6.61234622612028e-08 -0.010000004433095455 0.14000046253204346
v 0.0009801986161619425 -0.009951826184988022 0.22700047492980957
v 0.000980105483904481 -0.009951852262020111 0.14000046253204346
v 0.0019509304547682405 -0.009807833470404148 0.22700047492980957
v 0.0019508370896801353 -0.009807858616113663 0.14000046253204346
v 0.0029028740245848894 -0.009569384157657623 0.22700047492980957
v 0.002902780892327428 -0.009569410234689713 0.14000046253204346
v 0.0038268622010946274 -0.00923877488821745 0.22700047492980957
v 0.003826769068837166 -0.009238800033926964 0.14000046253204346
v 0.004713994916528463 -0.00881919264793396 0.22700047492980957
v 0.004713901784271002 -0.008819217793643475 0.14000046253204346
v 0.0055557298474013805 -0.008314676582813263 0.22700047492980957
v 0.005555636715143919 -0.008314702659845352 0.14000046253204346
v 0.006343961227685213 -0.0077300844714045525 0.22700047492980957
v 0.0063438680954277515 -0.007730111014097929 0.14000046253204346
v 0.007071095984429121 -0.007071048021316528 0.22700047492980957
v 0.0070710028521716595 -0.007071075029671192 0.14000046253204346
v 0.0077301329001784325 -0.00634391326457262 0.22700046002864838
v 0.007730039767920971 -0.006343940272927284 0.14000046253204346
v 0.008314725011587143 -0.00555568328127265 0.22700046002864838
v 0.008314631879329681 -0.005555709823966026 0.14000046253204346
v 0.00881924107670784 -0.004713948350399733 0.22700046002864838
v 0.008819147944450378 -0.004713974893093109 0.14000046253204346
v 0.009238825179636478 -0.0038268156349658966 0.22700046002864838
v 0.009238732047379017 -0.003826841711997986 0.14000046253204346
v 0.009569433517754078 -0.0029028274584561586 0.22700046002864838
v 0.009569340385496616 -0.002902853535488248 0.14000046253204346
v 0.009807882830500603 -0.0019508841214701533 0.22700046002864838
v 0.009807789698243141 -0.0019509103149175644 0.14000046253204346
v 0.0099518783390522 -0.0009801523992791772 0.22700046002864838
v 0.009951784275472164 -0.0009801785927265882 0.14000046253204346
v 0.010000031441450119 1.9081312530033756e-08 0.22700046002864838
v 0.009999937377870083 -7.191932382966115e-09 0.14000046253204346
v 0.0099518783390522 0.0009801905835047364 0.22700046002864838
v 0.009951784275472164 0.0009801643900573254 0.14000046253204346
v 0.009807884693145752 0.0019509224221110344 0.22700046002864838
v 0.00980779156088829 0.0019508962286636233 0.14000046253204346
v 0.009569435380399227 0.002902866108343005 0.22700046002864838
v 0.009569342248141766 0.0029028397984802723 0.14000046253204346
v 0.009238827042281628 0.003826854284852743 0.22700046002864838
v 0.009238733910024166 0.0038268279749900103 0.14000046253204346
v 0.008819244801998138 0.004713986534625292 0.22700046002864838
v 0.008819151669740677 0.004713960457593203 0.14000046253204346
v 0.008314728736877441 0.005555721465498209 0.22700046002864838
v 0.00831463560461998 0.00555569538846612 0.14000046253204346
v 0.007730135694146156 0.006343953311443329 0.22700046002864838
v 0.007730043027549982 0.006343926768749952 0.14000046253204346
v 0.0070710997097194195 0.007071088068187237 0.22700046002864838
v 0.007071006577461958 0.00707106152549386 0.14000046253204346
v 0.0063439649529755116 0.0077301254495978355 0.22700046002864838
v 0.00634387182071805 0.007730098441243172 0.14000046253204346
v 0.005555734504014254 0.008314716629683971 0.22700046002864838
v 0.005555641371756792 0.008314690552651882 0.14000046253204346
v 0.0047139995731413364 0.008819232694804668 0.22700047492980957
v 0.004713906440883875 0.00881920661777258 0.14000046253204346
v 0.0038268675561994314 0.009238816797733307 0.22700047492980957
v 0.0038267741911113262 0.009238790720701218 0.14000046253204346
v 0.0029028793796896935 0.009569424204528332 0.22700047492980957
v 0.002902786247432232 0.009569398127496243 0.14000046253204346
v 0.0019509359262883663 0.009807873517274857 0.22700047492980957
v 0.0019508425612002611 0.009807847440242767 0.14000046253204346
v 0.0009802042040973902 0.00995186809450388 0.22700047492980957
v 0.0009801110718399286 0.009951842948794365 0.14000046253204346
v 3.273062532116455e-08 0.010000021196901798 0.22700047492980957
v -6.048085765542055e-08 0.009999996982514858 0.14000046253204346
v -0.0009801387786865234 0.00995186809450388 0.22700047492980957
v -0.000980231910943985 0.00995184388011694 0.14000046253204346
v -0.0019508706172928214 0.00980787631124258 0.22700047492980957
v -0.0019509639823809266 0.009807850234210491 0.14000046253204346
v -0.0029028139542788267 0.009569426998496056 0.22700047492980957
v -0.002902907319366932 0.009569400921463966 0.14000046253204346
v -0.0038268021307885647 0.009238817729055882 0.22700047492980957
v -0.00382689549587667 0.009238791652023792 0.14000046253204346
v -0.004713935777544975 0.008819235488772392 0.22700047492980957
v -0.0047140284441411495 0.008819209411740303 0.14000046253204346
v -0.0055556707084178925 0.008314719423651695 0.22700047492980957
v -0.005555763375014067 0.00831469427794218 0.14000046253204346
v -0.006343902088701725 0.007730127777904272 0.22700047492980957
v -0.006343994755297899 0.007730101700872183 0.14000046253204346
v -0.007071036845445633 0.007071091793477535 0.22700047492980957
v -0.007071129512041807 0.007071065250784159 0.14000046253204346
v -0.007730073761194944 0.006343957036733627 0.22700048983097076
v -0.007730166893452406 0.006343930494040251 0.14000046253204346
v -0.008314664475619793 0.005555726587772369 0.22700048983097076
v -0.008314757607877254 0.00555570051074028 0.14000046253204346
v -0.008819179609417915 0.004713991656899452 0.22700048983097076
v -0.008819273672997952 0.004713965579867363 0.14000046253204346
v -0.009238764643669128 0.003826859639957547 0.22700048983097076
v -0.00923885777592659 0.0038268333300948143 0.14000046253204346
v -0.009569372981786728 0.0029028714634478092 0.22700048983097076
v -0.00956946611404419 0.00290284538641572 0.14000046253204346
v -0.009807821363210678 0.0019509278936311603 0.22700048983097076
v -0.009807915426790714 0.0019509017001837492 0.14000046253204346
v -0.009951816871762276 0.000980196287855506 0.22700048983097076
v -0.009951910935342312 0.000980169977992773 0.14000046253204346
v -0.014999969862401485 2.613457183997525e-08 0.22700048983097076
v -0.015000063925981522 -1.3867680614954025e-10 0.14000049233436584
v -0.014927742071449757 -0.0014702309854328632 0.22700048983097076
v -0.014927835203707218 -0.0014702572952955961 0.14000049233436584
v -0.014711749739944935 -0.0029263286851346493 0.22700048983097076
v -0.014711842872202396 -0.002926354994997382 0.14000049233436584
v -0.014354076236486435 -0.004354244098067284 0.22700048983097076
v -0.014354169368743896 -0.00435427064076066 0.14000047743320465
v -0.01385816466063261 -0.005740226712077856 0.22700048983097076
v -0.013858257792890072 -0.005740253254771233 0.14000047743320465
v -0.013228789903223515 -0.007070926018059254 0.22700048983097076
v -0.013228883035480976 -0.007070952095091343 0.14000047743320465
v -0.012472016736865044 -0.008333530277013779 0.22700048983097076
v -0.01247211080044508 -0.008333555422723293 0.14000046253204346
v -0.01159512996673584 -0.009515875950455666 0.22700048983097076
v -0.011595223098993301 -0.009515902027487755 0.14000046253204346
v -0.010606575757265091 -0.010606576688587666 0.22700048983097076
v -0.010606668889522552 -0.01060660183429718 0.14000046253204346
v -0.009515872225165367 -0.011595132760703564 0.22700048983097076
v -0.009515966288745403 -0.011595157906413078 0.14000046253204346
v -0.008333525620400906 -0.012472019530832767 0.22700048983097076
v -0.008333619683980942 -0.012472045607864857 0.14000046253204346
v -0.007070925552397966 -0.013228795491158962 0.22700048983097076
v -0.007071018684655428 -0.013228820636868477 0.14000046253204346
v -0.005740226712077856 -0.013858170248568058 0.22700047492980957
v -0.00574031937867403 -0.013858196325600147 0.14000046253204346
v -0.004354245029389858 -0.014354083687067032 0.22700047492980957
v -0.0043543376959860325 -0.014354109764099121 0.14000046253204346
v -0.0029263291507959366 -0.014711756259202957 0.22700047492980957
v -0.002926422283053398 -0.014711782336235046 0.14000046253204346
v -0.0014702315675094724 -0.014927748590707779 0.22700047492980957
v -0.0014703249325975776 -0.014927773736417294 0.14000046253204346
v 2.5677373116650415e-08 -0.014999980106949806 0.22700047492980957
v -6.753410275450733e-08 -0.015000004321336746 0.14000046253204346
v 0.001470282906666398 -0.014927751384675503 0.22700047492980957
v 0.0014701895415782928 -0.014927777461707592 0.14000046253204346
v 0.0029263810720294714 -0.014711759053170681 0.22700047492980957
v 0.002926287706941366 -0.01471178513020277 0.14000046253204346
v 0.0043542953208088875 -0.014354084618389606 0.22700047492980957
v 0.004354202654212713 -0.014354110695421696 0.14000046253204346
v 0.00574027793481946 -0.013858173042535782 0.22700047492980957
v 0.005740185268223286 -0.013858199119567871 0.14000046253204346
v 0.0070709772408008575 -0.01322879921644926 0.22700047492980957
v 0.007070884108543396 -0.013228824362158775 0.14000046253204346
v 0.008333581499755383 -0.01247202605009079 0.22700046002864838
v 0.008333488367497921 -0.012472052127122879 0.14000046253204346
v 0.009515928104519844 -0.011595139279961586 0.22700046002864838
v 0.009515834040939808 -0.0115951644256711 0.14000046253204346
v 0.010606628842651844 -0.010606585070490837 0.22700046002864838
v 0.010606535710394382 -0.010606611147522926 0.14000046253204346
v 0.011595184914767742 -0.009515880607068539 0.22700046002864838
v 0.01159509178251028 -0.009515906684100628 0.14000046253204346
v 0.01247207261621952 -0.008333534933626652 0.22700046002864838
v 0.012471978552639484 -0.008333560079336166 0.14000046253204346
v 0.013228846713900566 -0.007070933002978563 0.22700046002864838
v 0.013228753581643105 -0.007070960011333227 0.14000044763088226
v 0.013858221471309662 -0.005740234162658453 0.22700046002864838
v 0.0138581283390522 -0.0057402607053518295 0.14000044763088226
v 0.014354134909808636 -0.004354252479970455 0.22700046002864838
v 0.014354041777551174 -0.004354279022663832 0.14000044763088226
v 0.01471180934458971 -0.002926337067037821 0.22700046002864838
v 0.014711715281009674 -0.0029263633769005537 0.14000044763088226
v 0.014927800744771957 -0.0014702396001666784 0.22700046002864838
v 0.014927707612514496 -0.0014702657936140895 0.14000043272972107
v 0.01500003132969141 1.767066493130187e-08 0.22700046002864838
v 0.014999938197433949 -8.602589751660616e-09 0.14000043272972107
v 0.014927802607417107 0.001470274874009192 0.22700046002864838
v 0.014927709475159645 0.001470248680561781 0.14000043272972107
v 0.01471181120723486 0.0029263729229569435 0.22700046002864838
v 0.014711717143654823 0.0029263466130942106 0.14000043272972107
v 0.014354136772453785 0.0043542878702282906 0.22700046002864838
v 0.014354043640196323 0.004354261327534914 0.14000044763088226
v 0.01385822519659996 0.005740270484238863 0.22700046002864838
v 0.013858132064342499 0.005740243475884199 0.14000044763088226
v 0.01322885137051344 0.007070969324558973 0.22700046002864838
v 0.013228757306933403 0.007070942781865597 0.14000044763088226
v 0.012472078204154968 0.008333573117852211 0.22700046002864838
v 0.012471984140574932 0.008333547040820122 0.14000046253204346
v 0.01159519050270319 0.009515918791294098 0.22700046002864838
v 0.011595097370445728 0.009515893645584583 0.14000046253204346
v 0.010606636293232441 0.010606619529426098 0.22700046002864838
v 0.01060654316097498 0.010606593452394009 0.14000046253204346
v 0.009515933692455292 0.011595175601541996 0.22700046002864838
v 0.009515839628875256 0.011595149524509907 0.14000046253204346
v 0.00833358708769083 0.0124720623716712 0.22700046002864838
v 0.008333493955433369 0.012472037225961685 0.14000046253204346
v 0.0070709846913814545 0.01322883740067482 0.22700046002864838
v 0.007070891559123993 0.01322881318628788 0.14000046253204346
v 0.005740285851061344 0.01385821308940649 0.22700047492980957
v 0.005740192718803883 0.013858187012374401 0.14000046253204346
v 0.004354304168373346 0.014354126527905464 0.22700047492980957
v 0.004354211036115885 0.014354100450873375 0.14000046253204346
v 0.0029263892211019993 0.01471179910004139 0.22700047492980957
v 0.002926295856013894 0.014711773954331875 0.14000046253204346
v 0.0014702914049848914 0.014927791431546211 0.22700047492980957
v 0.001470198156312108 0.014927765354514122 0.14000046253204346
v 3.414127291989644e-08 0.015000022016465664 0.22700047492980957
v -5.907020650397499e-08 0.01499999687075615 0.14000046253204346
v -0.001470223069190979 0.014927794225513935 0.22700047492980957
v -0.0014703163178637624 0.014927768148481846 0.14000046253204346
v -0.0029263210017234087 0.014711801894009113 0.22700047492980957
v -0.0029264141339808702 0.014711776748299599 0.14000046253204346
v -0.004354236181825399 0.014354127459228039 0.22700047492980957
v -0.004354329314082861 0.014354102313518524 0.14000046253204346
v -0.005740218795835972 0.013858215883374214 0.22700047492980957
v -0.005740311928093433 0.013858189806342125 0.14000046253204346
v -0.0070709181018173695 0.013228841125965118 0.22700047492980957
v -0.007071010768413544 0.013228816911578178 0.14000046253204346
v -0.008333520032465458 0.012472069822251797 0.22700048983097076
v -0.008333614096045494 0.012472043745219707 0.14000046253204346
v -0.00951586663722992 0.011595182120800018 0.22700048983097076
v -0.009515959769487381 0.011595156043767929 0.14000046253204346
v -0.010606568306684494 0.01060662791132927 0.22700048983097076
v -0.010606661438941956 0.01060660183429718 0.14000046253204346
v -0.011595123447477818 0.009515924379229546 0.22700048983097076
v -0.011595217511057854 0.009515898302197456 0.14000046253204346
v -0.012472011148929596 0.008333577774465084 0.22700048983097076
v -0.012472104281187057 0.008333551697432995 0.14000046253204346
v -0.013228786177933216 0.00707097677513957 0.22700048983097076
v -0.013228879310190678 0.007070950232446194 0.14000047743320465
v -0.013858160935342312 0.00574027793481946 0.22700048983097076
v -0.013858254067599773 0.005740251392126083 0.14000047743320465
v -0.014354074373841286 0.004354296252131462 0.22700048983097076
v -0.014354167506098747 0.0043542697094380856 0.14000047743320465
v -0.014711747877299786 0.002926381304860115 0.22700048983097076
v -0.014711841009557247 0.002926354994997382 0.14000047743320465
v -0.014927740208804607 0.0014702834887430072 0.22700048983097076
v -0.014927833341062069 0.0014702570624649525 0.14000049233436584
v 0.009238800033926964 -0.003826822154223919 0.20882730185985565
v 0.009238804690539837 0.0038268493954092264 0.20882730185985565
v 0.009238798171281815 -0.01180066354572773 0.20882730185985565
v 0.009238806553184986 0.011800686828792095 0.20882730185985565
v 0.009569410234689713 -0.0029028302524238825 0.20790331065654755
v 0.009569412097334862 0.0029028644785284996 0.20790331065654755
v 0.00956940557807684 -0.011546660214662552 0.20790331065654755
v 0.009515907615423203 -0.011595144867897034 0.2080528289079666
v 0.009569414891302586 0.011546679772436619 0.20790331065654755
v 0.00951591320335865 0.011595170013606548 0.2080528289079666
v -0.005555705167353153 -0.01392421405762434 0.1966857761144638
v -0.005740258377045393 -0.01385817863047123 0.1968226432800293
v -0.005555702373385429 -0.008314683102071285 0.1966857761144638
v -0.005555693060159683 0.013924241997301579 0.1966857761144638
v -0.005740251392126083 0.013858207501471043 0.1968226581811905
v -0.005555695854127407 0.008314710110425949 0.1966857761144638
v -0.006343935150653124 -0.013572662137448788 0.19727036356925964
v -0.0063439323566854 -0.007730092387646437 0.19727036356925964
v -0.0063439239747822285 0.0135726910084486 0.19727036356925964
v -0.006343926768749952 0.00773012125864625 0.19727036356925964
v 0.008819215930998325 -0.004713952541351318 0.20971442759037018
v 0.008819214068353176 -0.012111850082874298 0.20971442759037018
v 0.008819221518933773 0.004713982343673706 0.20971442759037018
v 0.008819222450256348 0.012111871503293514 0.20971442759037018
v -0.0070710694417357445 -0.01322874054312706 0.19792941212654114
v -0.007070956751704216 -0.013228803873062134 0.1979292929172516
v -0.007071066647768021 -0.007071056868880987 0.19792941212654114
v -0.007071058265864849 0.013228768482804298 0.19792941212654114
v -0.0070709483698010445 0.013228831812739372 0.1979292929172516
v -0.007071061059832573 0.007071083411574364 0.19792941212654114
v 0.0077301026321947575 -0.01283371914178133 0.19865652918815613
v 0.007730105891823769 -0.006343922112137079 0.19865652918815613
v 0.007730110548436642 0.006343944929540157 0.19865652918815613
v 0.007730113808065653 0.01283374335616827 0.19865652918815613
v 0.008314695209264755 -0.012483336962759495 0.1994447559118271
v 0.008314697071909904 -0.0055556874722242355 0.1994447559118271
v 0.008314702659845352 0.0055557116866111755 0.1994447559118271
v 0.008314704522490501 0.012483355589210987 0.1994447559118271
v 0.009238798171281815 -0.003826824016869068 0.20117361843585968
v 0.009238802827894688 0.003826847532764077 0.20117361843585968
v 0.009238796308636665 -0.011800662614405155 0.20117361843585968
v 0.009238805621862411 0.011800682172179222 0.20117361843585968
v 0.007730107754468918 -0.012833718210458755 0.2113444060087204
v 0.007730110548436642 -0.006343918852508068 0.2113444060087204
v 0.007730115205049515 0.0063439481891691685 0.2113444060087204
v 0.007730118464678526 0.012833756394684315 0.2113444060087204
v 0.008314700797200203 -0.012483333237469196 0.21055616438388824
v 0.008314702659845352 -0.005555684212595224 0.21055616438388824
v 0.0083147082477808 0.005555714946240187 0.21055616438388824
v 0.008314710110425949 0.012483364902436733 0.21055616438388824
v 0.009951853193342686 -0.0009801590349525213 0.20402029156684875
v 0.009951848536729813 -0.011200030334293842 0.20402029156684875
v 0.009951853193342686 0.000980183482170105 0.20402029156684875
v 0.009951857849955559 0.011200048960745335 0.20402029156684875
v 0.008333563804626465 -0.012472030706703663 0.21052469313144684
v 0.008333570323884487 0.012472058646380901 0.21052469313144684
v 0.00833355076611042 -0.012472033500671387 0.1994762271642685
v 0.008333556354045868 0.012472054921090603 0.1994762122631073
v 0.008819214068353176 -0.0047139558009803295 0.20028649270534515
v 0.008819212205708027 -0.012111839838325977 0.20028649270534515
v 0.008819219656288624 0.004713979549705982 0.20028649270534515
v 0.008819221518933773 0.012111865915358067 0.20028649270534515
v 0.009951853193342686 -0.000980158569291234 0.20598062872886658
v 0.009951848536729813 -0.011200029402971268 0.20598062872886658
v 0.009951853193342686 0.0009801839478313923 0.20598062872886658
v 0.009951857849955559 0.011200052686035633 0.20598062872886658
v 0.010000002570450306 -0.011156385764479637 0.20500046014785767
v 0.010000006295740604 1.2437507912466117e-08 0.20500046014785767
v 0.010000010021030903 0.01115640439093113 0.20500046014785767
v 0.009807861410081387 0.0019509178819134831 0.20695136487483978
v 0.009807859547436237 -0.0019508880795910954 0.20695136487483978
v 0.009807856753468513 -0.011330539360642433 0.20695136487483978
v 0.00980786420404911 0.011330557987093925 0.20695136487483978
v 0.009569408372044563 -0.0029028316494077444 0.20209762454032898
v 0.009569410234689713 0.0029028630815446377 0.20209762454032898
v 0.00956940371543169 -0.011546657420694828 0.20209762454032898
v 0.009569413959980011 0.011546671390533447 0.20209762454032898
v 0.009807857684791088 0.0019509169505909085 0.20304955542087555
v 0.009807855822145939 -0.0019508891273289919 0.20304955542087555
v 0.00980785209685564 -0.011330535635352135 0.20304957032203674
v 0.009807861410081387 0.011330556124448776 0.20304955542087555
v 0.009515900164842606 -0.011595145799219608 0.20194807648658752
v 0.009515905752778053 0.011595169082283974 0.20194807648658752
v 0.001950906473211944 -0.014856453984975815 0.21480831503868103
v 0.0014702784828841686 0.014927789568901062 0.2148796170949936
v 0.001950919278897345 0.014856494963169098 0.21480831503868103
v 0.0019509169505909085 0.009807874448597431 0.21480831503868103
v 0.0019509089179337025 -0.009807836264371872 0.21480831503868103
v 0.0009801751002669334 -0.014951824210584164 0.21495230495929718
v 0.0014702699845656753 -0.014927753247320652 0.2148796170949936
v 0.0009801876731216908 0.014951868914067745 0.21495230495929718
v 0.0009801855776458979 0.009951864369213581 0.21495230495929718
v 0.0009801771957427263 -0.009951828047633171 0.21495230495929718
v 0.007071065716445446 -0.013228731229901314 0.19792939722537994
v 0.007071074564009905 0.007071079686284065 0.19792939722537994
v 0.00707106851041317 -0.007071060594171286 0.19792939722537994
v 0.007071077357977629 0.013228751718997955 0.19792939722537994
v -0.0009801656706258655 -0.009951828047633171 0.21495230495929718
v -0.0009801677661016583 -0.014951820485293865 0.21495230495929718
v -0.001470244606025517 -0.014927751384675503 0.2148796170949936
v -0.000980155193246901 0.014951868914067745 0.21495230495929718
v -0.000980157288722694 0.009951864369213581 0.21495230495929718
v -0.0019508997211232781 -0.014856452122330666 0.21480832993984222
v -0.0019508973928168416 -0.009807834401726723 0.21480832993984222
v -0.001950887031853199 0.014856494031846523 0.21480831503868103
v -0.0019508893601596355 0.00980787631124258 0.21480831503868103
v 5.688399085101992e-09 -0.00999998115003109 0.2150004655122757
v 3.5912803841853247e-09 -0.014999981969594955 0.2150004655122757
v 1.617399725262203e-08 0.015000022016465664 0.2150004655122757
v 1.407687477694708e-08 0.01000001560896635 0.2150004655122757
v -0.0014702359912917018 0.014927791431546211 0.2148796170949936
v -0.0038268351927399635 -0.00923878327012062 0.19576166570186615
v -0.0038268375210464 -0.014486211352050304 0.19576166570186615
v -0.0038268256466835737 0.014486237429082394 0.19576166570186615
v -0.003826827509328723 0.009238812141120434 0.19576166570186615
v -0.004354269243776798 0.014354119077324867 0.19601112604141235
v -0.004713963717222214 -0.014225373975932598 0.213819682598114
v -0.00471396092325449 -0.008819191716611385 0.213819682598114
v -0.0047139511443674564 0.014225421473383904 0.213819682598114
v -0.004354250151664019 0.01435412373393774 0.21398980915546417
v -0.004713954403996468 0.008819231763482094 0.213819682598114
v -0.0029028498101979494 -0.014715258963406086 0.19543106853961945
v -0.0029263629112392664 -0.014711766503751278 0.19543947279453278
v -0.0029028477147221565 -0.009569392539560795 0.19543106853961945
v -0.0029028374701738358 0.014715281315147877 0.19543106853961945
v -0.0029263547621667385 0.014711791649460793 0.19543947279453278
v -0.0029028395656496286 0.00956941768527031 0.19543106853961945
v -0.005555698648095131 -0.013924202881753445 0.21331515908241272
v -0.005555695854127407 -0.008314678445458412 0.21331515908241272
v -0.005555686075240374 0.013924244791269302 0.21331515908241272
v -0.005555689334869385 0.008314716629683971 0.21331515908241272
v -0.005740240681916475 -0.013858173042535782 0.21317830681800842
v -0.005740233231335878 0.013858212158083916 0.21317829191684723
v 0.002926347078755498 -0.014711770229041576 0.19543947279453278
v 0.0029028430581092834 -0.014715253375470638 0.19543106853961945
v 0.002926355227828026 0.014711788855493069 0.19543947279453278
v 0.0029028556309640408 0.014715272933244705 0.19543106853961945
v 0.0029028533026576042 0.009569414891302586 0.19543106853961945
v 0.00290284538641572 -0.009569395333528519 0.19543106853961945
v 0.005555698648095131 -0.013924211263656616 0.1966857761144638
v 0.005740245804190636 -0.013858183287084103 0.1968226432800293
v 0.005555710755288601 0.013924232684075832 0.1966857761144638
v 0.005740253254771233 0.013858203776180744 0.1968226283788681
v 0.005555708426982164 0.0083147082477808 0.1966857761144638
v 0.005555701442062855 -0.008314686827361584 0.1966857761144638
v 0.0038268317002803087 -0.014486209489405155 0.19576166570186615
v 0.003826844273135066 0.014486228115856647 0.19576166570186615
v 0.003826834261417389 -0.00923878513276577 0.19576166570186615
v 0.003826841711997986 0.009238810278475285 0.19576166570186615
v 0.004713963717222214 -0.014225387945771217 0.1961812525987625
v 0.004713976290076971 0.014225410297513008 0.1961812525987625
v 0.004713966511189938 -0.008819200098514557 0.1961812525987625
v 0.004713973496109247 0.008819222450256348 0.1961812525987625
v 0.004354262724518776 -0.014354093931615353 0.19601112604141235
v 0.0043542711064219475 0.014354117214679718 0.19601111114025116
v -0.004713970236480236 -0.014225400984287262 0.1961812525987625
v -0.004713967442512512 -0.008819196373224258 0.1961812525987625
v -0.004713958129286766 0.014225422404706478 0.1961812525987625
v -0.00471396092325449 0.00881922710686922 0.1961812525987625
v -0.00435427762567997 -0.014354092068970203 0.19601112604141235
v -0.007071064785122871 -0.01322873029857874 0.21207153797149658
v -0.0070710619911551476 -0.007071052677929401 0.21207153797149658
v -0.007071053143590689 0.01322876662015915 0.21207153797149658
v -0.0070710564032197 0.007071087136864662 0.21207153797149658
v -0.006343929562717676 -0.013572648167610168 0.21273057162761688
v -0.006343926768749952 -0.0077300844714045525 0.21273057162761688
v -0.0063439179211854935 0.013572690077126026 0.21273057162761688
v -0.006343921180814505 0.007730123586952686 0.21273057162761688
v -0.007070941850543022 -0.01322879921644926 0.21207165718078613
v -0.007070933934301138 0.013228838331997395 0.21207165718078613
v 0.006343930959701538 -0.01357265654951334 0.19727036356925964
v 0.00634393934160471 0.007730116602033377 0.19727036356925964
v 0.006343933288007975 -0.007730090990662575 0.19727036356925964
v 0.0063439421355724335 0.013572679832577705 0.19727036356925964
v 0.007070945575833321 -0.013228806667029858 0.1979292780160904
v 0.007070953492075205 0.013228829018771648 0.1979292780160904
v 0.004713970236480236 -0.014225386083126068 0.213819682598114
v 0.004713982809334993 0.014225423336029053 0.213819682598114
v 0.004713973496109247 -0.00881919451057911 0.213819682598114
v 0.0047139800153672695 0.00881922896951437 0.213819682598114
v 0.005555705167353153 -0.01392421405762434 0.21331515908241272
v 0.0055557177402079105 0.013924241997301579 0.21331515908241272
v 0.005555714946240187 0.008314715698361397 0.21331515908241272
v 0.005555708426982164 -0.008314677514135838 0.21331515908241272
v -0.003826828906312585 -0.009238778613507748 0.21423926949501038
v -0.0038268310017883778 -0.014486202970147133 0.21423926949501038
v -0.0038268188945949078 0.014486239291727543 0.21423926949501038
v -0.0038268212229013443 0.009238816797733307 0.21423926949501038
v -0.00435425853356719 -0.01435408741235733 0.21398982405662537
v 0.0043542818166315556 -0.014354088343679905 0.21398980915546417
v 0.0029263675678521395 -0.014711761847138405 0.21456146240234375
v 0.0029028502758592367 -0.014715250581502914 0.21456986665725708
v 0.0029263757169246674 0.014711796306073666 0.21456146240234375
v 0.0029028626158833504 0.0147152841091156 0.21456986665725708
v 0.0029028605204075575 0.009569422341883183 0.21456986665725708
v 0.0029028523713350296 -0.009569387882947922 0.21456986665725708
v -0.0029028423596173525 -0.014715251512825489 0.21456986665725708
v -0.002926342422142625 -0.014711759053170681 0.21456147730350494
v -0.0029028404969722033 -0.009569385088980198 0.21456986665725708
v -0.002902830485254526 0.014715287834405899 0.21456986665725708
v -0.002926334273070097 0.01471179910004139 0.21456146240234375
v -0.0029028323478996754 0.009569425135850906 0.21456986665725708
v 0.003826838219538331 -0.014486207626760006 0.21423926949501038
v 0.003826850326731801 0.014486238360404968 0.21423926949501038
v 0.004354290198534727 0.014354122802615166 0.21398980915546417
v 0.003826840315014124 -0.009238779544830322 0.21423926949501038
v 0.0038268479984253645 0.009238815866410732 0.21423925459384918
v -0.009951840154826641 -0.0009801496053114533 0.20402030646800995
v -0.009951844811439514 -0.011200019158422947 0.20402030646800995
v -0.009951835498213768 0.011200059205293655 0.20402030646800995
v -0.009951840154826641 0.0009801891865208745 0.20402030646800995
v -0.009807848371565342 -0.0019508873810991645 0.20304957032203674
v -0.009807851165533066 -0.011330530978739262 0.20304957032203674
v -0.009807842783629894 0.011330565437674522 0.20304957032203674
v -0.009807846508920193 0.001950918696820736 0.20304957032203674
v -0.00999999325722456 1.8080108077356272e-08 0.20500046014785767
v -0.009999996982514858 -0.011156370863318443 0.20500046014785767
v -0.009999987669289112 0.011156410910189152 0.20500046014785767
v 0.0009801678825169802 -0.01495183352380991 0.19504863023757935
v 0.0014702487969771028 -0.014927760697901249 0.19512131810188293
v 0.0009801804553717375 0.014951860532164574 0.19504863023757935
v 0.0009801783598959446 0.009951858781278133 0.19504863023757935
v 0.0009801700944080949 -0.009951836429536343 0.19504863023757935
v -0.009238791652023792 -0.011800644919276237 0.20882731676101685
v -0.009238788858056068 -0.003826816799119115 0.20882731676101685
v -0.00923878327012062 0.011800693348050117 0.20882731676101685
v -0.00923878513276577 0.003826854983344674 0.20882731676101685
v -0.008819208480417728 -0.012111828662455082 0.20971444249153137
v -0.00881920661777258 -0.0047139511443674564 0.20971444249153137
v -0.008819199167191982 0.012111876159906387 0.20971444249153137
v -0.008819201029837132 0.004713983740657568 0.20971444249153137
v 0.007071070373058319 -0.01322872657328844 0.2120715230703354
v 0.007071079220622778 0.007071083411574364 0.2120715230703354
v 0.007071073167026043 -0.007071056868880987 0.2120715230703354
v 0.007071082014590502 0.01322876289486885 0.2120715230703354
v 0.007070961873978376 -0.01322880294173956 0.21207162737846375
v 0.007070968858897686 0.013228833675384521 0.21207162737846375
v -0.008314690552651882 -0.012483319267630577 0.21055617928504944
v -0.008333543315529823 -0.01247202418744564 0.21052470803260803
v -0.008314688690006733 -0.00555568328127265 0.21055617928504944
v -0.008314681239426136 0.012483367696404457 0.21055617928504944
v -0.008333537727594376 0.012472064234316349 0.21052470803260803
v -0.008314683102071285 0.005555721465498209 0.21055617928504944
v -0.008819209411740303 -0.012111836113035679 0.20028650760650635
v -0.008819208480417728 -0.004713954403996468 0.20028650760650635
v -0.008819201961159706 0.012111879885196686 0.20028650760650635
v -0.00881920289248228 0.004713980946689844 0.20028650760650635
v -0.009238793514668941 -0.011800653301179409 0.20117363333702087
v -0.009238790720701218 -0.0038268188945949078 0.20117363333702087
v -0.00923878513276577 0.011800693348050117 0.20117363333702087
v -0.00923878699541092 0.0038268526550382376 0.20117363333702087
v -0.009569398127496243 -0.002902833977714181 0.20209762454032898
v -0.009569401852786541 -0.01154664158821106 0.20209762454032898
v -0.009569392539560795 0.011546683497726917 0.20209762454032898
v -0.009569396264851093 0.0029028644785284996 0.20209762454032898
v -0.009515900164842606 -0.011595139279961586 0.2019481062889099
v -0.009515894576907158 0.011595175601541996 0.2019481062889099
v -0.009951840154826641 -0.0009801490232348442 0.20598064363002777
v -0.009951844811439514 -0.011200014501810074 0.20598064363002777
v -0.009951835498213768 0.011200055480003357 0.20598064363002777
v -0.009951840154826641 0.0009801896521821618 0.20598064363002777
v -0.009807844646275043 -0.0019508864497765899 0.20695137977600098
v -0.009807847440242767 -0.011330521665513515 0.20695137977600098
v -0.009807839058339596 0.011330563575029373 0.20695136487483978
v -0.009807842783629894 0.0019509196281433105 0.20695137977600098
v -0.009515892714262009 -0.011595138348639011 0.2080528736114502
v -0.009569396264851093 -0.0029028323478996754 0.20790331065654755
v -0.009569399990141392 -0.011546640656888485 0.20790331065654755
v -0.009515887126326561 0.01159517653286457 0.2080528438091278
v -0.00956939160823822 0.011546682566404343 0.20790331065654755
v -0.009569394402205944 0.002902866341173649 0.20790331065654755
v -0.007730100769549608 -0.012833706103265285 0.2113444060087204
v -0.007730097975581884 -0.006343914661556482 0.2113444060087204
v -0.00773009005934 0.012833759188652039 0.2113444060087204
v -0.007730093318969011 0.006343951914459467 0.2113444060087204
v 0.005740263964980841 -0.01385817676782608 0.21317827701568604
v 0.005740271415561438 0.013858209364116192 0.21317827701568604
v -1.3996641623492678e-09 -0.009999984875321388 0.19500046968460083
v -3.496785305756589e-09 -0.014999989420175552 0.19500046968460083
v 9.085931118590906e-09 0.015000009909272194 0.19500046968460083
v 6.988811307451215e-09 0.010000011883676052 0.19500046968460083
v 0.0063439360819756985 -0.013572660274803638 0.21273057162761688
v 0.006343944929540157 0.007730120327323675 0.21273057162761688
v 0.00634393934160471 -0.007730090990662575 0.21273057162761688
v 0.006343947723507881 0.0135726910084486 0.21273057162761688
v -0.0019509043777361512 -0.009807845577597618 0.1951926201581955
v -0.0014702657936140895 -0.0149277588352561 0.19512131810188293
v -0.001950906473211944 -0.014856461435556412 0.1951926201581955
v -0.0019508939003571868 0.01485648937523365 0.1951926201581955
v -0.0019508962286636233 0.009807866998016834 0.1951926201581955
v -0.007730105891823769 -0.012833718210458755 0.19865652918815613
v -0.007730103097856045 -0.0063439179211854935 0.19865652918815613
v -0.0077300951816141605 0.012833760119974613 0.19865652918815613
v -0.007730097975581884 0.006343948654830456 0.19865652918815613
v -0.008314697071909904 -0.012483326718211174 0.19944477081298828
v -0.008333556354045868 -0.012472026981413364 0.1994762420654297
v -0.008314695209264755 -0.005555686075240374 0.19944477081298828
v -0.008314686827361584 0.012483367696404457 0.19944477081298828
v -0.00833355076611042 0.01247206050902605 0.1994762420654297
v -0.008314688690006733 0.005555718671530485 0.19944477081298828
v -0.000980172771960497 -0.009951836429536343 0.19504863023757935
v -0.0009801748674362898 -0.01495183352380991 0.19504863023757935
v -0.0009801624109968543 0.014951860532164574 0.19504863023757935
v -0.0014702571788802743 0.014927783980965614 0.19512131810188293
v -0.0009801645064726472 0.009951858781278133 0.19504863023757935
v 0.0019508997211232781 -0.014856458641588688 0.1951926201581955
v 0.0019509122939780354 0.014856486581265926 0.1951926052570343
v 0.0019509100820869207 0.00980786420404911 0.1951926052570343
v 0.0019509019330143929 -0.009807847440242767 0.1951926201581955
v 0.0014702572952955961 0.014927782118320465 0.19512131810188293
v -0.00999998115003109 0.030000021681189537 0.20500046014785767
v -0.010000006295740604 -0.029999980702996254 0.20500048995018005
v -0.009951827116310596 0.030000021681189537 0.20598064363002777
v -0.009951852262020111 -0.029999980702996254 0.20598065853118896
v -0.009807831607758999 0.030000021681189537 0.20695137977600098
v -0.009807855822145939 -0.029999980702996254 0.20695139467716217
v -0.0095693813636899 0.030000021681189537 0.20790331065654755
v -0.00956940557807684 -0.029999980702996254 0.20790332555770874
v -0.009238772094249725 0.030000021681189537 0.20882731676101685
v -0.009238796308636665 -0.029999980702996254 0.20882733166217804
v -0.008819187991321087 0.030000021681189537 0.20971444249153137
v -0.008819212205708027 -0.029999980702996254 0.20971445739269257
v -0.00831467006355524 0.030000019818544388 0.21055617928504944
v -0.008314695209264755 -0.029999982565641403 0.21055619418621063
v -0.007730077486485243 0.030000021681189537 0.2113444060087204
v -0.0077301026321947575 -0.029999980702996254 0.2113444209098816
v -0.007071040570735931 0.030000023543834686 0.21207153797149658
v -0.007071065250784159 -0.029999978840351105 0.21207155287265778
v -0.006343904882669449 0.030000023543834686 0.21273057162761688
v -0.006343929562717676 -0.029999978840351105 0.21273058652877808
v -0.005555673036724329 0.030000023543834686 0.21331515908241272
v -0.005555697716772556 -0.029999978840351105 0.2133151739835739
v -0.0047139376401901245 0.030000023543834686 0.213819682598114
v -0.004713962320238352 -0.029999978840351105 0.2138196974992752
v -0.003826804691925645 0.030000023543834686 0.21423925459384918
v -0.0038268284406512976 -0.029999978840351105 0.21423926949501038
v -0.0029028160497546196 0.030000021681189537 0.21456986665725708
v -0.0029028397984802723 -0.029999980702996254 0.21456988155841827
v -0.001950872247107327 0.030000021681189537 0.21480831503868103
v -0.0019508963450789452 -0.029999980702996254 0.21480832993984222
v -0.0009801401756703854 0.030000021681189537 0.21495230495929718
v -0.0009801642736420035 -0.029999980702996254 0.21495231986045837
v 3.1293186708580834e-08 0.030000021681189537 0.2150004655122757
v 7.212840102965856e-09 -0.029999980702996254 0.2150004655122757
v 0.0009802028071135283 0.030000021681189537 0.21495230495929718
v 0.00098017870914191 -0.029999980702996254 0.21495231986045837
v 0.0019509342964738607 0.030000021681189537 0.21480831503868103
v 0.0019509101985022426 -0.029999980702996254 0.21480832993984222
v 0.0029028775170445442 0.030000021681189537 0.21456986665725708
v 0.002902853535488248 -0.029999980702996254 0.21456988155841827
v 0.003826865227892995 0.03000001795589924 0.21423925459384918
v 0.0038268412463366985 -0.029999984428286552 0.21423926949501038
v 0.004713997710496187 0.03000001609325409 0.21381966769695282
v 0.004713972564786673 -0.0299999862909317 0.213819682598114
v 0.005555732175707817 0.03000001609325409 0.21331514418125153
v 0.0055557070299983025 -0.0299999862909317 0.21331515908241272
v 0.006343962159007788 0.03000001609325409 0.2127305567264557
v 0.006343937013298273 -0.0299999862909317 0.21273057162761688
v 0.007071095984429121 0.03000001609325409 0.2120715081691742
v 0.007071070838719606 -0.0299999862909317 0.2120715230703354
v 0.007730131968855858 0.03000001795589924 0.2113443911075592
v 0.0077301072888076305 -0.029999984428286552 0.2113444060087204
v 0.008314723148941994 0.03000001609325409 0.21055614948272705
v 0.008314698934555054 -0.0299999862909317 0.21055616438388824
v 0.008819237351417542 0.03000001423060894 0.20971441268920898
v 0.008819212205708027 -0.02999998815357685 0.20971442759037018
v 0.00923881959170103 0.03000001423060894 0.20882728695869446
v 0.009238794445991516 -0.02999998815357685 0.20882730185985565
v 0.009569426998496056 0.03000001423060894 0.20790329575538635
v 0.009569401852786541 -0.02999998815357685 0.20790331065654755
v 0.009807875379920006 0.03000001236796379 0.2069513499736786
v 0.009807850234210491 -0.029999990016222 0.20695136487483978
v 0.009951867163181305 0.03000001050531864 0.20598061382770538
v 0.009951842948794365 -0.02999999187886715 0.20598062872886658
v 0.010000019334256649 0.03000001050531864 0.20500044524669647
v 0.009999995119869709 -0.02999999187886715 0.20500046014785767
v 0.009951865300536156 0.03000001050531864 0.20402027666568756
v 0.009951841086149216 -0.02999999187886715 0.20402029156684875
v 0.009807869791984558 0.03000001050531864 0.20304954051971436
v 0.009807844646275043 -0.02999999187886715 0.20304955542087555
v 0.009569419547915459 0.03000001050531864 0.20209760963916779
v 0.009569394402205944 -0.02999999187886715 0.20209762454032898
v 0.009238810278475285 0.03000001050531864 0.2011736035346985
v 0.00923878513276577 -0.02999999187886715 0.20117361843585968
v 0.008819226175546646 0.03000001050531864 0.20028647780418396
v 0.008819201029837132 -0.02999999187886715 0.20028649270534515
v 0.0083147082477808 0.03000001236796379 0.1994447410106659
v 0.008314683102071285 -0.029999990016222 0.1994447559118271
v 0.0077301147393882275 0.03000001050531864 0.19865651428699493
v 0.00773009005934 -0.02999999187886715 0.19865652918815613
v 0.007071077823638916 0.030000008642673492 0.19792938232421875
v 0.007071052677929401 -0.0299999937415123 0.19792939722537994
v 0.0063439421355724335 0.030000008642673492 0.19727034866809845
v 0.006343916989862919 -0.0299999937415123 0.19727036356925964
v 0.005555710289627314 0.030000008642673492 0.1966857612133026
v 0.005555685143917799 -0.0299999937415123 0.1966857761144638
v 0.004713974893093109 0.030000008642673492 0.19618123769760132
v 0.0047139497473835945 -0.0299999937415123 0.1961812525987625
v 0.0038268412463366985 0.030000008642673492 0.19576166570186615
v 0.003826817497611046 -0.0299999937415123 0.19576168060302734
v 0.0029028526041656733 0.03000001050531864 0.19543105363845825
v 0.0029028288554400206 -0.02999999187886715 0.19543106853961945
v 0.0019509090343490243 0.03000001050531864 0.1951926052570343
v 0.0019508849363774061 -0.02999999187886715 0.1951926201581955
v 0.0009801770793274045 0.03000001050531864 0.19504861533641815
v 0.0009801529813557863 -0.02999999187886715 0.19504863023757935
v 5.46437028958735e-09 0.03000001050531864 0.19500045478343964
v -1.8615974539670788e-08 -0.02999999187886715 0.19500048458576202
v -0.0009801659034565091 0.03000001050531864 0.19504861533641815
v -0.0009801900014281273 -0.02999999187886715 0.19504863023757935
v -0.0019508975092321634 0.03000001050531864 0.1951926052570343
v -0.0019509216072037816 -0.02999999187886715 0.1951926201581955
v -0.002902840729802847 0.03000001050531864 0.19543105363845825
v -0.0029028644785284996 -0.02999999187886715 0.19543106853961945
v -0.0038268284406512976 0.03000001423060894 0.19576166570186615
v -0.0038268521893769503 -0.02999998815357685 0.19576168060302734
v -0.004713960457593203 0.03000001423060894 0.1961812525987625
v -0.00471398513764143 -0.02999998815357685 0.1961812674999237
v -0.0055556949228048325 0.03000001423060894 0.1966857761144638
v -0.00555571960285306 -0.02999998815357685 0.196685791015625
v -0.006343924906104803 0.03000001609325409 0.19727036356925964
v -0.00634394958615303 -0.0299999862909317 0.19727037847042084
v -0.007071058731526136 0.03000001609325409 0.19792941212654114
v -0.007071083411574364 -0.0299999862909317 0.19792942702770233
v -0.007730094715952873 0.03000001423060894 0.19865652918815613
v -0.0077301193960011005 -0.02999998815357685 0.19865654408931732
v -0.008314684964716434 0.03000001609325409 0.19944477081298828
v -0.008314710110425949 -0.0299999862909317 0.19944478571414948
v -0.008819199167191982 0.03000001795589924 0.20028650760650635
v -0.008819223381578922 -0.029999984428286552 0.20028652250766754
v -0.009238781407475471 0.03000001795589924 0.20117363333702087
v -0.009238806553184986 -0.029999984428286552 0.20117364823818207
v -0.009569388814270496 0.03000001795589924 0.20209762454032898
v -0.009569413959980011 -0.029999984428286552 0.20209763944149017
v -0.009807837195694447 0.03000001795589924 0.20304957032203674
v -0.009807861410081387 -0.029999984428286552 0.20304958522319794
v -0.009951828978955746 0.030000021681189537 0.20402030646800995
v -0.00995185412466526 -0.029999980702996254 0.20402032136917114
v 0.035000018775463104 2.206006932681248e-08 -3.997371247758171e-15
v 0.03483148291707039 2.2768745111534372e-08 -0.0034306033048778772
v 0.03432749956846237 2.355206163429102e-08 -0.006828186567872763
v 0.033492930233478546 2.4402458720373943e-08 -0.010159973986446857
v 0.0323357991874218 2.5311736706612464e-08 -0.01339392177760601
v 0.030867256224155426 2.6271155917356737e-08 -0.016498902812600136
v 0.029101449996232986 2.727150061332395e-08 -0.019444948062300682
v 0.027055377140641212 2.830308076795518e-08 -0.022203797474503517
v 0.024748750030994415 2.93559541120203e-08 -0.024748720228672028
v 0.022203778848052025 3.042005047859675e-08 -0.02705536037683487
v 0.019444970414042473 3.1485082985227564e-08 -0.02910144254565239
v 0.016498899087309837 3.254080382930624e-08 -0.03086725063621998
v 0.013393934816122055 3.357702738071566e-08 -0.03233575448393822
v 0.010159977711737156 3.458378827758679e-08 -0.03349292278289795
v 0.006828173995018005 3.5551380506149144e-08 -0.03432745486497879
v 0.003430612850934267 3.647051372013266e-08 -0.03483148291707039
v 1.270693594790373e-08 3.7332323898908726e-08 -0.03500000014901161
v -0.003430587239563465 3.812850124518263e-08 -0.03483148291707039
v -0.006828149314969778 3.8851361239267135e-08 -0.03432745486497879
v -0.010159950703382492 3.949398319491593e-08 -0.03349292278289795
v -0.013393907807767391 4.0050128546909036e-08 -0.03233575448393822
v -0.016498874872922897 4.0514485988296656e-08 -0.03086725063621998
v -0.019444948062300682 4.088257554712982e-08 -0.02910144254565239
v -0.022203754633665085 4.115082319344765e-08 -0.02705536037683487
v -0.024748727679252625 4.1316699395110845e-08 -0.024748720228672028
v -0.02705535478889942 4.1378573456540835e-08 -0.022203797474503517
v -0.029101425781846046 4.133581299470279e-08 -0.019444948062300682
v -0.030867232009768486 4.1188897625943355e-08 -0.016498902812600136
v -0.03233576565980911 4.093919869774254e-08 -0.01339392177760601
v -0.03349290043115616 4.0589124949974575e-08 -0.010159973986446857
v -0.034327469766139984 4.0142069224202714e-08 -0.006828186567872763
v -0.034831453114748 3.9602337409405663e-08 -0.0034306033048778772
v -0.03499998524785042 3.897508804584504e-08 -7.886611963535753e-15
v -0.034831453114748 3.826641403747999e-08 0.0034306033048778772
v -0.034327469766139984 3.748309396200966e-08 0.006828186567872763
v -0.03349290043115616 3.663269865228358e-08 0.010159973986446857
v -0.03233576565980911 3.572341711333138e-08 0.01339392177760601
v -0.030867232009768486 3.4763999678943946e-08 0.016498902812600136
v -0.029101425781846046 3.376365853569041e-08 0.019444948062300682
v -0.02705535478889942 3.27320748283455e-08 0.022203797474503517
v -0.024748727679252625 3.167920326063722e-08 0.024748720228672028
v -0.022203754633665085 3.06150766959945e-08 0.02705536037683487
v -0.019444948062300682 2.9550076163786798e-08 0.02910144254565239
v -0.016498874872922897 2.8494349990637602e-08 0.03086725063621998
v -0.013393907807767391 2.745812643922818e-08 0.03233575448393822
v -0.010159950703382492 2.6451367318713892e-08 0.03349292278289795
v -0.006828149314969778 2.548377509015154e-08 0.03432745486497879
v -0.003430587239563465 2.4564643652524865e-08 0.03483148291707039
v 1.2706933283368471e-08 2.3702829921035118e-08 0.03500000014901161
v 0.003430612850934267 2.290665435111805e-08 0.03483148291707039
v 0.006828173995018005 2.2183799686104066e-08 0.03432745486497879
v 0.010159977711737156 2.1541174177741595e-08 0.03349292278289795
v 0.013393934816122055 2.0985027049391647e-08 0.03233575448393822
v 0.016498899087309837 2.0520667831647188e-08 0.03086725063621998
v 0.019444970414042473 2.0152583601884544e-08 0.02910144254565239
v 0.022203778848052025 1.9884302204786763e-08 0.02705536037683487
v 0.024748750030994415 1.9718459753903517e-08 0.024748720228672028
v 0.027055377140641212 1.9656583916116688e-08 0.022203797474503517
v 0.029101449996232986 1.969934615431157e-08 0.019444948062300682
v 0.030867256224155426 1.9846259746714168e-08 0.016498902812600136
v 0.0323357991874218 2.0095953345844464e-08 0.01339392177760601
v 0.033492930233478546 2.0446032422682947e-08 0.010159973986446857
v 0.03432749956846237 2.089308637209797e-08 0.006828186567872763
v 0.03483148291707039 2.143281996325186e-08 0.0034306033048778772
v 0.04000001773238182 2.085185002442813e-08 -3.7195673109483365e-15
v 0.039807405322790146 2.1661778148995836e-08 -0.003920715302228928
v 0.039231427013874054 2.2556958967356877e-08 -0.007803589105606079
v 0.03827763348817825 2.3528858861254776e-08 -0.011611389927566051
v 0.03695519641041756 2.456803649408812e-08 -0.015307312831282616
v 0.0352768637239933 2.5664522951274193e-08 -0.018855897709727287
v 0.03325880318880081 2.6807763120473282e-08 -0.022222841158509254
v 0.03092043101787567 2.798669918036012e-08 -0.0253757331520319
v 0.028284283354878426 2.9190010408797207e-08 -0.028284242376685143
v 0.025375744327902794 3.0406109630121136e-08 -0.03092041239142418
v 0.022222820669412613 3.162329775818762e-08 -0.033258792012929916
v 0.018855880945920944 3.2829813534362984e-08 -0.035276856273412704
v 0.015307352878153324 3.401410708647745e-08 -0.036955200135707855
v 0.011611400172114372 3.5164685385780103e-08 -0.03827758878469467
v 0.007803625427186489 3.6270513703584584e-08 -0.03923138603568077
v 0.003920699004083872 3.732096942599128e-08 -0.03980737552046776
v 1.270693505972531e-08 3.830586692288307e-08 -0.04000000283122063
v -0.003920672927051783 3.921577373944274e-08 -0.03980737552046776
v -0.007803600747138262 4.0041893356601577e-08 -0.03923138603568077
v -0.011611373163759708 4.077632098642425e-08 -0.03827758878469467
v -0.01530732586979866 4.141192988527109e-08 -0.036955200135707855
v -0.018855858594179153 4.1942627149182954e-08 -0.035276856273412704
v -0.022222798317670822 4.2363289765035006e-08 -0.033258792012929916
v -0.025375721976161003 4.2669871191947095e-08 -0.03092041239142418
v -0.028284261003136635 4.2859429782993175e-08 -0.028284242376685143
v -0.03092040866613388 4.29301465487697e-08 -0.0253757331520319
v -0.033258773386478424 4.2881257655835725e-08 -0.022222841158509254
v -0.035276833921670914 4.271334574923458e-08 -0.018855897709727287
v -0.03695516660809517 4.2427977575698606e-08 -0.015307312831282616
v -0.03827759996056557 4.202791359375624e-08 -0.011611389927566051
v -0.039231397211551666 4.151697297061219e-08 -0.007803589105606079
v -0.03980737552046776 4.090017213798092e-08 -0.003920715302228928
v -0.03999998793005943 4.018330557187255e-08 -8.164415900345588e-15
v -0.03980737552046776 3.937337567094801e-08 0.003920715302228928
v -0.039231397211551666 3.8478166430877536e-08 0.007803589105606079
v -0.03827759996056557 3.75062647606228e-08 0.011611389927566051
v -0.03695516660809517 3.6467088904146294e-08 0.015307312831282616
v -0.035276833921670914 3.537060067060338e-08 0.018855897709727287
v -0.033258773386478424 3.422736583047481e-08 0.022222841158509254
v -0.03092040866613388 3.3048454639583724e-08 0.0253757331520319
v -0.028284261003136635 3.184514341114664e-08 0.028284242376685143
v -0.025375721976161003 3.0629017544470116e-08 0.03092041239142418
v -0.022222798317670822 2.9411832969117313e-08 0.033258792012929916
v -0.018855858594179153 2.8205315416585108e-08 0.035276856273412704
v -0.01530732586979866 2.7021046733466392e-08 0.036955200135707855
v -0.011611373163759708 2.587046843416374e-08 0.03827758878469467
v -0.007803600747138262 2.476461524736351e-08 0.03923138603568077
v -0.003920672927051783 2.3714187946666243e-08 0.03980737552046776
v 1.2706934171546891e-08 2.2729290449774453e-08 0.04000000283122063
v 0.003920699004083872 2.1819385409571623e-08 0.03980737552046776
v 0.007803625427186489 2.0993235594346515e-08 0.03923138603568077
v 0.011611400172114372 2.025883638623327e-08 0.03827758878469467
v 0.015307352878153324 1.962322748738643e-08 0.036955200135707855
v 0.018855880945920944 1.9092501801765138e-08 0.035276856273412704
v 0.022222820669412613 1.8671839185913086e-08 0.033258792012929916
v 0.025375744327902794 1.8365255982644157e-08 0.03092041239142418
v 0.028284283354878426 1.8175727589664348e-08 0.028284242376685143
v 0.03092043101787567 1.8105010823887824e-08 0.0253757331520319
v 0.03325880318880081 1.8153869518755528e-08 0.022222841158509254
v 0.0352768637239933 1.8321779648999836e-08 0.018855897709727287
v 0.03695519641041756 1.8607149598892647e-08 0.015307312831282616
v 0.03827763348817825 1.9007211804478175e-08 0.011611389927566051
v 0.039231427013874054 1.9518152427622226e-08 0.007803589105606079
v 0.039807405322790146 2.0134985234676606e-08 0.003920715302228928
v 0.035000018775463104 0.010000022128224373 -1.9470758338968608e-09
v 0.03483148291707039 0.010000023059546947 -0.0034306051675230265
v 0.03432749956846237 0.010000023059546947 -0.006828188430517912
v 0.033492930233478546 0.010000025853514671 -0.010159975849092007
v 0.0323357991874218 0.010000024922192097 -0.01339392364025116
v 0.030867258086800575 0.010000025853514671 -0.016498904675245285
v 0.029101455584168434 0.01000002771615982 -0.01944494992494583
v 0.02705537900328636 0.01000002771615982 -0.022203799337148666
v 0.024748755618929863 0.010000028647482395 -0.024748722091317177
v 0.022203784435987473 0.010000031441450119 -0.02705536223948002
v 0.01944497600197792 0.010000031441450119 -0.02910144440829754
v 0.016498904675245285 0.010000033304095268 -0.030867252498865128
v 0.013393937610089779 0.010000036098062992 -0.032335758209228516
v 0.01015998050570488 0.010000035166740417 -0.03349292650818825
v 0.006828175857663155 0.010000035166740417 -0.03432745859026909
v 0.0034306154120713472 0.010000035166740417 -0.03483148664236069
v 1.5123367447245073e-08 0.010000037960708141 -0.03500000387430191
v -0.0034305849112570286 0.01000003982335329 -0.03483148664236069
v -0.006828147452324629 0.010000040754675865 -0.03432745859026909
v -0.010159947909414768 0.01000004168599844 -0.03349292650818825
v -0.013393905013799667 0.010000040754675865 -0.032335758209228516
v -0.01649886928498745 0.01000004168599844 -0.030867252498865128
v -0.019444940611720085 0.010000042617321014 -0.02910144440829754
v -0.022203749045729637 0.01000004168599844 -0.02705536223948002
v -0.024748722091317177 0.01000004168599844 -0.024748722091317177
v -0.027055352926254272 0.010000040754675865 -0.022203799337148666
v -0.0291014201939106 0.01000004168599844 -0.01944494992494583
v -0.030867230147123337 0.010000042617321014 -0.016498904675245285
v -0.03233576565980911 0.01000004168599844 -0.01339392364025116
v -0.03349290043115616 0.01000003982335329 -0.010159975849092007
v -0.034327469766139984 0.01000003982335329 -0.006828188430517912
v -0.034831453114748 0.010000040754675865 -0.0034306051675230265
v -0.03499998524785042 0.010000037960708141 -1.9470796086551445e-09
v -0.034831453114748 0.010000038892030716 0.0034306012094020844
v -0.034327469766139984 0.010000037029385567 0.006828184239566326
v -0.03349290043115616 0.010000036098062992 0.010159972123801708
v -0.03233576565980911 0.010000037029385567 0.013393919914960861
v -0.030867230147123337 0.010000036098062992 0.016498900949954987
v -0.0291014201939106 0.010000034235417843 0.019444946199655533
v -0.027055352926254272 0.010000034235417843 0.022203795611858368
v -0.024748722091317177 0.010000033304095268 0.02474871836602688
v -0.022203749045729637 0.010000031441450119 0.02705535851418972
v -0.019444940611720085 0.010000031441450119 0.02910144068300724
v -0.01649886928498745 0.010000028647482395 0.03086724877357483
v -0.013393905013799667 0.010000025853514671 0.03233575075864792
v -0.010159947909414768 0.010000026784837246 0.03349291905760765
v -0.006828147452324629 0.010000026784837246 0.03432745113968849
v -0.0034305849112570286 0.010000024922192097 0.03483147919178009
v 1.5123367447245073e-08 0.010000022128224373 0.034999996423721313
v 0.0034306154120713472 0.010000022128224373 0.03483147919178009
v 0.006828175857663155 0.010000021196901798 0.03432745113968849
v 0.01015998050570488 0.010000020265579224 0.03349291905760765
v 0.013393937610089779 0.010000021196901798 0.03233575075864792
v 0.016498904675245285 0.010000020265579224 0.03086724877357483
v 0.01944497600197792 0.010000019334256649 0.02910144068300724
v 0.022203784435987473 0.010000018402934074 0.02705535851418972
v 0.024748755618929863 0.010000020265579224 0.02474871836602688
v 0.02705537900328636 0.010000019334256649 0.022203795611858368
v 0.029101455584168434 0.010000020265579224 0.019444946199655533
v 0.030867258086800575 0.010000019334256649 0.016498900949954987
v 0.0323357991874218 0.010000018402934074 0.013393919914960861
v 0.033492930233478546 0.010000020265579224 0.010159972123801708
v 0.03432749956846237 0.010000022128224373 0.006828184239566326
v 0.03483148291707039 0.010000021196901798 0.0034306012094020844
v 0.04000001773238182 0.010000019334256649 -1.947075167763046e-09
v 0.039807405322790146 0.010000023059546947 -0.003920717630535364
v 0.039231427013874054 0.010000022128224373 -0.007803590968251228
v 0.03827763348817825 0.010000023059546947 -0.0116113917902112
v 0.03695519641041756 0.010000024922192097 -0.015307314693927765
v 0.0352768637239933 0.010000025853514671 -0.018855899572372437
v 0.03325880318880081 0.01000002771615982 -0.022222843021154404
v 0.03092043660581112 0.010000025853514671 -0.025375735014677048
v 0.028284288942813873 0.01000002957880497 -0.028284244239330292
v 0.02537574991583824 0.01000002957880497 -0.03092041425406933
v 0.02222282625734806 0.010000032372772694 -0.033258795738220215
v 0.018855886533856392 0.010000034235417843 -0.035276859998703
v 0.015307355672121048 0.010000034235417843 -0.03695520758628845
v 0.011611402966082096 0.010000037029385567 -0.03827759250998497
v 0.007803627289831638 0.010000037960708141 -0.03923138976097107
v 0.003920701332390308 0.010000037960708141 -0.03980737924575806
v 1.5123367447245073e-08 0.010000038892030716 -0.040000006556510925
v -0.003920670598745346 0.010000038892030716 -0.03980737924575806
v -0.0078035988844931126 0.01000003982335329 -0.03923138976097107
v -0.011611370369791985 0.01000003982335329 -0.03827759250998497
v -0.015307323075830936 0.010000040754675865 -0.03695520758628845
v -0.018855853006243706 0.010000040754675865 -0.035276859998703
v -0.022222792729735374 0.01000004168599844 -0.033258795738220215
v -0.025375716388225555 0.010000042617321014 -0.03092041425406933
v -0.028284255415201187 0.010000043548643589 -0.028284244239330292
v -0.030920401215553284 0.010000044479966164 -0.025375735014677048
v -0.033258773386478424 0.010000042617321014 -0.022222843021154404
v -0.035276833921670914 0.01000004168599844 -0.018855899572372437
v -0.03695516660809517 0.010000042617321014 -0.015307314693927765
v -0.03827759996056557 0.010000043548643589 -0.0116113917902112
v -0.039231397211551666 0.010000040754675865 -0.007803590968251228
v -0.03980737552046776 0.01000004168599844 -0.003920717630535364
v -0.03999998793005943 0.010000040754675865 -1.9470802747889593e-09
v -0.03980737552046776 0.010000038892030716 0.003920713439583778
v -0.039231397211551666 0.01000003982335329 0.00780358724296093
v -0.03827759996056557 0.010000037029385567 0.011611388064920902
v -0.03695516660809517 0.010000037029385567 0.015307310968637466
v -0.035276833921670914 0.010000036098062992 0.018855895847082138
v -0.033258773386478424 0.010000034235417843 0.022222839295864105
v -0.030920401215553284 0.010000034235417843 0.02537573128938675
v -0.028284255415201187 0.010000032372772694 0.028284240514039993
v -0.025375716388225555 0.010000032372772694 0.03092041052877903
v -0.022222792729735374 0.01000002957880497 0.03325878828763962
v -0.018855853006243706 0.01000002771615982 0.035276852548122406
v -0.015307323075830936 0.01000002771615982 0.03695519641041756
v -0.011611370369791985 0.010000024922192097 0.03827758505940437
v -0.0078035988844931126 0.010000023990869522 0.03923138231039047
v -0.003920670598745346 0.010000023990869522 0.03980737179517746
v 1.5123367447245073e-08 0.010000023059546947 0.03999999910593033
v 0.003920701332390308 0.010000023059546947 0.03980737179517746
v 0.007803627289831638 0.010000022128224373 0.03923138231039047
v 0.011611402966082096 0.010000020265579224 0.03827758505940437
v 0.015307355672121048 0.010000019334256649 0.03695519641041756
v 0.018855886533856392 0.010000019334256649 0.035276852548122406
v 0.02222282625734806 0.010000020265579224 0.03325878828763962
v 0.02537574991583824 0.010000019334256649 0.03092041052877903
v 0.028284288942813873 0.010000018402934074 0.028284240514039993
v 0.03092043660581112 0.0100000174716115 0.02537573128938675
v 0.03325880318880081 0.0100000174716115 0.022222839295864105
v 0.0352768637239933 0.010000018402934074 0.018855895847082138
v 0.03695519641041756 0.010000019334256649 0.015307310968637466
v 0.03827763348817825 0.010000018402934074 0.011611388064920902
v 0.039231427013874054 0.010000019334256649 0.00780358724296093
v 0.039807405322790146 0.010000020265579224 0.003920713439583778
v 0.0350000374019146 0.07000002264976501 -1.3629508188728323e-08
v 0.03483150154352188 0.07000002264976501 -0.003430616809055209
v 0.03432752192020416 0.07000002264976501 -0.006828200072050095
v 0.03349294885993004 0.07000002264976501 -0.010159987024962902
v 0.032335810363292694 0.07000002264976501 -0.013393934816122055
v 0.03086727298796177 0.07000002264976501 -0.01649891585111618
v 0.02910146676003933 0.07000002264976501 -0.019444961100816727
v 0.027055393904447556 0.0700000450015068 -0.022203810513019562
v 0.02474876679480076 0.0700000450015068 -0.024748733267188072
v 0.022203795611858368 0.0700000450015068 -0.027055373415350914
v 0.019444987177848816 0.0700000450015068 -0.029101455584168434
v 0.01649891585111618 0.0700000450015068 -0.030867263674736023
v 0.013393950648605824 0.0700000450015068 -0.03233576938509941
v 0.010159993544220924 0.0700000450015068 -0.03349293768405914
v 0.006828191224485636 0.070000059902668 -0.034327469766139984
v 0.00343062961474061 0.070000059902668 -0.03483149781823158
v 2.9621965325077326e-08 0.070000059902668 -0.035000018775463104
v -0.003430570475757122 0.070000059902668 -0.03483149781823158
v -0.006828132085502148 0.070000059902668 -0.034327469766139984
v -0.010159934870898724 0.070000059902668 -0.03349293768405914
v -0.013393891975283623 0.070000059902668 -0.03233576938509941
v -0.016498858109116554 0.0700000673532486 -0.030867263674736023
v -0.01944492943584919 0.0700000673532486 -0.029101455584168434
v -0.022203737869858742 0.0700000673532486 -0.027055373415350914
v -0.024748709052801132 0.0700000673532486 -0.024748733267188072
v -0.02705533802509308 0.0700000673532486 -0.022203810513019562
v -0.029101409018039703 0.0700000673532486 -0.019444961100816727
v -0.030867215245962143 0.0700000524520874 -0.01649891585111618
v -0.03233575448393822 0.0700000524520874 -0.013393934816122055
v -0.03349287807941437 0.0700000524520874 -0.010159987024962902
v -0.03432745113968849 0.0700000524520874 -0.006828200072050095
v -0.03483143448829651 0.070000059902668 -0.003430616809055209
v -0.034999966621398926 0.070000059902668 -1.3629513517798841e-08
v -0.03483143448829651 0.0700000450015068 0.0034305895678699017
v -0.03432745113968849 0.0700000450015068 0.0068281725980341434
v -0.03349287807941437 0.0700000450015068 0.010159960016608238
v -0.03233575448393822 0.0700000450015068 0.013393907807767391
v -0.030867215245962143 0.0700000450015068 0.016498887911438942
v -0.029101409018039703 0.0700000450015068 0.019444933161139488
v -0.02705533802509308 0.0700000450015068 0.022203784435987473
v -0.024748709052801132 0.0700000450015068 0.024748705327510834
v -0.022203737869858742 0.0700000450015068 0.027055347338318825
v -0.01944492943584919 0.0700000450015068 0.029101427644491196
v -0.016498858109116554 0.0700000450015068 0.030867235735058784
v -0.013393891975283623 0.0700000450015068 0.03233573958277702
v -0.010159934870898724 0.0700000450015068 0.033492907881736755
v -0.006828132085502148 0.0700000450015068 0.034327439963817596
v -0.003430570475757122 0.0700000450015068 0.034831468015909195
v 2.9621963548720487e-08 0.0700000450015068 0.03499998524785042
v 0.00343062961474061 0.0700000450015068 0.034831468015909195
v 0.006828191224485636 0.0700000450015068 0.034327439963817596
v 0.010159993544220924 0.0700000450015068 0.033492907881736755
v 0.013393950648605824 0.0700000450015068 0.03233573958277702
v 0.01649891585111618 0.07000003755092621 0.030867235735058784
v 0.019444987177848816 0.07000003755092621 0.029101427644491196
v 0.022203795611858368 0.07000003755092621 0.027055347338318825
v 0.02474876679480076 0.07000003755092621 0.024748705327510834
v 0.027055393904447556 0.07000003755092621 0.022203784435987473
v 0.02910146676003933 0.07000003755092621 0.019444933161139488
v 0.03086727298796177 0.07000003755092621 0.016498887911438942
v 0.032335810363292694 0.07000003755092621 0.013393907807767391
v 0.03349294885993004 0.07000003755092621 0.010159960016608238
v 0.03432752192020416 0.07000003755092621 0.0068281725980341434
v 0.03483150154352188 0.07000002264976501 0.0034305895678699017
v 0.04000003635883331 0.07000002264976501 -1.3629508188728323e-08
v 0.03980742394924164 0.07000002264976501 -0.003920729272067547
v 0.03923143818974495 0.07000002264976501 -0.007803603075444698
v 0.03827764466404915 0.07000002264976501 -0.011611402966082096
v 0.03695521131157875 0.07000002264976501 -0.01530732586979866
v 0.035276882350444794 0.07000002264976501 -0.018855910748243332
v 0.03325881436467171 0.07000002264976501 -0.0222228541970253
v 0.030920447781682014 0.0700000450015068 -0.025375746190547943
v 0.028284301981329918 0.0700000450015068 -0.028284255415201187
v 0.025375762954354286 0.0700000450015068 -0.030920425429940224
v 0.022222839295864105 0.0700000450015068 -0.03325880691409111
v 0.018855899572372437 0.0700000450015068 -0.0352768711745739
v 0.015307368710637093 0.070000059902668 -0.03695521876215935
v 0.01161141786724329 0.070000059902668 -0.038277603685855865
v 0.0078036426566541195 0.070000059902668 -0.039231400936841965
v 0.003920715302228928 0.070000059902668 -0.03980739042162895
v 2.9621965325077326e-08 0.070000059902668 -0.04000001773238182
v -0.0039206561632454395 0.070000059902668 -0.03980739042162895
v -0.007803583517670631 0.070000059902668 -0.039231400936841965
v -0.01161135546863079 0.070000059902668 -0.038277603685855865
v -0.015307310037314892 0.070000059902668 -0.03695521876215935
v -0.01885584183037281 0.070000059902668 -0.0352768711745739
v -0.02222278155386448 0.0700000673532486 -0.03325880691409111
v -0.02537570521235466 0.0700000673532486 -0.030920425429940224
v -0.028284244239330292 0.0700000673532486 -0.028284255415201187
v -0.03092039003968239 0.0700000673532486 -0.025375746190547943
v -0.03325875848531723 0.0700000673532486 -0.0222228541970253
v -0.03527681529521942 0.0700000673532486 -0.018855910748243332
v -0.036955155432224274 0.0700000524520874 -0.01530732586979866
v -0.03827758878469467 0.0700000524520874 -0.011611402966082096
v -0.03923138603568077 0.0700000524520874 -0.007803603075444698
v -0.039807356894016266 0.070000059902668 -0.003920729272067547
v -0.03999996930360794 0.070000059902668 -1.3629513517798841e-08
v -0.039807356894016266 0.070000059902668 0.003920701798051596
v -0.03923138603568077 0.0700000450015068 0.007803575601428747
v -0.03827758878469467 0.0700000450015068 0.011611375957727432
v -0.036955155432224274 0.0700000450015068 0.015307299792766571
v -0.03527681529521942 0.0700000450015068 0.018855882808566093
v -0.03325875848531723 0.0700000450015068 0.02222282625734806
v -0.03092039003968239 0.0700000450015068 0.025375720113515854
v -0.028284244239330292 0.0700000450015068 0.028284229338169098
v -0.02537570521235466 0.0700000450015068 0.030920397490262985
v -0.02222278155386448 0.0700000450015068 0.03325877711176872
v -0.01885584183037281 0.0700000450015068 0.03527684137225151
v -0.015307310037314892 0.0700000450015068 0.03695518523454666
v -0.01161135546863079 0.0700000450015068 0.03827757388353348
v -0.007803583517670631 0.0700000450015068 0.03923137113451958
v -0.0039206561632454395 0.0700000450015068 0.039807360619306564
v 2.9621963548720487e-08 0.0700000450015068 0.03999998793005943
v 0.003920715302228928 0.0700000450015068 0.039807360619306564
v 0.0078036426566541195 0.0700000450015068 0.03923137113451958
v 0.01161141786724329 0.0700000450015068 0.03827757388353348
v 0.015307368710637093 0.0700000450015068 0.03695518523454666
v 0.018855899572372437 0.0700000450015068 0.03527684137225151
v 0.022222839295864105 0.07000003755092621 0.03325877711176872
v 0.025375762954354286 0.07000003755092621 0.030920397490262985
v 0.028284301981329918 0.07000003755092621 0.028284229338169098
v 0.030920447781682014 0.07000003755092621 0.025375720113515854
v 0.03325881436467171 0.07000003755092621 0.02222282625734806
v 0.035276882350444794 0.07000003755092621 0.018855882808566093
v 0.03695521131157875 0.07000003755092621 0.015307299792766571
v 0.03827764466404915 0.07000003755092621 0.011611375957727432
v 0.03923143818974495 0.07000003755092621 0.007803575601428747
v 0.03980742394924164 0.07000002264976501 0.003920701798051596
v 0.035000041127204895 0.08000002801418304 4.545857734683523e-08
v 0.03483150526881218 0.08000002801418304 -0.003430557670071721
v 0.03432752564549446 0.08000002801418304 -0.0068281409330666065
v 0.03349295258522034 0.08000002801418304 -0.010159927420318127
v 0.03233581408858299 0.08000002801418304 -0.013393876142799854
v 0.03086727485060692 0.08000002801418304 -0.016498856246471405
v 0.02910146862268448 0.08000002801418304 -0.01944490149617195
v 0.027055395767092705 0.08000004291534424 -0.022203750908374786
v 0.024748768657445908 0.08000004291534424 -0.024748673662543297
v 0.022203797474503517 0.08000004291534424 -0.02705531381070614
v 0.019444989040493965 0.08000004291534424 -0.02910139597952366
v 0.01649891771376133 0.08000004291534424 -0.030867204070091248
v 0.013393955305218697 0.08000004291534424 -0.032335709780454636
v 0.010159997269511223 0.08000004291534424 -0.03349287435412407
v 0.00682819401845336 0.08000005781650543 -0.03432741016149521
v 0.003430632408708334 0.08000005781650543 -0.03483143821358681
v 3.203840037713235e-08 0.08000005781650543 -0.03499995544552803
v -0.003430567681789398 0.08000005781650543 -0.03483143821358681
v -0.006828129291534424 0.08000005781650543 -0.03432741016149521
v -0.010159931145608425 0.08000005781650543 -0.03349287435412407
v -0.013393888249993324 0.08000005781650543 -0.032335709780454636
v -0.016498856246471405 0.08000006526708603 -0.030867204070091248
v -0.01944492757320404 0.08000006526708603 -0.02910139597952366
v -0.022203736007213593 0.08000006526708603 -0.02705531381070614
v -0.024748707190155983 0.08000006526708603 -0.024748673662543297
v -0.02705533616244793 0.08000006526708603 -0.022203750908374786
v -0.029101407155394554 0.08000006526708603 -0.01944490149617195
v -0.030867213383316994 0.08000005036592484 -0.016498856246471405
v -0.03233575075864792 0.08000005036592484 -0.013393876142799854
v -0.03349287435412407 0.08000005036592484 -0.010159927420318127
v -0.03432744741439819 0.08000005036592484 -0.0068281409330666065
v -0.03483143076300621 0.08000005781650543 -0.003430557670071721
v -0.03499996289610863 0.08000005781650543 4.545857734683523e-08
v -0.03483143076300621 0.08000004291534424 0.0034306487068533897
v -0.03432744741439819 0.08000004291534424 0.0068282317370176315
v -0.03349287435412407 0.08000004291534424 0.010160019621253014
v -0.03233575075864792 0.08000004291534424 0.013393967412412167
v -0.030867213383316994 0.08000004291534424 0.016498947516083717
v -0.029101407155394554 0.08000004291534424 0.019444992765784264
v -0.02705533616244793 0.08000004291534424 0.022203844040632248
v -0.024748707190155983 0.08000004291534424 0.02474876493215561
v -0.022203736007213593 0.08000004291534424 0.02705540508031845
v -0.01944492757320404 0.08000004291534424 0.02910148724913597
v -0.016498856246471405 0.08000004291534424 0.03086729533970356
v -0.013393888249993324 0.08000004291534424 0.0323358029127121
v -0.010159931145608425 0.08000004291534424 0.03349296748638153
v -0.006828129291534424 0.08000004291534424 0.03432749956846237
v -0.003430567681789398 0.08000004291534424 0.03483152762055397
v 3.203839682441867e-08 0.08000004291534424 0.03500004857778549
v 0.003430632408708334 0.08000004291534424 0.03483152762055397
v 0.00682819401845336 0.08000004291534424 0.03432749956846237
v 0.010159997269511223 0.08000004291534424 0.03349296748638153
v 0.013393955305218697 0.08000004291534424 0.0323358029127121
v 0.01649891771376133 0.08000003546476364 0.03086729533970356
v 0.019444989040493965 0.08000003546476364 0.02910148724913597
v 0.022203797474503517 0.08000003546476364 0.02705540508031845
v 0.024748768657445908 0.08000003546476364 0.02474876493215561
v 0.027055395767092705 0.08000003546476364 0.022203844040632248
v 0.02910146862268448 0.08000003546476364 0.019444992765784264
v 0.03086727485060692 0.08000003546476364 0.016498947516083717
v 0.03233581408858299 0.08000003546476364 0.013393967412412167
v 0.03349295258522034 0.08000003546476364 0.010160019621253014
v 0.03432752564549446 0.08000003546476364 0.0068282317370176315
v 0.03483150526881218 0.08000002801418304 0.0034306487068533897
v 0.04000004008412361 0.08000002801418304 4.545857734683523e-08
v 0.03980742767453194 0.08000002801418304 -0.003920670133084059
v 0.03923144191503525 0.08000002801418304 -0.00780354393646121
v 0.03827764838933945 0.08000002801418304 -0.011611344292759895
v 0.03695521503686905 0.08000002801418304 -0.01530726719647646
v 0.03527688607573509 0.08000002801418304 -0.018855851143598557
v 0.033258818089962006 0.08000002801418304 -0.022222794592380524
v 0.030920449644327164 0.08000004291534424 -0.025375688448548317
v 0.028284303843975067 0.08000004291534424 -0.028284195810556412
v 0.025375764816999435 0.08000004291534424 -0.03092036582529545
v 0.022222841158509254 0.08000004291534424 -0.033258743584156036
v 0.018855901435017586 0.08000004291534424 -0.03527681156992912
v 0.015307372435927391 0.08000005781650543 -0.036955155432224274
v 0.01161141786724329 0.08000005781650543 -0.03827754408121109
v 0.007803645450621843 0.08000005781650543 -0.03923134133219719
v 0.0039207180961966515 0.08000005781650543 -0.03980733081698418
v 3.203840037713235e-08 0.08000005781650543 -0.03999995440244675
v -0.003920653834939003 0.08000005781650543 -0.03980733081698418
v -0.0078035807237029076 0.08000005781650543 -0.03923134133219719
v -0.01161135546863079 0.08000005781650543 -0.03827754408121109
v -0.015307306312024593 0.08000005781650543 -0.036955155432224274
v -0.01885583996772766 0.08000005781650543 -0.03527681156992912
v -0.02222277969121933 0.08000006526708603 -0.033258743584156036
v -0.02537570334970951 0.08000006526708603 -0.03092036582529545
v -0.028284242376685143 0.08000006526708603 -0.028284195810556412
v -0.03092038817703724 0.08000006526708603 -0.025375688448548317
v -0.03325875476002693 0.08000006526708603 -0.022222794592380524
v -0.03527681156992912 0.08000006526708603 -0.018855851143598557
v -0.036955151706933975 0.08000005036592484 -0.01530726719647646
v -0.03827758505940437 0.08000005036592484 -0.011611344292759895
v -0.03923138231039047 0.08000005036592484 -0.00780354393646121
v -0.03980735316872597 0.08000005781650543 -0.003920670133084059
v -0.03999996557831764 0.08000005781650543 4.545857734683523e-08
v -0.03980735316872597 0.08000005781650543 0.003920760937035084
v -0.03923138231039047 0.08000004291534424 0.007803634740412235
v -0.03827758505940437 0.08000004291534424 0.011611435562372208
v -0.036955151706933975 0.08000004291534424 0.015307358466088772
v -0.03527681156992912 0.08000004291534424 0.01885594241321087
v -0.03325875476002693 0.08000004291534424 0.022222885861992836
v -0.03092038817703724 0.08000004291534424 0.02537577971816063
v -0.028284242376685143 0.08000004291534424 0.028284287080168724
v -0.02537570334970951 0.08000004291534424 0.03092045709490776
v -0.02222277969121933 0.08000004291534424 0.0332588367164135
v -0.01885583996772766 0.08000004291534424 0.035276904702186584
v -0.015307306312024593 0.08000004291534424 0.036955248564481735
v -0.01161135546863079 0.08000004291534424 0.03827763721346855
v -0.0078035807237029076 0.08000004291534424 0.03923143073916435
v -0.003920653834939003 0.08000004291534424 0.03980742022395134
v 3.203839682441867e-08 0.08000004291534424 0.04000004753470421
v 0.0039207180961966515 0.08000004291534424 0.03980742022395134
v 0.007803645450621843 0.08000004291534424 0.03923143073916435
v 0.01161141786724329 0.08000004291534424 0.03827763721346855
v 0.015307372435927391 0.08000004291534424 0.036955248564481735
v 0.018855901435017586 0.08000004291534424 0.035276904702186584
v 0.022222841158509254 0.08000003546476364 0.0332588367164135
v 0.025375764816999435 0.08000003546476364 0.03092045709490776
v 0.028284303843975067 0.08000003546476364 0.028284287080168724
v 0.030920449644327164 0.08000003546476364 0.02537577971816063
v 0.033258818089962006 0.08000003546476364 0.022222885861992836
v 0.03527688607573509 0.08000003546476364 0.01885594241321087
v 0.03695521503686905 0.08000003546476364 0.015307358466088772
v 0.03827764838933945 0.08000003546476364 0.011611435562372208
v 0.03923144191503525 0.08000003546476364 0.007803634740412235
v 0.03980742767453194 0.08000002801418304 0.003920760937035084
v 0.02985059656202793 0.07000002264976501 -0.0029400161001831293
v 0.029995029792189598 0.07000002264976501 -1.3629508188728323e-08
v 0.02941868267953396 0.07000002264976501 -0.005851759575307369
v 0.02870345674455166 0.07000002264976501 -0.008707106113433838
v 0.027711793780326843 0.07000002264976501 -0.011478590779006481
v 0.026453256607055664 0.07000002264976501 -0.014139540493488312
v 0.02493996173143387 0.07000002264976501 -0.01666432060301304
v 0.02318647690117359 0.07000002264976501 -0.019028639420866966
v 0.02120969630777836 0.0700000450015068 -0.02120967023074627
v 0.01902865618467331 0.0700000450015068 -0.02318647690117359
v 0.016664359718561172 0.0700000450015068 -0.02493995614349842
v 0.014139575883746147 0.0700000450015068 -0.026453262194991112
v 0.011478620581328869 0.0700000450015068 -0.027711806818842888
v 0.008707118220627308 0.0700000450015068 -0.028703445568680763
v 0.005851764231920242 0.0700000450015068 -0.02941865473985672
v 0.0029400538187474012 0.0700000450015068 -0.02985060028731823
v 2.959852629658144e-08 0.070000059902668 -0.029995009303092957
v -0.002939994679763913 0.070000059902668 -0.02985060028731823
v -0.005851705092936754 0.070000059902668 -0.02941865473985672
v -0.008707059547305107 0.070000059902668 -0.028703445568680763
v -0.011478560976684093 0.070000059902668 -0.027711806818842888
v -0.014139516279101372 0.0700000673532486 -0.026453262194991112
v -0.016664301976561546 0.0700000673532486 -0.02493995614349842
v -0.019028600305318832 0.0700000673532486 -0.02318647690117359
v -0.02120964042842388 0.0700000524520874 -0.02120967023074627
v -0.023186419159173965 0.0700000524520874 -0.019028639420866966
v -0.024939903989434242 0.0700000524520874 -0.01666432060301304
v -0.026453198865056038 0.0700000524520874 -0.014139540493488312
v -0.027711736038327217 0.0700000524520874 -0.011478590779006481
v -0.028703399002552032 0.0700000524520874 -0.008707106113433838
v -0.02941862680017948 0.0700000524520874 -0.005851759575307369
v -0.029850538820028305 0.0700000524520874 -0.0029400161001831293
v -0.029994972050189972 0.070000059902668 -1.3629513517798841e-08
v -0.029850538820028305 0.0700000450015068 0.0029399890918284655
v -0.02941862680017948 0.0700000450015068 0.005851732101291418
v -0.028703399002552032 0.0700000450015068 0.008707079105079174
v -0.027711736038327217 0.0700000450015068 0.011478563770651817
v -0.026453198865056038 0.0700000450015068 0.014139513485133648
v -0.024939903989434242 0.0700000450015068 0.01666429452598095
v -0.023186419159173965 0.0700000450015068 0.019028613343834877
v -0.02120964042842388 0.0700000450015068 0.02120964415371418
v -0.019028600305318832 0.0700000450015068 0.023186450824141502
v -0.016664301976561546 0.0700000450015068 0.02493993006646633
v -0.014139516279101372 0.0700000450015068 0.026453234255313873
v -0.011478560976684093 0.0700000450015068 0.0277117807418108
v -0.008707059547305107 0.0700000450015068 0.028703417629003525
v -0.005851705092936754 0.0700000450015068 0.02941862866282463
v -0.002939994679763913 0.0700000450015068 0.02985057421028614
v 2.95985245202246e-08 0.0700000450015068 0.029994983226060867
v 0.0029400538187474012 0.0700000450015068 0.02985057421028614
v 0.005851764231920242 0.0700000450015068 0.02941862866282463
v 0.008707118220627308 0.0700000450015068 0.028703417629003525
v 0.011478620581328869 0.0700000450015068 0.0277117807418108
v 0.014139575883746147 0.07000003755092621 0.026453234255313873
v 0.016664359718561172 0.07000003755092621 0.02493993006646633
v 0.01902865618467331 0.07000003755092621 0.023186450824141502
v 0.02120969630777836 0.07000003755092621 0.02120964415371418
v 0.02318647690117359 0.07000003755092621 0.019028613343834877
v 0.02493996173143387 0.07000003755092621 0.01666429452598095
v 0.026453256607055664 0.07000003755092621 0.014139513485133648
v 0.027711793780326843 0.07000003755092621 0.011478563770651817
v 0.02870345674455166 0.07000003755092621 0.008707079105079174
v 0.02941868267953396 0.07000003755092621 0.005851732101291418
v 0.02985059656202793 0.07000003755092621 0.0029399890918284655
v 0.026453258469700813 0.08000002801418304 -0.014139480888843536
v 0.021209698170423508 0.08000003546476364 0.021209701895713806
v 0.027711795642971992 0.08000002801418304 -0.011478531174361706
v 0.01902865804731846 0.08000003546476364 0.02318650856614113
v 0.028703458607196808 0.08000002801418304 -0.008707046508789062
v 0.01666436158120632 0.08000003546476364 0.024939987808465958
v 0.029418684542179108 0.08000002801418304 -0.005851700436323881
v 0.014139579609036446 0.08000003546476364 0.02645329385995865
v 0.02985059842467308 0.08000002801418304 -0.0029399569611996412
v 0.011478624306619167 0.08000004291534424 0.027711838483810425
v 0.008707121945917606 0.08000004291534424 0.0287034772336483
v 0.005851767025887966 0.08000004291534424 0.029418686404824257
v 0.002940056612715125 0.08000004291534424 0.029850633814930916
v 3.201495601956594e-08 0.08000004291534424 0.029995042830705643
v -0.0029399918857961893 0.08000004291534424 0.029850633814930916
v -0.005851701833307743 0.08000004291534424 0.029418686404824257
v -0.008707055822014809 0.08000004291534424 0.0287034772336483
v -0.011478557251393795 0.08000004291534424 0.027711838483810425
v -0.014139512553811073 0.08000004291534424 0.02645329385995865
v -0.016664300113916397 0.08000004291534424 0.024939987808465958
v -0.019028598442673683 0.08000004291534424 0.02318650856614113
v -0.021209638565778732 0.08000004291534424 0.021209701895713806
v -0.023186417296528816 0.08000004291534424 0.019028672948479652
v -0.024939902126789093 0.08000004291534424 0.016664354130625725
v -0.02645319700241089 0.08000004291534424 0.014139573089778423
v -0.027711734175682068 0.08000004291534424 0.011478623375296593
v -0.028703397139906883 0.08000004291534424 0.00870713870972395
v -0.029418624937534332 0.08000004291534424 0.005851791240274906
v -0.029850536957383156 0.08000004291534424 0.0029400482308119535
v -0.029994970187544823 0.08000005781650543 4.545857734683523e-08
v -0.029850536957383156 0.08000005036592484 -0.0029399569611996412
v -0.029418624937534332 0.08000005036592484 -0.005851700436323881
v -0.028703397139906883 0.08000005036592484 -0.008707046508789062
v -0.027711734175682068 0.08000005036592484 -0.011478531174361706
v -0.02645319700241089 0.08000005036592484 -0.014139480888843536
v -0.024939902126789093 0.08000005036592484 -0.016664260998368263
v -0.023186417296528816 0.08000005036592484 -0.01902857981622219
v -0.021209638565778732 0.08000005036592484 -0.021209610626101494
v -0.019028598442673683 0.08000006526708603 -0.023186417296528816
v -0.016664300113916397 0.08000006526708603 -0.024939896538853645
v -0.014139512553811073 0.08000006526708603 -0.026453202590346336
v -0.011478557251393795 0.08000005781650543 -0.027711747214198112
v -0.008707055822014809 0.08000005781650543 -0.028703385964035988
v -0.005851701833307743 0.08000005781650543 -0.029418595135211945
v -0.0029399918857961893 0.08000005781650543 -0.029850540682673454
v 3.201495957227962e-08 0.08000005781650543 -0.02999495156109333
v 0.002940056612715125 0.08000004291534424 -0.029850540682673454
v 0.005851767025887966 0.08000004291534424 -0.029418595135211945
v 0.008707121945917606 0.08000004291534424 -0.028703385964035988
v 0.029995031654834747 0.08000002801418304 4.545857734683523e-08
v 0.011478624306619167 0.08000004291534424 -0.027711747214198112
v 0.02985059842467308 0.08000003546476364 0.0029400482308119535
v 0.014139579609036446 0.08000004291534424 -0.026453202590346336
v 0.029418684542179108 0.08000003546476364 0.005851791240274906
v 0.01666436158120632 0.08000004291534424 -0.024939896538853645
v 0.028703458607196808 0.08000003546476364 0.00870713870972395
v 0.01902865804731846 0.08000004291534424 -0.023186417296528816
v 0.027711795642971992 0.08000003546476364 0.011478623375296593
v 0.021209698170423508 0.08000004291534424 -0.021209610626101494
v 0.026453258469700813 0.08000003546476364 0.014139573089778423
v 0.024939963594079018 0.08000002801418304 -0.016664260998368263
v 0.02318647876381874 0.08000002801418304 -0.01902857981622219
v 0.02318647876381874 0.08000003546476364 0.019028672948479652
v 0.024939963594079018 0.08000003546476364 0.016664354130625725
v 0.029850579798221588 2.3876836507952248e-08 -0.0029400025960057974
v 0.029995011165738106 2.3269500104561303e-08 -4.275453434891179e-15
v 0.029418665915727615 2.454812886298896e-08 -0.005851746071130037
v 0.028703439980745316 2.5276923665273898e-08 -0.008707093074917793
v 0.0277117770165205 2.6056152790943088e-08 -0.011478576809167862
v 0.026453237980604172 2.6878391068407836e-08 -0.014139527454972267
v 0.024939944967627525 2.773565732638872e-08 -0.016664307564496994
v 0.02318646013736725 2.8619741243574026e-08 -0.01902862638235092
v 0.021209679543972015 2.9522064792786296e-08 -0.021209657192230225
v 0.019028639420866966 3.043400553792708e-08 -0.023186463862657547
v 0.01666434109210968 3.1346733209147715e-08 -0.024939943104982376
v 0.014139559119939804 3.225150280172784e-08 -0.026453249156475067
v 0.011478603817522526 3.313954621830817e-08 -0.027711793780326843
v 0.00870710238814354 3.400232984063223e-08 -0.02870343066751957
v 0.005851747002452612 3.48315438714053e-08 -0.029418641701340675
v 0.002940037054941058 3.561926931183734e-08 -0.029850587248802185
v 1.266431670643442e-08 3.635780743138639e-08 -0.029994996264576912
v -0.0029400114435702562 3.70401274096821e-08 -0.029850587248802185
v -0.005851721856743097 3.76596211992819e-08 -0.029418641701340675
v -0.008707075379788876 3.82103557683422e-08 -0.02870343066751957
v -0.011478576809167862 3.868699849363111e-08 -0.027711793780326843
v -0.014139533042907715 3.908492374193884e-08 -0.026453249156475067
v -0.01666431874036789 3.940037984762057e-08 -0.024939943104982376
v -0.019028617069125175 3.9630293713344145e-08 -0.023186463862657547
v -0.021209657192230225 3.97724129186372e-08 -0.021209657192230225
v -0.02318643592298031 3.9825415854011226e-08 -0.01902862638235092
v -0.024939920753240585 3.978880158683751e-08 -0.016664307564496994
v -0.02645321562886238 3.96628792032061e-08 -0.014139527454972267
v -0.02771175280213356 3.9448877942049876e-08 -0.011478576809167862
v -0.028703415766358376 3.9148876140870925e-08 -0.008707093074917793
v -0.029418643563985825 3.876575860317644e-08 -0.005851746071130037
v -0.029850557446479797 3.8303213045765006e-08 -0.0029400025960057974
v -0.029994988813996315 3.776565549173938e-08 -7.608530199919219e-15
v -0.029850557446479797 3.7158322641062114e-08 0.0029400025960057974
v -0.029418643563985825 3.648702673331172e-08 0.005851746071130037
v -0.028703415766358376 3.5758205285674194e-08 0.008707093074917793
v -0.02771175280213356 3.4978974383648165e-08 0.011478576809167862
v -0.02645321562886238 3.4156766304249686e-08 0.014139527454972267
v -0.024939920753240585 3.329950715169616e-08 0.016664307564496994
v -0.02318643592298031 3.241541435272666e-08 0.01902862638235092
v -0.021209657192230225 3.1513064158161797e-08 0.021209657192230225
v -0.019028617069125175 3.0601150058373605e-08 0.023186463862657547
v -0.01666431874036789 2.9688397518157217e-08 0.024939943104982376
v -0.014139533042907715 2.8783656347286524e-08 0.026453249156475067
v -0.011478576809167862 2.7895627141560908e-08 0.02771173231303692
v -0.008707075379788876 2.7032825755668455e-08 0.02870343066751957
v -0.005851721856743097 2.6203581526829112e-08 0.029418641701340675
v -0.0029400114435702562 2.54158845081065e-08 0.029850587248802185
v 1.2664315818256e-08 2.4677346388557453e-08 0.029994996264576912
v 0.002940037054941058 2.3995029962975423e-08 0.029850587248802185
v 0.005851747002452612 2.337550775166619e-08 0.029418641701340675
v 0.00870710238814354 2.2824799827958486e-08 0.02870343066751957
v 0.011478603817522526 2.2348176642594808e-08 0.02771173231303692
v 0.014139559119939804 2.1950230078005006e-08 0.026453249156475067
v 0.01666434109210968 2.1634747326970682e-08 0.024939943104982376
v 0.019028639420866966 2.140486188295654e-08 0.023186463862657547
v 0.021209679543972015 2.126271603231089e-08 0.021209657192230225
v 0.02318646013736725 2.1209739742289457e-08 0.01902862638235092
v 0.024939944967627525 2.1246355785820015e-08 0.016664307564496994
v 0.026453237980604172 2.137227639309458e-08 0.014139527454972267
v 0.0277117770165205 2.1586252785255056e-08 0.011478576809167862
v 0.028703439980745316 2.1886252810077167e-08 0.008707093074917793
v 0.029418665915727615 2.2269396993124246e-08 0.005851746071130037
v 0.029850579798221588 2.2731942550535678e-08 0.0029400025960057974
v 0.029850585386157036 0.010000023059546947 -0.0029400044586509466
v 0.029995016753673553 0.010000023990869522 -1.9470762779860706e-09
v 0.029418667778372765 0.010000024922192097 -0.0058517479337751865
v 0.028703445568680763 0.010000025853514671 -0.008707094937562943
v 0.02771177887916565 0.010000025853514671 -0.011478578671813011
v 0.02645323984324932 0.010000024922192097 -0.014139529317617416
v 0.024939946830272675 0.010000028647482395 -0.016664309427142143
v 0.023186465725302696 0.010000028647482395 -0.01902862824499607
v 0.021209685131907463 0.010000028647482395 -0.021209659054875374
v 0.019028641283512115 0.010000031441450119 -0.023186465725302696
v 0.016664346680045128 0.010000033304095268 -0.024939944967627525
v 0.014139561913907528 0.010000033304095268 -0.026453251019120216
v 0.01147860661149025 0.010000033304095268 -0.027711795642971992
v 0.008707105182111263 0.010000034235417843 -0.02870343253016472
v 0.005851748865097761 0.010000036098062992 -0.029418643563985825
v 0.0029400396160781384 0.010000036098062992 -0.029850589111447334
v 1.508075087031102e-08 0.010000037029385567 -0.02999499812722206
v -0.0029400091152638197 0.010000037029385567 -0.029850589111447334
v -0.005851719994097948 0.010000037960708141 -0.029418643563985825
v -0.008707072585821152 0.010000037960708141 -0.02870343253016472
v -0.011478574015200138 0.010000037960708141 -0.027711795642971992
v -0.014139530248939991 0.010000038892030716 -0.026453251019120216
v -0.01666431315243244 0.010000038892030716 -0.024939944967627525
v -0.019028615206480026 0.01000003982335329 -0.023186465725302696
v -0.021209651604294777 0.010000040754675865 -0.021209659054875374
v -0.02318643033504486 0.010000040754675865 -0.01902862824499607
v -0.024939918890595436 0.01000004168599844 -0.016664309427142143
v -0.026453213766217232 0.010000040754675865 -0.014139529317617416
v -0.02771175093948841 0.01000003982335329 -0.011478578671813011
v -0.028703410178422928 0.01000003982335329 -0.008707094937562943
v -0.029418641701340675 0.010000040754675865 -0.0058517479337751865
v -0.02985055185854435 0.01000003982335329 -0.0029400044586509466
v -0.029994983226060867 0.010000037960708141 -1.9470793866105396e-09
v -0.02985055185854435 0.010000038892030716 0.002940000733360648
v -0.029418641701340675 0.010000037029385567 0.005851744208484888
v -0.028703410178422928 0.010000036098062992 0.008707091212272644
v -0.02771175093948841 0.010000036098062992 0.011478574946522713
v -0.026453213766217232 0.010000035166740417 0.014139525592327118
v -0.024939918890595436 0.010000033304095268 0.016664305701851845
v -0.02318643033504486 0.010000033304095268 0.019028624519705772
v -0.021209651604294777 0.010000031441450119 0.021209655329585075
v -0.019028615206480026 0.010000028647482395 0.023186462000012398
v -0.01666431315243244 0.010000028647482395 0.024939941242337227
v -0.014139530248939991 0.010000028647482395 0.026453247293829918
v -0.011478574015200138 0.010000026784837246 0.02771173045039177
v -0.008707072585821152 0.010000025853514671 0.02870342880487442
v -0.005851719994097948 0.010000025853514671 0.029418639838695526
v -0.0029400091152638197 0.010000025853514671 0.029850585386157036
v 1.5080747317597343e-08 0.010000024922192097 0.029994994401931763
v 0.0029400396160781384 0.010000024922192097 0.029850585386157036
v 0.005851748865097761 0.010000023990869522 0.029418639838695526
v 0.008707105182111263 0.010000023990869522 0.02870342880487442
v 0.01147860661149025 0.010000023990869522 0.02771173045039177
v 0.014139561913907528 0.010000023059546947 0.026453247293829918
v 0.016664346680045128 0.010000023059546947 0.024939941242337227
v 0.019028641283512115 0.010000022128224373 0.023186462000012398
v 0.021209685131907463 0.010000021196901798 0.021209655329585075
v 0.023186465725302696 0.010000021196901798 0.019028624519705772
v 0.024939946830272675 0.010000020265579224 0.016664305701851845
v 0.02645323984324932 0.010000021196901798 0.014139525592327118
v 0.02771177887916565 0.010000022128224373 0.011478574946522713
v 0.028703445568680763 0.010000022128224373 0.008707091212272644
v 0.029418667778372765 0.010000021196901798 0.005851744208484888
v 0.029850585386157036 0.010000022128224373 0.002940000733360648
usemtl Alu
f 128 65 1
f 2 67 3
f 127 128 64
f 1 66 2
f 126 127 63
f 83 18 82
f 125 126 62
f 2 66 67
f 64 128 1
f 86 21 85
f 3 67 4
f 4 68 69
f 32 96 33
f 4 69 5
f 70 6 5
f 63 127 64
f 5 69 70
f 125 61 124
f 70 7 6
f 62 61 125
f 109 46 45
f 122 123 59
f 124 59 123
f 71 7 70
f 72 8 7
f 60 59 124
f 7 71 72
f 122 58 121
f 73 8 72
f 59 58 122
f 8 73 9
f 120 121 57
f 106 42 41
f 89 25 88
f 9 74 10
f 50 115 51
f 56 120 57
f 93 29 92
f 75 11 74
f 118 119 55
f 104 40 39
f 11 75 76
f 76 12 11
f 54 118 55
f 77 12 76
f 54 117 118
f 77 13 12
f 53 117 54
f 13 77 14
f 116 117 52
f 52 117 53
f 92 27 91
f 79 14 78
f 52 115 116
f 79 15 14
f 51 115 52
f 15 79 16
f 114 115 50
f 74 11 10
f 106 43 42
f 81 16 80
f 50 113 114
f 81 17 16
f 49 113 50
f 82 17 81
f 82 18 17
f 48 113 49
f 48 112 113
f 19 18 83
f 112 48 111
f 14 77 78
f 41 104 105
f 83 20 19
f 46 111 47
f 84 20 83
f 46 110 111
f 21 20 85
f 110 46 109
f 111 48 47
f 102 39 38
f 22 21 86
f 44 109 45
f 88 23 87
f 44 108 109
f 86 23 22
f 43 108 44
f 87 23 86
f 43 107 108
f 24 23 88
f 107 43 106
f 25 24 88
f 120 55 119
f 16 79 80
f 26 25 89
f 106 41 105
f 9 73 74
f 57 121 58
f 27 26 90
f 40 104 41
f 4 67 68
f 90 26 89
f 28 27 92
f 104 39 103
f 29 28 92
f 102 37 101
f 91 27 90
f 103 39 102
f 30 29 93
f 62 126 63
f 85 20 84
f 102 38 37
f 31 30 94
f 100 36 35
f 32 31 95
f 101 37 36
f 95 31 94
f 101 36 100
f 33 97 98
f 1 65 66
f 34 98 99
f 94 30 93
f 99 35 34
f 100 35 99
f 33 98 34
f 95 96 32
f 61 60 124
f 96 97 33
f 56 55 120
f 158 159 287 286
f 210 209 337 338
f 157 158 286 285
f 209 208 336 337
f 156 157 285 284
f 208 207 335 336
f 155 156 284 283
f 207 206 334 335
f 154 155 283 282
f 206 205 333 334
f 193 256 384 321
f 153 154 282 281
f 205 204 332 333
f 256 255 383 384
f 152 153 281 280
f 204 203 331 332
f 255 254 382 383
f 151 152 280 279
f 203 202 330 331
f 254 253 381 382
f 150 151 279 278
f 202 201 329 330
f 253 252 380 381
f 149 150 278 277
f 201 200 328 329
f 252 251 379 380
f 148 149 277 276
f 200 199 327 328
f 251 250 378 379
f 147 148 276 275
f 199 198 326 327
f 250 249 377 378
f 146 147 275 274
f 198 197 325 326
f 249 248 376 377
f 145 146 274 273
f 197 196 324 325
f 248 247 375 376
f 144 145 273 272
f 196 195 323 324
f 247 246 374 375
f 143 144 272 271
f 195 194 322 323
f 246 245 373 374
f 142 143 271 270
f 194 193 321 322
f 245 244 372 373
f 141 142 270 269
f 192 129 257 320
f 244 243 371 372
f 140 141 269 268
f 191 192 320 319
f 243 242 370 371
f 139 140 268 267
f 190 191 319 318
f 242 241 369 370
f 138 139 267 266
f 189 190 318 317
f 241 240 368 369
f 137 138 266 265
f 188 189 317 316
f 240 239 367 368
f 136 137 265 264
f 187 188 316 315
f 239 238 366 367
f 135 136 264 263
f 186 187 315 314
f 238 237 365 366
f 134 135 263 262
f 185 186 314 313
f 237 236 364 365
f 133 134 262 261
f 184 185 313 312
f 236 235 363 364
f 132 133 261 260
f 183 184 312 311
f 235 234 362 363
f 131 132 260 259
f 182 183 311 310
f 234 233 361 362
f 130 131 259 258
f 181 182 310 309
f 233 232 360 361
f 129 130 258 257
f 180 181 309 308
f 232 231 359 360
f 179 180 308 307
f 231 230 358 359
f 178 179 307 306
f 230 229 357 358
f 177 178 306 305
f 229 228 356 357
f 176 177 305 304
f 228 227 355 356
f 175 176 304 303
f 227 226 354 355
f 174 175 303 302
f 226 225 353 354
f 173 174 302 301
f 225 224 352 353
f 172 173 301 300
f 224 223 351 352
f 171 172 300 299
f 223 222 350 351
f 170 171 299 298
f 222 221 349 350
f 169 170 298 297
f 221 220 348 349
f 168 169 297 296
f 220 219 347 348
f 167 168 296 295
f 219 218 346 347
f 166 167 295 294
f 218 217 345 346
f 165 166 294 293
f 217 216 344 345
f 164 165 293 292
f 216 215 343 344
f 163 164 292 291
f 215 214 342 343
f 162 163 291 290
f 214 213 341 342
f 161 162 290 289
f 213 212 340 341
f 160 161 289 288
f 212 211 339 340
f 159 160 288 287
f 211 210 338 339
f 82 81 209 210
f 188 187 763 764
f 83 82 210 211
f 136 135 711 712
f 84 83 211 212
f 6 7 647 646
f 85 84 212 213
f 57 58 698 697
f 86 85 213 214
f 187 186 762 763
f 87 86 214 215
f 135 134 710 711
f 88 87 215 216
f 5 6 646 645
f 89 88 216 217
f 56 57 697 696
f 90 89 217 218
f 186 185 761 762
f 91 90 218 219
f 134 133 709 710
f 92 91 219 220
f 4 5 645 644
f 93 92 220 221
f 55 56 696 695
f 94 93 221 222
f 185 184 760 761
f 95 94 222 223
f 133 132 708 709
f 96 95 223 224
f 3 4 644 643
f 97 96 224 225
f 54 55 695 694
f 98 97 225 226
f 184 183 759 760
f 99 98 226 227
f 132 131 707 708
f 100 99 227 228
f 2 3 643 641
f 101 100 228 229
f 53 54 694 693
f 102 101 229 230
f 183 182 758 759
f 103 102 230 231
f 131 130 705 707
f 104 103 231 232
f 1 2 641 642
f 52 53 693 692
f 105 104 232 233
f 182 181 757 758
f 130 129 706 705
f 106 105 233 234
f 51 52 692 691
f 181 180 756 757
f 107 106 234 235
f 50 51 691 690
f 180 179 755 756
f 108 107 235 236
f 49 50 690 689
f 179 178 754 755
f 109 108 236 237
f 48 49 689 688
f 178 177 753 754
f 110 109 237 238
f 47 48 688 687
f 177 176 752 753
f 111 110 238 239
f 46 47 687 686
f 176 175 751 752
f 112 111 239 240
f 45 46 686 685
f 175 174 750 751
f 113 112 240 241
f 44 45 685 684
f 174 173 749 750
f 114 113 241 242
f 43 44 684 683
f 173 172 748 749
f 115 114 242 243
f 42 43 683 682
f 172 171 747 748
f 116 115 243 244
f 41 42 682 681
f 171 170 746 747
f 117 116 244 245
f 66 65 193 194
f 40 41 681 680
f 118 117 245 246
f 67 66 194 195
f 170 169 745 746
f 119 118 246 247
f 68 67 195 196
f 39 40 680 679
f 120 119 247 248
f 69 68 196 197
f 169 168 744 745
f 121 120 248 249
f 70 69 197 198
f 38 39 679 678
f 122 121 249 250
f 71 70 198 199
f 168 167 743 744
f 123 122 250 251
f 72 71 199 200
f 37 38 678 677
f 124 123 251 252
f 73 72 200 201
f 167 166 742 743
f 125 124 252 253
f 74 73 201 202
f 36 37 677 676
f 126 125 253 254
f 75 74 202 203
f 166 165 741 742
f 127 126 254 255
f 76 75 203 204
f 35 36 676 675
f 128 127 255 256
f 77 76 204 205
f 165 164 740 741
f 65 128 256 193
f 78 77 205 206
f 164 163 739 740
f 79 78 206 207
f 34 35 675 674
f 80 79 207 208
f 163 162 738 739
f 81 80 208 209
f 33 34 674 673
f 424 423 600 599
f 293 294 550 549
f 365 364 492 493
f 423 422 601 600
f 292 293 549 548
f 364 363 491 492
f 422 421 602 601
f 291 292 548 547
f 363 362 490 491
f 421 420 603 602
f 290 291 547 546
f 362 361 489 490
f 420 419 604 603
f 289 290 546 545
f 361 360 488 489
f 419 418 605 604
f 288 289 545 544
f 360 359 487 488
f 418 417 606 605
f 359 358 486 487
f 287 288 544 543
f 358 357 485 486
f 417 416 607 606
f 357 356 484 485
f 416 415 608 607
f 356 355 483 484
f 286 287 543 542
f 355 354 482 483
f 415 414 609 608
f 354 353 481 482
f 285 286 542 541
f 353 352 480 481
f 414 413 610 609
f 352 351 479 480
f 284 285 541 540
f 351 350 478 479
f 413 412 611 610
f 350 349 477 478
f 283 284 540 539
f 349 348 476 477
f 412 411 612 611
f 348 347 475 476
f 282 283 539 538
f 347 346 474 475
f 411 410 613 612
f 346 345 473 474
f 281 282 538 537
f 345 344 472 473
f 410 409 614 613
f 344 343 471 472
f 280 281 537 536
f 343 342 470 471
f 409 408 615 614
f 342 341 469 470
f 279 280 536 535
f 341 340 468 469
f 408 407 616 615
f 340 339 467 468
f 278 279 535 534
f 339 338 466 467
f 407 406 617 616
f 338 337 465 466
f 277 278 534 533
f 337 336 464 465
f 406 405 618 617
f 336 335 463 464
f 276 277 533 532
f 335 334 462 463
f 405 404 619 618
f 334 333 461 462
f 321 384 512 449
f 275 276 532 531
f 333 332 460 461
f 384 383 511 512
f 404 403 620 619
f 332 331 459 460
f 383 382 510 511
f 274 275 531 530
f 331 330 458 459
f 382 381 509 510
f 403 402 621 620
f 330 329 457 458
f 381 380 508 509
f 273 274 530 529
f 329 328 456 457
f 380 379 507 508
f 402 401 622 621
f 328 327 455 456
f 379 378 506 507
f 272 273 529 528
f 327 326 454 455
f 378 377 505 506
f 401 400 623 622
f 326 325 453 454
f 377 376 504 505
f 271 272 528 527
f 325 324 452 453
f 376 375 503 504
f 400 399 624 623
f 324 323 451 452
f 375 374 502 503
f 270 271 527 526
f 323 322 450 451
f 374 373 501 502
f 399 398 625 624
f 322 321 449 450
f 373 372 500 501
f 269 270 526 525
f 320 257 514 576
f 372 371 499 500
f 398 397 627 625
f 268 269 525 524
f 371 370 498 499
f 319 320 576 575
f 385 448 628 626
f 370 369 497 498
f 397 396 629 627
f 267 268 524 523
f 369 368 496 497
f 318 319 575 574
f 448 447 630 628
f 368 367 495 496
f 396 395 631 629
f 266 267 523 522
f 367 366 494 495
f 317 318 574 573
f 447 446 632 630
f 366 365 493 494
f 512 385 449
f 386 387 451
f 511 448 512
f 385 386 450
f 510 447 511
f 467 466 402
f 509 446 510
f 386 451 450
f 448 385 512
f 470 469 405
f 387 388 451
f 388 453 452
f 416 417 480
f 388 389 453
f 454 389 390
f 447 448 511
f 389 454 453
f 509 508 445
f 454 390 391
f 446 509 445
f 493 429 430
f 506 443 507
f 508 507 443
f 455 454 391
f 456 391 392
f 444 508 443
f 391 456 455
f 506 505 442
f 457 456 392
f 443 506 442
f 392 393 457
f 504 441 505
f 490 425 426
f 473 472 409
f 393 394 458
f 434 435 499
f 440 441 504
f 477 476 413
f 459 458 395
f 502 439 503
f 488 423 424
f 395 460 459
f 460 395 396
f 438 439 502
f 461 460 396
f 438 502 501
f 461 396 397
f 437 438 501
f 397 398 461
f 500 436 501
f 436 437 501
f 476 475 411
f 463 462 398
f 436 500 499
f 463 398 399
f 435 436 499
f 399 400 463
f 498 434 499
f 458 394 395
f 490 426 427
f 465 464 400
f 434 498 497
f 465 400 401
f 433 434 497
f 466 465 401
f 466 401 402
f 432 433 497
f 432 497 496
f 403 467 402
f 496 495 432
f 398 462 461
f 425 489 488
f 467 403 404
f 430 431 495
f 468 467 404
f 430 495 494
f 405 469 404
f 494 493 430
f 495 431 432
f 486 422 423
f 406 470 405
f 428 429 493
f 472 471 407
f 428 493 492
f 470 406 407
f 427 428 492
f 471 470 407
f 427 492 491
f 408 472 407
f 491 490 427
f 409 472 408
f 504 503 439
f 400 464 463
f 410 473 409
f 490 489 425
f 393 458 457
f 441 442 505
f 411 474 410
f 424 425 488
f 388 452 451
f 474 473 410
f 412 476 411
f 488 487 423
f 413 476 412
f 486 485 421
f 475 474 411
f 487 486 423
f 414 477 413
f 446 447 510
f 469 468 404
f 486 421 422
f 415 478 414
f 484 419 420
f 416 479 415
f 485 420 421
f 479 478 415
f 485 484 420
f 417 482 481
f 385 450 449
f 418 483 482
f 478 477 414
f 483 418 419
f 484 483 419
f 417 418 482
f 479 416 480
f 445 508 444
f 480 417 481
f 440 504 439
f 518 519 637 577
f 569 570 639 578
f 517 518 577 579
f 568 569 578 580
f 516 517 579 581
f 567 568 580 582
f 515 516 581 583
f 566 567 582 584
f 513 515 583 585
f 565 566 584 586
f 514 513 585 626
f 564 565 586 587
f 563 564 587 588
f 562 563 588 589
f 561 562 589 590
f 560 561 590 591
f 559 560 591 592
f 558 559 592 593
f 557 558 593 594
f 556 557 594 595
f 555 556 595 596
f 554 555 596 597
f 553 554 597 598
f 552 553 598 599
f 551 552 599 600
f 550 551 600 601
f 549 550 601 602
f 548 549 602 603
f 547 548 603 604
f 546 547 604 605
f 545 546 605 606
f 544 545 606 607
f 543 544 607 608
f 542 543 608 609
f 541 542 609 610
f 540 541 610 611
f 539 540 611 612
f 538 539 612 613
f 537 538 613 614
f 536 537 614 615
f 535 536 615 616
f 534 535 616 617
f 533 534 617 618
f 532 533 618 619
f 531 532 619 620
f 530 531 620 621
f 529 530 621 622
f 528 529 622 623
f 527 528 623 624
f 526 527 624 625
f 525 526 625 627
f 576 514 626 628
f 524 525 627 629
f 575 576 628 630
f 523 524 629 631
f 574 575 630 632
f 522 523 631 633
f 573 574 632 634
f 521 522 633 635
f 572 573 634 636
f 520 521 635 638
f 571 572 636 640
f 519 520 638 637
f 570 571 640 639
f 294 295 551 550
f 425 424 599 598
f 295 296 552 551
f 426 425 598 597
f 296 297 553 552
f 427 426 597 596
f 297 298 554 553
f 428 427 596 595
f 298 299 555 554
f 429 428 595 594
f 299 300 556 555
f 430 429 594 593
f 300 301 557 556
f 431 430 593 592
f 301 302 558 557
f 432 431 592 591
f 302 303 559 558
f 433 432 591 590
f 303 304 560 559
f 434 433 590 589
f 304 305 561 560
f 435 434 589 588
f 305 306 562 561
f 436 435 588 587
f 306 307 563 562
f 437 436 587 586
f 307 308 564 563
f 386 385 626 585
f 438 437 586 584
f 308 309 565 564
f 257 258 513 514
f 387 386 585 583
f 439 438 584 582
f 309 310 566 565
f 258 259 515 513
f 388 387 583 581
f 440 439 582 580
f 310 311 567 566
f 259 260 516 515
f 389 388 581 579
f 441 440 580 578
f 311 312 568 567
f 260 261 517 516
f 390 389 579 577
f 442 441 578 639
f 312 313 569 568
f 391 390 577 637
f 261 262 518 517
f 443 442 639 640
f 313 314 570 569
f 392 391 637 638
f 262 263 519 518
f 444 443 640 636
f 314 315 571 570
f 393 392 638 635
f 263 264 520 519
f 445 444 636 634
f 315 316 572 571
f 394 393 635 633
f 264 265 521 520
f 446 445 634 632
f 316 317 573 572
f 395 394 633 631
f 265 266 522 521
f 670 671 735 734
f 671 672 736 735
f 672 673 737 736
f 673 674 738 737
f 674 675 739 738
f 675 676 740 739
f 676 677 741 740
f 677 678 742 741
f 678 679 743 742
f 679 680 744 743
f 680 681 745 744
f 681 682 746 745
f 682 683 747 746
f 683 684 748 747
f 684 685 749 748
f 685 686 750 749
f 686 687 751 750
f 687 688 752 751
f 688 689 753 752
f 689 690 754 753
f 690 691 755 754
f 691 692 756 755
f 692 693 757 756
f 642 641 705 706
f 693 694 758 757
f 641 643 707 705
f 694 695 759 758
f 643 644 708 707
f 695 696 760 759
f 644 645 709 708
f 696 697 761 760
f 645 646 710 709
f 697 698 762 761
f 646 647 711 710
f 698 699 763 762
f 647 648 712 711
f 699 700 764 763
f 648 649 713 712
f 700 701 765 764
f 649 650 714 713
f 701 702 766 765
f 650 651 715 714
f 702 703 767 766
f 651 652 716 715
f 703 704 768 767
f 652 653 717 716
f 704 642 706 768
f 653 654 718 717
f 654 655 719 718
f 655 656 720 719
f 656 657 721 720
f 657 658 722 721
f 658 659 723 722
f 659 660 724 723
f 660 661 725 724
f 661 662 726 725
f 662 663 727 726
f 663 664 728 727
f 664 665 729 728
f 665 666 730 729
f 666 667 731 730
f 667 668 732 731
f 668 669 733 732
f 669 670 734 733
f 58 59 699 698
f 7 8 648 647
f 137 136 712 713
f 189 188 764 765
f 59 60 700 699
f 8 9 649 648
f 138 137 713 714
f 190 189 765 766
f 60 61 701 700
f 9 10 650 649
f 139 138 714 715
f 191 190 766 767
f 61 62 702 701
f 10 11 651 650
f 140 139 715 716
f 192 191 767 768
f 62 63 703 702
f 11 12 652 651
f 141 140 716 717
f 129 192 768 706
f 63 64 704 703
f 12 13 653 652
f 142 141 717 718
f 64 1 642 704
f 13 14 654 653
f 143 142 718 719
f 14 15 655 654
f 144 143 719 720
f 15 16 656 655
f 145 144 720 721
f 146 145 721 722
f 16 17 657 656
f 147 146 722 723
f 17 18 658 657
f 148 147 723 724
f 18 19 659 658
f 149 148 724 725
f 19 20 660 659
f 150 149 725 726
f 20 21 661 660
f 21 22 662 661
f 151 150 726 727
f 22 23 663 662
f 152 151 727 728
f 23 24 664 663
f 153 152 728 729
f 24 25 665 664
f 154 153 729 730
f 25 26 666 665
f 155 154 730 731
f 26 27 667 666
f 156 155 731 732
f 27 28 668 667
f 157 156 732 733
f 28 29 669 668
f 158 157 733 734
f 29 30 670 669
f 159 158 734 735
f 30 31 671 670
f 160 159 735 736
f 31 32 672 671
f 161 160 736 737
f 32 33 673 672
f 162 161 737 738
f 770 769 833
f 807 871 808
f 771 770 834
f 833 832 896
f 772 771 836
f 834 770 833
f 773 772 836
f 896 832 831
f 829 893 894
f 896 831 895
f 833 769 832
f 774 838 775
f 848 783 847
f 835 771 834
f 828 892 829
f 775 839 776
f 894 830 829
f 799 862 863
f 827 892 828
f 793 856 857
f 827 891 892
f 836 837 773
f 806 870 807
f 776 840 777
f 826 891 827
f 826 890 891
f 797 861 862
f 838 839 775
f 825 890 826
f 811 876 812
f 839 840 776
f 794 859 795
f 773 838 774
f 840 841 777
f 824 888 825
f 779 778 842
f 841 842 777
f 810 874 811
f 888 823 887
f 780 779 844
f 808 872 809
f 844 779 843
f 813 878 814
f 781 780 844
f 805 870 806
f 888 824 823
f 821 885 886
f 845 781 844
f 885 821 884
f 782 781 846
f 791 854 855
f 894 831 830
f 819 884 820
f 846 783 782
f 819 883 884
f 847 783 846
f 818 883 819
f 784 783 848
f 818 882 883
f 809 874 810
f 882 818 881
f 785 784 849
f 829 892 893
f 886 823 822
f 816 881 817
f 816 880 881
f 785 849 786
f 881 818 817
f 816 879 880
f 851 786 850
f 815 879 816
f 851 787 786
f 815 878 879
f 852 787 851
f 814 878 815
f 852 788 787
f 877 878 813
f 788 852 789
f 797 860 861
f 846 781 845
f 813 876 877
f 854 789 853
f 812 876 813
f 854 790 789
f 875 876 811
f 790 854 791
f 874 875 811
f 825 888 889
f 887 823 886
f 792 856 793
f 873 874 809
f 791 856 792
f 791 855 856
f 886 822 821
f 872 873 809
f 849 784 848
f 793 857 858
f 825 889 890
f 871 872 808
f 793 858 794
f 870 871 807
f 884 821 820
f 843 779 842
f 794 858 859
f 869 870 805
f 837 838 773
f 868 869 805
f 795 859 860
f 798 862 799
f 795 860 796
f 867 803 866
f 796 860 797
f 803 868 804
f 777 842 778
f 866 802 865
f 898 961 897
f 867 868 803
f 862 798 797
f 865 801 800
f 864 799 863
f 864 800 799
f 805 804 868
f 789 852 853
f 836 771 835
f 865 800 864
f 803 802 866
f 895 831 894
f 802 801 865
f 786 849 850
f 935 936 999
f 899 962 898
f 961 1024 960
f 900 964 899
f 962 961 898
f 901 964 900
f 1024 959 960
f 957 1022 1021
f 1024 1023 959
f 961 960 897
f 902 903 966
f 976 975 911
f 963 962 899
f 956 957 1020
f 903 904 967
f 1022 957 958
f 927 991 990
f 955 956 1020
f 921 985 984
f 955 1020 1019
f 964 901 965
f 934 935 998
f 904 905 968
f 954 955 1019
f 954 1019 1018
f 925 990 989
f 966 903 967
f 953 954 1018
f 939 940 1004
f 967 904 968
f 922 923 987
f 901 902 966
f 968 905 969
f 952 953 1016
f 907 970 906
f 969 905 970
f 938 939 1002
f 1016 1015 951
f 908 972 907
f 936 937 1000
f 972 971 907
f 941 942 1006
f 909 972 908
f 933 934 998
f 1016 951 952
f 949 1014 1013
f 973 972 909
f 1013 1012 949
f 910 974 909
f 919 983 982
f 1022 958 959
f 947 948 1012
f 974 910 911
f 947 1012 1011
f 975 974 911
f 946 947 1011
f 912 976 911
f 946 1011 1010
f 937 938 1002
f 1010 1009 946
f 913 977 912
f 957 1021 1020
f 1014 950 951
f 944 945 1009
f 944 1009 1008
f 913 914 977
f 1009 945 946
f 944 1008 1007
f 979 978 914
f 943 944 1007
f 979 914 915
f 943 1007 1006
f 980 979 915
f 942 943 1006
f 980 915 916
f 1005 941 1006
f 916 917 980
f 925 989 988
f 974 973 909
f 941 1005 1004
f 982 981 917
f 940 941 1004
f 982 917 918
f 1003 939 1004
f 918 919 982
f 1002 939 1003
f 953 1017 1016
f 1015 1014 951
f 920 921 984
f 1001 937 1002
f 919 920 984
f 919 984 983
f 1014 949 950
f 1000 937 1001
f 977 976 912
f 921 986 985
f 953 1018 1017
f 999 936 1000
f 921 922 986
f 998 935 999
f 1012 948 949
f 971 970 907
f 922 987 986
f 997 933 998
f 965 901 966
f 996 933 997
f 923 988 987
f 926 927 990
f 923 924 988
f 995 994 931
f 924 925 988
f 931 932 996
f 905 906 970
f 994 993 930
f 995 931 996
f 990 925 926
f 993 928 929
f 992 991 927
f 992 927 928
f 933 996 932
f 917 981 980
f 964 963 899
f 993 992 928
f 931 994 930
f 1023 1022 959
f 930 993 929
f 914 978 977
f 860 859 987 988
f 808 809 937 936
f 861 860 988 989
f 809 810 938 937
f 862 861 989 990
f 810 811 939 938
f 863 862 990 991
f 811 812 940 939
f 864 863 991 992
f 812 813 941 940
f 865 864 992 993
f 813 814 942 941
f 866 865 993 994
f 814 815 943 942
f 867 866 994 995
f 815 816 944 943
f 868 867 995 996
f 816 817 945 944
f 869 868 996 997
f 817 818 946 945
f 870 869 997 998
f 818 819 947 946
f 871 870 998 999
f 819 820 948 947
f 872 871 999 1000
f 820 821 949 948
f 769 770 898 897
f 873 872 1000 1001
f 821 822 950 949
f 770 771 899 898
f 874 873 1001 1002
f 822 823 951 950
f 771 772 900 899
f 875 874 1002 1003
f 823 824 952 951
f 772 773 901 900
f 876 875 1003 1004
f 824 825 953 952
f 773 774 902 901
f 877 876 1004 1005
f 825 826 954 953
f 774 775 903 902
f 878 877 1005 1006
f 826 827 955 954
f 775 776 904 903
f 879 878 1006 1007
f 827 828 956 955
f 776 777 905 904
f 880 879 1007 1008
f 828 829 957 956
f 777 778 906 905
f 881 880 1008 1009
f 829 830 958 957
f 778 779 907 906
f 882 881 1009 1010
f 830 831 959 958
f 779 780 908 907
f 883 882 1010 1011
f 831 832 960 959
f 780 781 909 908
f 884 883 1011 1012
f 832 769 897 960
f 781 782 910 909
f 885 884 1012 1013
f 834 833 961 962
f 782 783 911 910
f 886 885 1013 1014
f 835 834 962 963
f 783 784 912 911
f 887 886 1014 1015
f 836 835 963 964
f 784 785 913 912
f 888 887 1015 1016
f 837 836 964 965
f 785 786 914 913
f 889 888 1016 1017
f 838 837 965 966
f 786 787 915 914
f 890 889 1017 1018
f 839 838 966 967
f 787 788 916 915
f 891 890 1018 1019
f 840 839 967 968
f 788 789 917 916
f 892 891 1019 1020
f 841 840 968 969
f 789 790 918 917
f 893 892 1020 1021
f 842 841 969 970
f 790 791 919 918
f 894 893 1021 1022
f 843 842 970 971
f 791 792 920 919
f 895 894 1022 1023
f 844 843 971 972
f 792 793 921 920
f 896 895 1023 1024
f 845 844 972 973
f 793 794 922 921
f 833 896 1024 961
f 846 845 973 974
f 794 795 923 922
f 847 846 974 975
f 795 796 924 923
f 848 847 975 976
f 796 797 925 924
f 849 848 976 977
f 797 798 926 925
f 850 849 977 978
f 798 799 927 926
f 851 850 978 979
f 799 800 928 927
f 852 851 979 980
f 800 801 929 928
f 853 852 980 981
f 801 802 930 929
f 854 853 981 982
f 802 803 931 930
f 855 854 982 983
f 803 804 932 931
f 856 855 983 984
f 804 805 933 932
f 857 856 984 985
f 805 806 934 933
f 858 857 985 986
f 806 807 935 934
f 859 858 986 987
f 807 808 936 935
f 1025 1027 1538 1496
f 1027 1029 1542 1538
f 1029 1031 1547 1542
f 1031 1033 1505 1547
f 1033 1035 1509 1505
f 1035 1037 1520 1509
f 1037 1039 1553 1520
f 1039 1041 1442 1553
f 1041 1043 1446 1442
f 1043 1045 1409 1446
f 1045 1047 1398 1409
f 1047 1049 1465 1398
f 1049 1051 1479 1465
f 1051 1053 1384 1479
f 1053 1055 1378 1384
f 1055 1057 1387 1378
f 1057 1059 1373 1387
f 1059 1061 1368 1373
f 1061 1063 1476 1368
f 1063 1065 1486 1476
f 1065 1067 1459 1486
f 1067 1069 1464 1459
f 1069 1071 1564 1464
f 1071 1073 1514 1564
f 1073 1075 1324 1514
f 1075 1077 1328 1324
f 1077 1079 1301 1328
f 1079 1081 1281 1301
f 1081 1083 1285 1281
f 1083 1085 1351 1285
f 1085 1087 1343 1351
f 1087 1089 1348 1343
f 1089 1091 1345 1348
f 1091 1093 1350 1345
f 1093 1095 1286 1350
f 1095 1097 1282 1286
f 1097 1099 1303 1282
f 1099 1101 1329 1303
f 1101 1103 1325 1329
f 1103 1105 1513 1325
f 1105 1107 1563 1513
f 1107 1109 1463 1563
f 1109 1111 1460 1463
f 1111 1113 1487 1460
f 1113 1115 1475 1487
f 1115 1117 1367 1475
f 1117 1119 1372 1367
f 1119 1121 1390 1372
f 1121 1123 1382 1390
f 1123 1125 1386 1382
f 1125 1127 1482 1386
f 1127 1129 1468 1482
f 1129 1131 1401 1468
f 1131 1133 1411 1401
f 1133 1135 1448 1411
f 1135 1137 1444 1448
f 1137 1139 1555 1444
f 1139 1141 1523 1555
f 1141 1143 1511 1523
f 1143 1145 1507 1511
f 1145 1147 1551 1507
f 1147 1149 1545 1551
f 1149 1151 1541 1545
f 1151 1025 1496 1541
f 1153 1154 1156 1155
f 1155 1156 1158 1157
f 1157 1158 1160 1159
f 1159 1160 1162 1161
f 1161 1162 1164 1163
f 1163 1164 1166 1165
f 1165 1166 1168 1167
f 1167 1168 1170 1169
f 1169 1170 1172 1536 1533 1493 1489 1497 1539 1543 1548 1546 1171
f 1171 1546 1504 1508 1519 1173
f 1173 1519 1518 1552 1441 1449 1175
f 1175 1449 1445 1412 1177
f 1177 1412 1408 1397 1469 1179
f 1179 1469 1466 1478 1181
f 1181 1478 1477 1383 1380 1183
f 1183 1380 1379 1388 1185
f 1185 1388 1369 1370 1187
f 1187 1370 1364 1472 1471 1189
f 1189 1471 1483 1470 1191
f 1191 1470 1457 1461 1556 1193
f 1193 1556 1562 1516 1195
f 1195 1516 1512 1323 1327 1335 1197
f 1197 1335 1302 1283 1288 1199
f 1199 1288 1287 1352 1344 1347 1332 1360 1356 1362 1200 1202 1201
f 1201 1202 1204 1203
f 1203 1204 1206 1205
f 1205 1206 1208 1207
f 1207 1208 1210 1209
f 1209 1210 1212 1211
f 1211 1212 1214 1213
f 1213 1214 1216 1215
f 1215 1216 1218 1217
f 1217 1218 1220 1219
f 1219 1220 1222 1221
f 1221 1222 1224 1223
f 1223 1224 1226 1225
f 1225 1226 1228 1227
f 1227 1228 1230 1229
f 1229 1230 1232 1231
f 1231 1232 1234 1233
f 1233 1234 1236 1363 1357 1361 1334 1349 1346 1353 1289 1290 1235
f 1235 1290 1284 1304 1336 1237
f 1237 1336 1330 1326 1515 1517 1239
f 1239 1517 1565 1557 1241
f 1241 1557 1462 1458 1485 1243
f 1243 1485 1484 1473 1245
f 1245 1473 1474 1366 1365 1247
f 1247 1365 1371 1389 1249
f 1249 1389 1381 1391 1251
f 1251 1391 1385 1480 1481 1253
f 1253 1481 1467 1400 1255
f 1255 1400 1399 1410 1413 1257
f 1257 1413 1447 1450 1259
f 1259 1450 1443 1554 1521 1522 1261
f 1261 1522 1510 1506 1549 1263
f 1263 1549 1550 1544 1540 1498 1490 1494 1534 1537 1264 1266 1265
f 1265 1266 1268 1267
f 1267 1268 1270 1269
f 1269 1270 1272 1271
f 1271 1272 1274 1273
f 1273 1274 1276 1275
f 1275 1276 1278 1277
f 1277 1278 1280 1279
f 1279 1280 1154 1153
f 1149 1147 1275 1277
f 1115 1113 1241 1243
f 1081 1079 1207 1209
f 1148 1150 1278 1276
f 1047 1045 1173 1175
f 1114 1116 1244 1242
f 1080 1082 1210 1208
f 1046 1048 1176 1174
f 1151 1149 1277 1279
f 1117 1115 1243 1245
f 1083 1081 1209 1211
f 1150 1152 1280 1278
f 1049 1047 1175 1177
f 1116 1118 1246 1244
f 1082 1084 1212 1210
f 1048 1050 1178 1176
f 1025 1151 1279 1153
f 1119 1117 1245 1247
f 1085 1083 1211 1213
f 1152 1026 1154 1280
f 1051 1049 1177 1179
f 1118 1120 1248 1246
f 1084 1086 1214 1212
f 1050 1052 1180 1178
f 1121 1119 1247 1249
f 1087 1085 1213 1215
f 1053 1051 1179 1181
f 1120 1122 1250 1248
f 1086 1088 1216 1214
f 1052 1054 1182 1180
f 1123 1121 1249 1251
f 1089 1087 1215 1217
f 1055 1053 1181 1183
f 1122 1124 1252 1250
f 1088 1090 1218 1216
f 1054 1056 1184 1182
f 1125 1123 1251 1253
f 1091 1089 1217 1219
f 1057 1055 1183 1185
f 1124 1126 1254 1252
f 1090 1092 1220 1218
f 1056 1058 1186 1184
f 1127 1125 1253 1255
f 1093 1091 1219 1221
f 1059 1057 1185 1187
f 1126 1128 1256 1254
f 1092 1094 1222 1220
f 1058 1060 1188 1186
f 1129 1127 1255 1257
f 1027 1025 1153 1155
f 1095 1093 1221 1223
f 1061 1059 1187 1189
f 1128 1130 1258 1256
f 1094 1096 1224 1222
f 1060 1062 1190 1188
f 1026 1028 1156 1154
f 1131 1129 1257 1259
f 1097 1095 1223 1225
f 1063 1061 1189 1191
f 1130 1132 1260 1258
f 1029 1027 1155 1157
f 1096 1098 1226 1224
f 1062 1064 1192 1190
f 1028 1030 1158 1156
f 1133 1131 1259 1261
f 1099 1097 1225 1227
f 1065 1063 1191 1193
f 1132 1134 1262 1260
f 1031 1029 1157 1159
f 1098 1100 1228 1226
f 1064 1066 1194 1192
f 1030 1032 1160 1158
f 1135 1133 1261 1263
f 1101 1099 1227 1229
f 1067 1065 1193 1195
f 1134 1136 1264 1262
f 1033 1031 1159 1161
f 1100 1102 1230 1228
f 1066 1068 1196 1194
f 1032 1034 1162 1160
f 1137 1135 1263 1265
f 1103 1101 1229 1231
f 1069 1067 1195 1197
f 1136 1138 1266 1264
f 1035 1033 1161 1163
f 1102 1104 1232 1230
f 1068 1070 1198 1196
f 1034 1036 1164 1162
f 1139 1137 1265 1267
f 1105 1103 1231 1233
f 1071 1069 1197 1199
f 1138 1140 1268 1266
f 1037 1035 1163 1165
f 1104 1106 1234 1232
f 1070 1072 1200 1198
f 1036 1038 1166 1164
f 1141 1139 1267 1269
f 1107 1105 1233 1235
f 1073 1071 1199 1201
f 1140 1142 1270 1268
f 1039 1037 1165 1167
f 1106 1108 1236 1234
f 1072 1074 1202 1200
f 1038 1040 1168 1166
f 1143 1141 1269 1271
f 1109 1107 1235 1237
f 1075 1073 1201 1203
f 1142 1144 1272 1270
f 1041 1039 1167 1169
f 1108 1110 1238 1236
f 1074 1076 1204 1202
f 1040 1042 1170 1168
f 1145 1143 1271 1273
f 1111 1109 1237 1239
f 1077 1075 1203 1205
f 1144 1146 1274 1272
f 1043 1041 1169 1171
f 1110 1112 1240 1238
f 1076 1078 1206 1204
f 1042 1044 1172 1170
f 1147 1145 1273 1275
f 1113 1111 1239 1241
f 1079 1077 1205 1207
f 1146 1148 1276 1274
f 1045 1043 1171 1173
f 1112 1114 1242 1240
f 1078 1080 1208 1206
f 1044 1046 1174 1172
f 1506 1507 1551 1550 1549
f 1505 1504 1546 1548 1547
f 1566 1581 1056 1054
f 1407 1395 1130 1128
f 1530 1531 1527 1526
f 1529 1528 1524 1525
f 1427 1429 1433 1431 1435
f 1428 1426 1434 1430 1432
f 1404 1566 1054 1052
f 1346 1345 1350 1353
f 1343 1344 1352 1351
f 1289 1286 1282 1284 1290
f 1285 1287 1288 1283 1281
f 1326 1325 1513 1515
f 1324 1323 1512 1514
f 1423 1454 1456 1240 1242
f 1589 1419 1064 1062
f 1330 1329 1325 1326
f 1328 1327 1323 1324
f 1495 1491 1152 1150
f 1532 1529 1034 1032
f 1381 1382 1386 1385 1391
f 1378 1379 1380 1383 1384
f 1462 1463 1460 1458
f 1464 1461 1457 1459
f 1521 1523 1511 1510 1522
f 1520 1518 1519 1508 1509
f 1405 1407 1570 1569
f 1404 1402 1568 1566
f 1435 1431 1422 1423 1242 1244
f 1304 1303 1329 1330 1336
f 1301 1302 1335 1327 1328
f 1454 1452 1375 1377 1456
f 1453 1451 1455 1374 1376
f 1574 1580 1142 1140
f 1452 1424 1110 1108
f 1534 1535 1531 1530 1537
f 1532 1533 1536 1528 1529
f 1394 1395 1407 1405 1406
f 1392 1393 1403 1402 1404
f 1558 1503 1060 1058
f 1306 1305 1571 1575 1576 1174 1176
f 1294 1296 1439 1438
f 1293 1291 1436 1437
f 1572 1307 1042 1040
f 1515 1513 1563 1565 1517
f 1514 1512 1516 1562 1564
f 1559 1582 1567 1184 1186
f 1432 1425 1070 1068
f 1565 1563 1463 1462 1557
f 1564 1562 1556 1461 1464
f 1300 1310 1138 1136
f 1491 1496 1026 1152
f 1590 1587 1417 1416 1246 1248
f 1375 1452 1108 1106
f 1295 1294 1438 1396 1256 1258
f 1403 1393 1440 1180 1182
f 1354 1359 1086 1084
f 1421 1420 1430 1434 1192 1194
f 1498 1496 1491 1490
f 1496 1497 1489 1488
f 1322 1320 1355 1357 1363
f 1319 1321 1362 1356 1354
f 1569 1570 1585 1583 1584
f 1566 1568 1567 1582 1581
f 1510 1511 1507 1506
f 1509 1508 1504 1505
f 1312 1316 1078 1076
f 1341 1317 1102 1100
f 1550 1551 1545 1544
f 1547 1548 1543 1542
f 1314 1313 1317 1318
f 1312 1311 1315 1316
f 1362 1321 1340 1337 1198 1200
f 1414 1415 1586 1500 1188 1190
f 1309 1299 1295 1258 1260
f 1366 1367 1372 1371 1365
f 1368 1364 1370 1369 1373
f 1316 1339 1080 1078
f 1339 1319 1082 1080
f 1544 1545 1541 1540
f 1542 1543 1539 1538
f 1438 1439 1395 1394 1396
f 1437 1436 1440 1393 1392
f 1337 1315 1311 1374 1455 1196 1198
f 1357 1355 1358 1361
f 1354 1356 1360 1359
f 1526 1527 1580 1578 1579
f 1525 1524 1576 1575 1577
f 1500 1499 1559 1186 1188
f 1585 1570 1126 1124
f 1417 1418 1429 1427 1416
f 1419 1415 1414 1426 1428
f 1342 1341 1320 1322
f 1339 1340 1321 1319
f 1333 1358 1094 1092
f 1578 1580 1574 1573
f 1577 1575 1571 1572
f 1554 1555 1523 1521
f 1553 1552 1518 1520
f 1355 1320 1098 1096
f 1588 1502 1120 1118
f 1293 1437 1048 1046
f 1331 1348 1090 1088
f 1416 1427 1435 1244 1246
f 1389 1390 1382 1381
f 1387 1388 1379 1378
f 1580 1527 1144 1142
f 1581 1558 1058 1056
f 1531 1535 1148 1146
f 1567 1568 1402 1403 1182 1184
f 1587 1588 1418 1417
f 1589 1586 1415 1419
f 1361 1358 1333 1334
f 1359 1360 1332 1331
f 1455 1451 1421 1194 1196
f 1299 1300 1296 1294 1295
f 1298 1297 1292 1291 1293
f 1418 1588 1118 1116
f 1308 1310 1300 1299 1309
f 1307 1305 1306 1297 1298
f 1284 1282 1303 1304
f 1281 1283 1302 1301
f 1577 1572 1040 1038
f 1428 1432 1068 1066
f 1439 1296 1134 1132
f 1298 1293 1046 1044
f 1484 1487 1475 1474 1473
f 1486 1483 1471 1472 1476
f 1338 1342 1322 1363 1236 1238
f 1376 1312 1076 1074
f 1371 1372 1390 1389
f 1373 1369 1388 1387
f 1359 1331 1088 1086
f 1395 1439 1132 1130
f 1573 1574 1310 1308
f 1572 1571 1305 1307
f 1437 1392 1050 1048
f 1433 1429 1114 1112
f 1570 1407 1128 1126
f 1529 1525 1036 1034
f 1425 1453 1072 1070
f 1467 1468 1401 1399 1400
f 1465 1466 1469 1397 1398
f 1443 1444 1555 1554
f 1442 1441 1552 1553
f 1292 1297 1306 1176 1178
f 1583 1585 1561 1560
f 1581 1582 1559 1558
f 1474 1475 1367 1366
f 1476 1472 1364 1368
f 1385 1386 1482 1480
f 1384 1383 1477 1479
f 1320 1341 1100 1098
f 1349 1348 1345 1346
f 1348 1347 1344 1343
f 1296 1300 1136 1134
f 1576 1524 1528 1536 1172 1174
f 1453 1376 1074 1072
f 1525 1577 1038 1036
f 1502 1561 1122 1120
f 1527 1531 1146 1144
f 1353 1350 1286 1289
f 1351 1352 1287 1285
f 1560 1561 1502 1501
f 1558 1559 1499 1503
f 1410 1411 1448 1447 1413
f 1409 1408 1412 1445 1446
f 1422 1424 1452 1454 1423
f 1425 1420 1421 1451 1453
f 1560 1501 1590 1248 1250
f 1392 1404 1052 1050
f 1424 1433 1112 1110
f 1488 1492 1030 1028
f 1431 1433 1424 1422
f 1432 1430 1420 1425
f 1377 1375 1313 1314
f 1376 1374 1311 1312
f 1456 1377 1314 1318 1338 1238 1240
f 1501 1502 1588 1587 1590
f 1503 1499 1500 1586 1589
f 1399 1401 1411 1410
f 1398 1397 1408 1409
f 1535 1495 1150 1148
f 1429 1418 1116 1114
f 1348 1333 1092 1090
f 1318 1317 1341 1342 1338
f 1316 1315 1337 1340 1339
f 1334 1333 1348 1349
f 1331 1332 1347 1348
f 1313 1375 1106 1104
f 1540 1541 1496 1498
f 1538 1539 1497 1496
f 1480 1482 1468 1467 1481
f 1479 1477 1478 1466 1465
f 1358 1355 1096 1094
f 1458 1460 1487 1484 1485
f 1459 1457 1470 1483 1486
f 1434 1426 1414 1190 1192
f 1319 1354 1084 1082
f 1537 1530 1526 1579 1262 1264
f 1494 1495 1535 1534
f 1492 1493 1533 1532
f 1492 1532 1032 1030
f 1447 1448 1444 1443 1450
f 1446 1445 1449 1441 1442
f 1579 1578 1573 1308 1309 1260 1262
f 1496 1488 1028 1026
f 1396 1394 1406 1254 1256
f 1317 1313 1104 1102
f 1310 1574 1140 1138
f 1307 1298 1044 1042
f 1584 1583 1560 1250 1252
f 1503 1589 1062 1060
f 1490 1491 1495 1494
f 1488 1489 1493 1492
f 1406 1405 1569 1584 1252 1254
f 1561 1585 1124 1122
f 1419 1428 1066 1064
f 1440 1436 1291 1292 1178 1180
f 1846 1783 1719
f 1720 1785 1721
f 1845 1846 1782
f 1719 1784 1720
f 1844 1845 1781
f 1801 1736 1800
f 1843 1844 1780
f 1720 1784 1785
f 1782 1846 1719
f 1804 1739 1803
f 1721 1785 1722
f 1722 1786 1787
f 1750 1814 1751
f 1722 1787 1723
f 1788 1724 1723
f 1781 1845 1782
f 1723 1787 1788
f 1843 1779 1842
f 1788 1725 1724
f 1780 1779 1843
f 1827 1764 1763
f 1840 1841 1777
f 1842 1777 1841
f 1789 1725 1788
f 1790 1726 1725
f 1778 1777 1842
f 1725 1789 1790
f 1840 1776 1839
f 1791 1726 1790
f 1777 1776 1840
f 1726 1791 1727
f 1838 1839 1775
f 1824 1760 1759
f 1807 1743 1806
f 1727 1792 1728
f 1768 1833 1769
f 1774 1838 1775
f 1811 1747 1810
f 1793 1729 1792
f 1836 1837 1773
f 1822 1758 1757
f 1729 1793 1794
f 1794 1730 1729
f 1772 1836 1773
f 1795 1730 1794
f 1772 1835 1836
f 1795 1731 1730
f 1771 1835 1772
f 1731 1795 1732
f 1834 1835 1770
f 1770 1835 1771
f 1810 1745 1809
f 1797 1732 1796
f 1770 1833 1834
f 1797 1733 1732
f 1769 1833 1770
f 1733 1797 1734
f 1832 1833 1768
f 1792 1729 1728
f 1824 1761 1760
f 1799 1734 1798
f 1768 1831 1832
f 1799 1735 1734
f 1767 1831 1768
f 1800 1735 1799
f 1800 1736 1735
f 1766 1831 1767
f 1766 1830 1831
f 1737 1736 1801
f 1830 1766 1829
f 1732 1795 1796
f 1759 1822 1823
f 1801 1738 1737
f 1764 1829 1765
f 1802 1738 1801
f 1764 1828 1829
f 1739 1738 1803
f 1828 1764 1827
f 1829 1766 1765
f 1820 1757 1756
f 1740 1739 1804
f 1762 1827 1763
f 1806 1741 1805
f 1762 1826 1827
f 1804 1741 1740
f 1761 1826 1762
f 1805 1741 1804
f 1761 1825 1826
f 1742 1741 1806
f 1825 1761 1824
f 1743 1742 1806
f 1838 1773 1837
f 1734 1797 1798
f 1744 1743 1807
f 1824 1759 1823
f 1727 1791 1792
f 1775 1839 1776
f 1745 1744 1808
f 1758 1822 1759
f 1722 1785 1786
f 1808 1744 1807
f 1746 1745 1810
f 1822 1757 1821
f 1747 1746 1810
f 1820 1755 1819
f 1809 1745 1808
f 1821 1757 1820
f 1748 1747 1811
f 1780 1844 1781
f 1803 1738 1802
f 1820 1756 1755
f 1749 1748 1812
f 1818 1754 1753
f 1750 1749 1813
f 1819 1755 1754
f 1813 1749 1812
f 1819 1754 1818
f 1751 1815 1816
f 1719 1783 1784
f 1752 1816 1817
f 1812 1748 1811
f 1817 1753 1752
f 1818 1753 1817
f 1751 1816 1752
f 1813 1814 1750
f 1779 1778 1842
f 1814 1815 1751
f 1774 1773 1838
f 1876 1877 2005 2004
f 1928 1927 2055 2056
f 1875 1876 2004 2003
f 1927 1926 2054 2055
f 1874 1875 2003 2002
f 1926 1925 2053 2054
f 1873 1874 2002 2001
f 1925 1924 2052 2053
f 1872 1873 2001 2000
f 1924 1923 2051 2052
f 1911 1974 2102 2039
f 1871 1872 2000 1999
f 1923 1922 2050 2051
f 1974 1973 2101 2102
f 1870 1871 1999 1998
f 1922 1921 2049 2050
f 1973 1972 2100 2101
f 1869 1870 1998 1997
f 1921 1920 2048 2049
f 1972 1971 2099 2100
f 1868 1869 1997 1996
f 1920 1919 2047 2048
f 1971 1970 2098 2099
f 1867 1868 1996 1995
f 1919 1918 2046 2047
f 1970 1969 2097 2098
f 1866 1867 1995 1994
f 1918 1917 2045 2046
f 1969 1968 2096 2097
f 1865 1866 1994 1993
f 1917 1916 2044 2045
f 1968 1967 2095 2096
f 1864 1865 1993 1992
f 1916 1915 2043 2044
f 1967 1966 2094 2095
f 1863 1864 1992 1991
f 1915 1914 2042 2043
f 1966 1965 2093 2094
f 1862 1863 1991 1990
f 1914 1913 2041 2042
f 1965 1964 2092 2093
f 1861 1862 1990 1989
f 1913 1912 2040 2041
f 1964 1963 2091 2092
f 1860 1861 1989 1988
f 1912 1911 2039 2040
f 1963 1962 2090 2091
f 1859 1860 1988 1987
f 1910 1847 1975 2038
f 1962 1961 2089 2090
f 1858 1859 1987 1986
f 1909 1910 2038 2037
f 1961 1960 2088 2089
f 1857 1858 1986 1985
f 1908 1909 2037 2036
f 1960 1959 2087 2088
f 1856 1857 1985 1984
f 1907 1908 2036 2035
f 1959 1958 2086 2087
f 1855 1856 1984 1983
f 1906 1907 2035 2034
f 1958 1957 2085 2086
f 1854 1855 1983 1982
f 1905 1906 2034 2033
f 1957 1956 2084 2085
f 1853 1854 1982 1981
f 1904 1905 2033 2032
f 1956 1955 2083 2084
f 1852 1853 1981 1980
f 1903 1904 2032 2031
f 1955 1954 2082 2083
f 1851 1852 1980 1979
f 1902 1903 2031 2030
f 1954 1953 2081 2082
f 1850 1851 1979 1978
f 1901 1902 2030 2029
f 1953 1952 2080 2081
f 1849 1850 1978 1977
f 1900 1901 2029 2028
f 1952 1951 2079 2080
f 1848 1849 1977 1976
f 1899 1900 2028 2027
f 1951 1950 2078 2079
f 1847 1848 1976 1975
f 1898 1899 2027 2026
f 1950 1949 2077 2078
f 1897 1898 2026 2025
f 1949 1948 2076 2077
f 1896 1897 2025 2024
f 1948 1947 2075 2076
f 1895 1896 2024 2023
f 1947 1946 2074 2075
f 1894 1895 2023 2022
f 1946 1945 2073 2074
f 1893 1894 2022 2021
f 1945 1944 2072 2073
f 1892 1893 2021 2020
f 1944 1943 2071 2072
f 1891 1892 2020 2019
f 1943 1942 2070 2071
f 1890 1891 2019 2018
f 1942 1941 2069 2070
f 1889 1890 2018 2017
f 1941 1940 2068 2069
f 1888 1889 2017 2016
f 1940 1939 2067 2068
f 1887 1888 2016 2015
f 1939 1938 2066 2067
f 1886 1887 2015 2014
f 1938 1937 2065 2066
f 1885 1886 2014 2013
f 1937 1936 2064 2065
f 1884 1885 2013 2012
f 1936 1935 2063 2064
f 1883 1884 2012 2011
f 1935 1934 2062 2063
f 1882 1883 2011 2010
f 1934 1933 2061 2062
f 1881 1882 2010 2009
f 1933 1932 2060 2061
f 1880 1881 2009 2008
f 1932 1931 2059 2060
f 1879 1880 2008 2007
f 1931 1930 2058 2059
f 1878 1879 2007 2006
f 1930 1929 2057 2058
f 1877 1878 2006 2005
f 1929 1928 2056 2057
f 1800 1799 1927 1928
f 1906 1905 2481 2482
f 1801 1800 1928 1929
f 1854 1853 2429 2430
f 1802 1801 1929 1930
f 1724 1725 2365 2364
f 1803 1802 1930 1931
f 1775 1776 2416 2415
f 1804 1803 1931 1932
f 1905 1904 2480 2481
f 1805 1804 1932 1933
f 1853 1852 2428 2429
f 1806 1805 1933 1934
f 1723 1724 2364 2363
f 1807 1806 1934 1935
f 1774 1775 2415 2414
f 1808 1807 1935 1936
f 1904 1903 2479 2480
f 1809 1808 1936 1937
f 1852 1851 2427 2428
f 1810 1809 1937 1938
f 1722 1723 2363 2362
f 1811 1810 1938 1939
f 1773 1774 2414 2413
f 1812 1811 1939 1940
f 1903 1902 2478 2479
f 1813 1812 1940 1941
f 1851 1850 2426 2427
f 1814 1813 1941 1942
f 1721 1722 2362 2361
f 1815 1814 1942 1943
f 1772 1773 2413 2412
f 1816 1815 1943 1944
f 1902 1901 2477 2478
f 1817 1816 1944 1945
f 1850 1849 2425 2426
f 1818 1817 1945 1946
f 1720 1721 2361 2359
f 1819 1818 1946 1947
f 1771 1772 2412 2411
f 1820 1819 1947 1948
f 1901 1900 2476 2477
f 1821 1820 1948 1949
f 1849 1848 2423 2425
f 1822 1821 1949 1950
f 1719 1720 2359 2360
f 1770 1771 2411 2410
f 1823 1822 1950 1951
f 1900 1899 2475 2476
f 1848 1847 2424 2423
f 1824 1823 1951 1952
f 1769 1770 2410 2409
f 1899 1898 2474 2475
f 1825 1824 1952 1953
f 1768 1769 2409 2408
f 1898 1897 2473 2474
f 1826 1825 1953 1954
f 1767 1768 2408 2407
f 1897 1896 2472 2473
f 1827 1826 1954 1955
f 1766 1767 2407 2406
f 1896 1895 2471 2472
f 1828 1827 1955 1956
f 1765 1766 2406 2405
f 1895 1894 2470 2471
f 1829 1828 1956 1957
f 1764 1765 2405 2404
f 1894 1893 2469 2470
f 1830 1829 1957 1958
f 1763 1764 2404 2403
f 1893 1892 2468 2469
f 1831 1830 1958 1959
f 1762 1763 2403 2402
f 1892 1891 2467 2468
f 1832 1831 1959 1960
f 1761 1762 2402 2401
f 1891 1890 2466 2467
f 1833 1832 1960 1961
f 1760 1761 2401 2400
f 1890 1889 2465 2466
f 1834 1833 1961 1962
f 1759 1760 2400 2399
f 1889 1888 2464 2465
f 1835 1834 1962 1963
f 1784 1783 1911 1912
f 1758 1759 2399 2398
f 1836 1835 1963 1964
f 1785 1784 1912 1913
f 1888 1887 2463 2464
f 1837 1836 1964 1965
f 1786 1785 1913 1914
f 1757 1758 2398 2397
f 1838 1837 1965 1966
f 1787 1786 1914 1915
f 1887 1886 2462 2463
f 1839 1838 1966 1967
f 1788 1787 1915 1916
f 1756 1757 2397 2396
f 1840 1839 1967 1968
f 1789 1788 1916 1917
f 1886 1885 2461 2462
f 1841 1840 1968 1969
f 1790 1789 1917 1918
f 1755 1756 2396 2395
f 1842 1841 1969 1970
f 1791 1790 1918 1919
f 1885 1884 2460 2461
f 1843 1842 1970 1971
f 1792 1791 1919 1920
f 1754 1755 2395 2394
f 1844 1843 1971 1972
f 1793 1792 1920 1921
f 1884 1883 2459 2460
f 1845 1844 1972 1973
f 1794 1793 1921 1922
f 1753 1754 2394 2393
f 1846 1845 1973 1974
f 1795 1794 1922 1923
f 1883 1882 2458 2459
f 1783 1846 1974 1911
f 1796 1795 1923 1924
f 1882 1881 2457 2458
f 1797 1796 1924 1925
f 1752 1753 2393 2392
f 1798 1797 1925 1926
f 1881 1880 2456 2457
f 1799 1798 1926 1927
f 1751 1752 2392 2391
f 2142 2141 2318 2317
f 2011 2012 2268 2267
f 2083 2082 2210 2211
f 2141 2140 2319 2318
f 2010 2011 2267 2266
f 2082 2081 2209 2210
f 2140 2139 2320 2319
f 2009 2010 2266 2265
f 2081 2080 2208 2209
f 2139 2138 2321 2320
f 2008 2009 2265 2264
f 2080 2079 2207 2208
f 2138 2137 2322 2321
f 2007 2008 2264 2263
f 2079 2078 2206 2207
f 2137 2136 2323 2322
f 2006 2007 2263 2262
f 2078 2077 2205 2206
f 2136 2135 2324 2323
f 2077 2076 2204 2205
f 2005 2006 2262 2261
f 2076 2075 2203 2204
f 2135 2134 2325 2324
f 2075 2074 2202 2203
f 2134 2133 2326 2325
f 2074 2073 2201 2202
f 2004 2005 2261 2260
f 2073 2072 2200 2201
f 2133 2132 2327 2326
f 2072 2071 2199 2200
f 2003 2004 2260 2259
f 2071 2070 2198 2199
f 2132 2131 2328 2327
f 2070 2069 2197 2198
f 2002 2003 2259 2258
f 2069 2068 2196 2197
f 2131 2130 2329 2328
f 2068 2067 2195 2196
f 2001 2002 2258 2257
f 2067 2066 2194 2195
f 2130 2129 2330 2329
f 2066 2065 2193 2194
f 2000 2001 2257 2256
f 2065 2064 2192 2193
f 2129 2128 2331 2330
f 2064 2063 2191 2192
f 1999 2000 2256 2255
f 2063 2062 2190 2191
f 2128 2127 2332 2331
f 2062 2061 2189 2190
f 1998 1999 2255 2254
f 2061 2060 2188 2189
f 2127 2126 2333 2332
f 2060 2059 2187 2188
f 1997 1998 2254 2253
f 2059 2058 2186 2187
f 2126 2125 2334 2333
f 2058 2057 2185 2186
f 1996 1997 2253 2252
f 2057 2056 2184 2185
f 2125 2124 2335 2334
f 2056 2055 2183 2184
f 1995 1996 2252 2251
f 2055 2054 2182 2183
f 2124 2123 2336 2335
f 2054 2053 2181 2182
f 1994 1995 2251 2250
f 2053 2052 2180 2181
f 2123 2122 2337 2336
f 2052 2051 2179 2180
f 2039 2102 2230 2167
f 1993 1994 2250 2249
f 2051 2050 2178 2179
f 2102 2101 2229 2230
f 2122 2121 2338 2337
f 2050 2049 2177 2178
f 2101 2100 2228 2229
f 1992 1993 2249 2248
f 2049 2048 2176 2177
f 2100 2099 2227 2228
f 2121 2120 2339 2338
f 2048 2047 2175 2176
f 2099 2098 2226 2227
f 1991 1992 2248 2247
f 2047 2046 2174 2175
f 2098 2097 2225 2226
f 2120 2119 2340 2339
f 2046 2045 2173 2174
f 2097 2096 2224 2225
f 1990 1991 2247 2246
f 2045 2044 2172 2173
f 2096 2095 2223 2224
f 2119 2118 2341 2340
f 2044 2043 2171 2172
f 2095 2094 2222 2223
f 1989 1990 2246 2245
f 2043 2042 2170 2171
f 2094 2093 2221 2222
f 2118 2117 2342 2341
f 2042 2041 2169 2170
f 2093 2092 2220 2221
f 1988 1989 2245 2244
f 2041 2040 2168 2169
f 2092 2091 2219 2220
f 2117 2116 2343 2342
f 2040 2039 2167 2168
f 2091 2090 2218 2219
f 1987 1988 2244 2243
f 2038 1975 2232 2294
f 2090 2089 2217 2218
f 2116 2115 2345 2343
f 1986 1987 2243 2242
f 2089 2088 2216 2217
f 2037 2038 2294 2293
f 2103 2166 2346 2344
f 2088 2087 2215 2216
f 2115 2114 2347 2345
f 1985 1986 2242 2241
f 2087 2086 2214 2215
f 2036 2037 2293 2292
f 2166 2165 2348 2346
f 2086 2085 2213 2214
f 2114 2113 2349 2347
f 1984 1985 2241 2240
f 2085 2084 2212 2213
f 2035 2036 2292 2291
f 2165 2164 2350 2348
f 2084 2083 2211 2212
f 2230 2103 2167
f 2104 2105 2169
f 2229 2166 2230
f 2103 2104 2168
f 2228 2165 2229
f 2185 2184 2120
f 2227 2164 2228
f 2104 2169 2168
f 2166 2103 2230
f 2188 2187 2123
f 2105 2106 2169
f 2106 2171 2170
f 2134 2135 2198
f 2106 2107 2171
f 2172 2107 2108
f 2165 2166 2229
f 2107 2172 2171
f 2227 2226 2163
f 2172 2108 2109
f 2164 2227 2163
f 2211 2147 2148
f 2224 2161 2225
f 2226 2225 2161
f 2173 2172 2109
f 2174 2109 2110
f 2162 2226 2161
f 2109 2174 2173
f 2224 2223 2160
f 2175 2174 2110
f 2161 2224 2160
f 2110 2111 2175
f 2222 2159 2223
f 2208 2143 2144
f 2191 2190 2127
f 2111 2112 2176
f 2152 2153 2217
f 2158 2159 2222
f 2195 2194 2131
f 2177 2176 2113
f 2220 2157 2221
f 2206 2141 2142
f 2113 2178 2177
f 2178 2113 2114
f 2156 2157 2220
f 2179 2178 2114
f 2156 2220 2219
f 2179 2114 2115
f 2155 2156 2219
f 2115 2116 2179
f 2218 2154 2219
f 2154 2155 2219
f 2194 2193 2129
f 2181 2180 2116
f 2154 2218 2217
f 2181 2116 2117
f 2153 2154 2217
f 2117 2118 2181
f 2216 2152 2217
f 2176 2112 2113
f 2208 2144 2145
f 2183 2182 2118
f 2152 2216 2215
f 2183 2118 2119
f 2151 2152 2215
f 2184 2183 2119
f 2184 2119 2120
f 2150 2151 2215
f 2150 2215 2214
f 2121 2185 2120
f 2214 2213 2150
f 2116 2180 2179
f 2143 2207 2206
f 2185 2121 2122
f 2148 2149 2213
f 2186 2185 2122
f 2148 2213 2212
f 2123 2187 2122
f 2212 2211 2148
f 2213 2149 2150
f 2204 2140 2141
f 2124 2188 2123
f 2146 2147 2211
f 2190 2189 2125
f 2146 2211 2210
f 2188 2124 2125
f 2145 2146 2210
f 2189 2188 2125
f 2145 2210 2209
f 2126 2190 2125
f 2209 2208 2145
f 2127 2190 2126
f 2222 2221 2157
f 2118 2182 2181
f 2128 2191 2127
f 2208 2207 2143
f 2111 2176 2175
f 2159 2160 2223
f 2129 2192 2128
f 2142 2143 2206
f 2106 2170 2169
f 2192 2191 2128
f 2130 2194 2129
f 2206 2205 2141
f 2131 2194 2130
f 2204 2203 2139
f 2193 2192 2129
f 2205 2204 2141
f 2132 2195 2131
f 2164 2165 2228
f 2187 2186 2122
f 2204 2139 2140
f 2133 2196 2132
f 2202 2137 2138
f 2134 2197 2133
f 2203 2138 2139
f 2197 2196 2133
f 2203 2202 2138
f 2135 2200 2199
f 2103 2168 2167
f 2136 2201 2200
f 2196 2195 2132
f 2201 2136 2137
f 2202 2201 2137
f 2135 2136 2200
f 2197 2134 2198
f 2163 2226 2162
f 2198 2135 2199
f 2158 2222 2157
f 2236 2237 2355 2295
f 2287 2288 2357 2296
f 2235 2236 2295 2297
f 2286 2287 2296 2298
f 2234 2235 2297 2299
f 2285 2286 2298 2300
f 2233 2234 2299 2301
f 2284 2285 2300 2302
f 2231 2233 2301 2303
f 2283 2284 2302 2304
f 2232 2231 2303 2344
f 2282 2283 2304 2305
f 2281 2282 2305 2306
f 2280 2281 2306 2307
f 2279 2280 2307 2308
f 2278 2279 2308 2309
f 2277 2278 2309 2310
f 2276 2277 2310 2311
f 2275 2276 2311 2312
f 2274 2275 2312 2313
f 2273 2274 2313 2314
f 2272 2273 2314 2315
f 2271 2272 2315 2316
f 2270 2271 2316 2317
f 2269 2270 2317 2318
f 2268 2269 2318 2319
f 2267 2268 2319 2320
f 2266 2267 2320 2321
f 2265 2266 2321 2322
f 2264 2265 2322 2323
f 2263 2264 2323 2324
f 2262 2263 2324 2325
f 2261 2262 2325 2326
f 2260 2261 2326 2327
f 2259 2260 2327 2328
f 2258 2259 2328 2329
f 2257 2258 2329 2330
f 2256 2257 2330 2331
f 2255 2256 2331 2332
f 2254 2255 2332 2333
f 2253 2254 2333 2334
f 2252 2253 2334 2335
f 2251 2252 2335 2336
f 2250 2251 2336 2337
f 2249 2250 2337 2338
f 2248 2249 2338 2339
f 2247 2248 2339 2340
f 2246 2247 2340 2341
f 2245 2246 2341 2342
f 2244 2245 2342 2343
f 2243 2244 2343 2345
f 2294 2232 2344 2346
f 2242 2243 2345 2347
f 2293 2294 2346 2348
f 2241 2242 2347 2349
f 2292 2293 2348 2350
f 2240 2241 2349 2351
f 2291 2292 2350 2352
f 2239 2240 2351 2353
f 2290 2291 2352 2354
f 2238 2239 2353 2356
f 2289 2290 2354 2358
f 2237 2238 2356 2355
f 2288 2289 2358 2357
f 2012 2013 2269 2268
f 2143 2142 2317 2316
f 2013 2014 2270 2269
f 2144 2143 2316 2315
f 2014 2015 2271 2270
f 2145 2144 2315 2314
f 2015 2016 2272 2271
f 2146 2145 2314 2313
f 2016 2017 2273 2272
f 2147 2146 2313 2312
f 2017 2018 2274 2273
f 2148 2147 2312 2311
f 2018 2019 2275 2274
f 2149 2148 2311 2310
f 2019 2020 2276 2275
f 2150 2149 2310 2309
f 2020 2021 2277 2276
f 2151 2150 2309 2308
f 2021 2022 2278 2277
f 2152 2151 2308 2307
f 2022 2023 2279 2278
f 2153 2152 2307 2306
f 2023 2024 2280 2279
f 2154 2153 2306 2305
f 2024 2025 2281 2280
f 2155 2154 2305 2304
f 2025 2026 2282 2281
f 2104 2103 2344 2303
f 2156 2155 2304 2302
f 2026 2027 2283 2282
f 1975 1976 2231 2232
f 2105 2104 2303 2301
f 2157 2156 2302 2300
f 2027 2028 2284 2283
f 1976 1977 2233 2231
f 2106 2105 2301 2299
f 2158 2157 2300 2298
f 2028 2029 2285 2284
f 1977 1978 2234 2233
f 2107 2106 2299 2297
f 2159 2158 2298 2296
f 2029 2030 2286 2285
f 1978 1979 2235 2234
f 2108 2107 2297 2295
f 2160 2159 2296 2357
f 2030 2031 2287 2286
f 2109 2108 2295 2355
f 1979 1980 2236 2235
f 2161 2160 2357 2358
f 2031 2032 2288 2287
f 2110 2109 2355 2356
f 1980 1981 2237 2236
f 2162 2161 2358 2354
f 2032 2033 2289 2288
f 2111 2110 2356 2353
f 1981 1982 2238 2237
f 2163 2162 2354 2352
f 2033 2034 2290 2289
f 2112 2111 2353 2351
f 1982 1983 2239 2238
f 2164 2163 2352 2350
f 2034 2035 2291 2290
f 2113 2112 2351 2349
f 1983 1984 2240 2239
f 2388 2389 2453 2452
f 2389 2390 2454 2453
f 2390 2391 2455 2454
f 2391 2392 2456 2455
f 2392 2393 2457 2456
f 2393 2394 2458 2457
f 2394 2395 2459 2458
f 2395 2396 2460 2459
f 2396 2397 2461 2460
f 2397 2398 2462 2461
f 2398 2399 2463 2462
f 2399 2400 2464 2463
f 2400 2401 2465 2464
f 2401 2402 2466 2465
f 2402 2403 2467 2466
f 2403 2404 2468 2467
f 2404 2405 2469 2468
f 2405 2406 2470 2469
f 2406 2407 2471 2470
f 2407 2408 2472 2471
f 2408 2409 2473 2472
f 2409 2410 2474 2473
f 2410 2411 2475 2474
f 2360 2359 2423 2424
f 2411 2412 2476 2475
f 2359 2361 2425 2423
f 2412 2413 2477 2476
f 2361 2362 2426 2425
f 2413 2414 2478 2477
f 2362 2363 2427 2426
f 2414 2415 2479 2478
f 2363 2364 2428 2427
f 2415 2416 2480 2479
f 2364 2365 2429 2428
f 2416 2417 2481 2480
f 2365 2366 2430 2429
f 2417 2418 2482 2481
f 2366 2367 2431 2430
f 2418 2419 2483 2482
f 2367 2368 2432 2431
f 2419 2420 2484 2483
f 2368 2369 2433 2432
f 2420 2421 2485 2484
f 2369 2370 2434 2433
f 2421 2422 2486 2485
f 2370 2371 2435 2434
f 2422 2360 2424 2486
f 2371 2372 2436 2435
f 2372 2373 2437 2436
f 2373 2374 2438 2437
f 2374 2375 2439 2438
f 2375 2376 2440 2439
f 2376 2377 2441 2440
f 2377 2378 2442 2441
f 2378 2379 2443 2442
f 2379 2380 2444 2443
f 2380 2381 2445 2444
f 2381 2382 2446 2445
f 2382 2383 2447 2446
f 2383 2384 2448 2447
f 2384 2385 2449 2448
f 2385 2386 2450 2449
f 2386 2387 2451 2450
f 2387 2388 2452 2451
f 1776 1777 2417 2416
f 1725 1726 2366 2365
f 1855 1854 2430 2431
f 1907 1906 2482 2483
f 1777 1778 2418 2417
f 1726 1727 2367 2366
f 1856 1855 2431 2432
f 1908 1907 2483 2484
f 1778 1779 2419 2418
f 1727 1728 2368 2367
f 1857 1856 2432 2433
f 1909 1908 2484 2485
f 1779 1780 2420 2419
f 1728 1729 2369 2368
f 1858 1857 2433 2434
f 1910 1909 2485 2486
f 1780 1781 2421 2420
f 1729 1730 2370 2369
f 1859 1858 2434 2435
f 1847 1910 2486 2424
f 1781 1782 2422 2421
f 1730 1731 2371 2370
f 1860 1859 2435 2436
f 1782 1719 2360 2422
f 1731 1732 2372 2371
f 1861 1860 2436 2437
f 1732 1733 2373 2372
f 1862 1861 2437 2438
f 1733 1734 2374 2373
f 1863 1862 2438 2439
f 1864 1863 2439 2440
f 1734 1735 2375 2374
f 1865 1864 2440 2441
f 1735 1736 2376 2375
f 1866 1865 2441 2442
f 1736 1737 2377 2376
f 1867 1866 2442 2443
f 1737 1738 2378 2377
f 1868 1867 2443 2444
f 1738 1739 2379 2378
f 1739 1740 2380 2379
f 1869 1868 2444 2445
f 1740 1741 2381 2380
f 1870 1869 2445 2446
f 1741 1742 2382 2381
f 1871 1870 2446 2447
f 1742 1743 2383 2382
f 1872 1871 2447 2448
f 1743 1744 2384 2383
f 1873 1872 2448 2449
f 1744 1745 2385 2384
f 1874 1873 2449 2450
f 1745 1746 2386 2385
f 1875 1874 2450 2451
f 1746 1747 2387 2386
f 1876 1875 2451 2452
f 1747 1748 2388 2387
f 1877 1876 2452 2453
f 1748 1749 2389 2388
f 1878 1877 2453 2454
f 1749 1750 2390 2389
f 1879 1878 2454 2455
f 1750 1751 2391 2390
f 1880 1879 2455 2456
usemtl Steel
f 1591 1592 1594 1593
f 1593 1594 1596 1595
f 1595 1596 1598 1597
f 1597 1598 1600 1599
f 1599 1600 1602 1601
f 1601 1602 1604 1603
f 1603 1604 1606 1605
f 1605 1606 1608 1607
f 1607 1608 1610 1609
f 1609 1610 1612 1611
f 1611 1612 1614 1613
f 1613 1614 1616 1615
f 1615 1616 1618 1617
f 1617 1618 1620 1619
f 1619 1620 1622 1621
f 1621 1622 1624 1623
f 1623 1624 1626 1625
f 1625 1626 1628 1627
f 1627 1628 1630 1629
f 1629 1630 1632 1631
f 1631 1632 1634 1633
f 1633 1634 1636 1635
f 1635 1636 1638 1637
f 1637 1638 1640 1639
f 1639 1640 1642 1641
f 1641 1642 1644 1643
f 1643 1644 1646 1645
f 1645 1646 1648 1647
f 1647 1648 1650 1649
f 1649 1650 1652 1651
f 1651 1652 1654 1653
f 1653 1654 1656 1655
f 1655 1656 1658 1657
f 1657 1658 1660 1659
f 1659 1660 1662 1661
f 1661 1662 1664 1663
f 1663 1664 1666 1665
f 1665 1666 1668 1667
f 1667 1668 1670 1669
f 1669 1670 1672 1671
f 1671 1672 1674 1673
f 1673 1674 1676 1675
f 1675 1676 1678 1677
f 1677 1678 1680 1679
f 1679 1680 1682 1681
f 1681 1682 1684 1683
f 1683 1684 1686 1685
f 1685 1686 1688 1687
f 1687 1688 1690 1689
f 1689 1690 1692 1691
f 1691 1692 1694 1693
f 1693 1694 1696 1695
f 1695 1696 1698 1697
f 1697 1698 1700 1699
f 1699 1700 1702 1701
f 1701 1702 1704 1703
f 1703 1704 1706 1705
f 1705 1706 1708 1707
f 1707 1708 1710 1709
f 1709 1710 1712 1711
f 1711 1712 1714 1713
f 1713 1714 1716 1715
f 1594 1592 1718 1716 1714 1712 1710 1708 1706 1704 1702 1700 1698 1696 1694 1692 1690 1688 1686 1684 1682 1680 1678 1676 1674 1672 1670 1668 1666 1664 1662 1660 1658 1656 1654 1652 1650 1648 1646 1644 1642 1640 1638 1636 1634 1632 1630 1628 1626 1624 1622 1620 1618 1616 1614 1612 1610 1608 1606 1604 1602 1600 1598 1596
f 1715 1716 1718 1717
f 1717 1718 1592 1591
f 1591 1593 1595 1597 1599 1601 1603 1605 1607 1609 1611 1613 1615 1617 1619 1621 1623 1625 1627 1629 1631 1633 1635 1637 1639 1641 1643 1645 1647 1649 1651 1653 1655 1657 1659 1661 1663 1665 1667 1669 1671 1673 1675 1677 1679 1681 1683 1685 1687 1689 1691 1693 1695 1697 1699 1701 1703 1705 1707 1709 1711 1713 1715 1717
