mtllib Circle_026.mtl
v -0.029999995604157448 7.90755638746532e-09 0.03999985381960869
v -0.029855534434318542 0.002940522274002433 0.03999985381960869
v -0.029423551633954048 0.0058527179062366486 0.03999985381960869
v -0.02870820090174675 0.008708547800779343 0.03999985381960869
v -0.02771637588739395 0.011480511166155338 0.03999985754489899
v -0.02645762637257576 0.014141909778118134 0.03999985754489899
v -0.02494407631456852 0.016667112708091736 0.03999985754489899
v -0.023190299049019814 0.01903180591762066 0.03999985754489899
v -0.021213188767433167 0.02121320739388466 0.03999985754489899
v -0.019031783565878868 0.023190317675471306 0.03999985754489899
v -0.016667090356349945 0.024944091215729713 0.03999985754489899
v -0.014141884632408619 0.026457641273736954 0.03999985754489899
v -0.011480486020445824 0.027716385200619698 0.03999985754489899
v -0.008708521723747253 0.028708210214972496 0.03999985381960869
v -0.00585268996655941 0.029423555359244347 0.03999985381960869
v -0.002940494567155838 0.02985553815960884 0.03999985381960869
v 1.997227627725806e-08 0.029999995604157448 0.03999985381960869
v 0.002940534148365259 0.029855534434318542 0.03999985381960869
v 0.0058527300134301186 0.029423551633954048 0.03999985381960869
v 0.008708559907972813 0.02870820090174675 0.03999985381960869
v 0.011480522342026234 0.02771637588739395 0.03999985381960869
v 0.014141920953989029 0.02645762637257576 0.03999985009431839
v 0.01666712388396263 0.02494407631456852 0.03999985009431839
v 0.019031817093491554 0.023190299049019814 0.03999985009431839
v 0.021213220432400703 0.021213188767433167 0.03999985009431839
v 0.0231903288513422 0.019031783565878868 0.03999985009431839
v 0.02494410239160061 0.016667090356349945 0.03999985009431839
v 0.02645765244960785 0.014141884632408619 0.03999985009431839
v 0.027716396376490593 0.011480486020445824 0.03999984636902809
v 0.02870822139084339 0.008708521723747253 0.03999984636902809
v 0.029423566535115242 0.00585268996655941 0.03999984636902809
v 0.029855551198124886 0.002940494567155838 0.03999984636902809
v 0.030000006780028343 -1.998717991114063e-08 0.03999984636902809
v 0.029855545610189438 -0.002940534148365259 0.03999984636902809
v 0.029423562809824944 -0.0058527300134301186 0.03999984636902809
v 0.028708213940262794 -0.008708559907972813 0.03999984636902809
v 0.027716388925909996 -0.011480522342026234 0.03999984264373779
v 0.026457637548446655 -0.014141920953989029 0.03999984264373779
v 0.024944087490439415 -0.01666712388396263 0.03999984264373779
v 0.02319031022489071 -0.019031817093491554 0.03999984264373779
v 0.021213199943304062 -0.021213220432400703 0.03999984264373779
v 0.019031794741749763 -0.0231903288513422 0.03999984264373779
v 0.01666710153222084 -0.02494410239160061 0.03999984264373779
v 0.014141895808279514 -0.02645765244960785 0.03999984264373779
v 0.011480498127639294 -0.027716396376490593 0.03999984264373779
v 0.008708532899618149 -0.02870822139084339 0.03999984636902809
v 0.005852702539414167 -0.029423566535115242 0.03999984636902809
v 0.002940506674349308 -0.029855551198124886 0.03999984636902809
v -7.922463574061567e-09 -0.030000006780028343 0.03999984636902809
v -0.002940522274002433 -0.029855545610189438 0.03999984636902809
v -0.0058527179062366486 -0.029423562809824944 0.03999984636902809
v -0.008708547800779343 -0.028708213940262794 0.03999984636902809
v -0.011480511166155338 -0.027716388925909996 0.03999984636902809
v -0.014141909778118134 -0.026457637548446655 0.03999985009431839
v -0.016667112708091736 -0.024944087490439415 0.03999985009431839
v -0.01903180591762066 -0.02319031022489071 0.03999985009431839
v -0.02121320739388466 -0.021213199943304062 0.03999985009431839
v -0.023190317675471306 -0.019031794741749763 0.03999985009431839
v -0.024944091215729713 -0.01666710153222084 0.03999985009431839
v -0.026457641273736954 -0.014141895808279514 0.03999985009431839
v -0.027716385200619698 -0.011480498127639294 0.03999985381960869
v -0.028708210214972496 -0.008708532899618149 0.03999985381960869
v -0.029423555359244347 -0.005852702539414167 0.03999985381960869
v -0.02985553815960884 -0.002940506674349308 0.03999985381960869
v -0.024999994784593582 5.582995399322499e-09 0.03999985381960869
v -0.024879612028598785 0.002450434258207679 0.03999985381960869
v -0.024519624188542366 0.004877263680100441 0.03999985381960869
v -0.02392350323498249 0.0072571225464344025 0.03999985381960869
v -0.023096978664398193 0.00956709124147892 0.03999985381960869
v -0.022048022598028183 0.011784924194216728 0.03999985381960869
v -0.020786726847290993 0.013889260590076447 0.03999985381960869
v -0.019325247034430504 0.01585983857512474 0.03999985381960869
v -0.017677655443549156 0.01767767407000065 0.03999985381960869
v -0.01585981994867325 0.019325263798236847 0.03999985381960869
v -0.013889241963624954 0.020786741748452187 0.03999985381960869
v -0.011784902773797512 0.02204803004860878 0.03999985381960869
v -0.009567070752382278 0.02309698611497879 0.03999985381960869
v -0.007257099729031324 0.02392350696027279 0.03999985381960869
v -0.004877240862697363 0.024519627913832664 0.03999985381960869
v -0.0024504109751433134 0.024879615753889084 0.03999985381960869
v 1.764771440093682e-08 0.024999994784593582 0.03999985381960869
v 0.002450446132570505 0.024879612028598785 0.03999985381960869
v 0.004877276252955198 0.024519624188542366 0.03999985381960869
v 0.0072571346536278725 0.02392350323498249 0.03999985381960869
v 0.00956710334867239 0.023096978664398193 0.03999985381960869
v 0.011784935370087624 0.022048022598028183 0.03999985009431839
v 0.013889272697269917 0.020786726847290993 0.03999985009431839
v 0.015859849750995636 0.019325247034430504 0.03999985009431839
v 0.017677685245871544 0.017677655443549156 0.03999985009431839
v 0.019325274974107742 0.01585981994867325 0.03999985009431839
v 0.020786752924323082 0.013889241963624954 0.03999985009431839
v 0.022048041224479675 0.011784902773797512 0.03999985009431839
v 0.023096997290849686 0.009567070752382278 0.03999984636902809
v 0.023923518136143684 0.007257099729031324 0.03999984636902809
v 0.02451963908970356 0.004877240862697363 0.03999984636902809
v 0.02487962692975998 0.0024504109751433134 0.03999984636902809
v 0.025000007823109627 -1.766261625846255e-08 0.03999984636902809
v 0.02487962320446968 -0.002450446132570505 0.03999984636902809
v 0.02451963536441326 -0.004877276252955198 0.03999984636902809
v 0.023923514410853386 -0.0072571346536278725 0.03999984636902809
v 0.02309698984026909 -0.00956710334867239 0.03999984636902809
v 0.02204803377389908 -0.011784935370087624 0.03999984636902809
v 0.020786738023161888 -0.013889272697269917 0.03999984636902809
v 0.01932526007294655 -0.015859849750995636 0.03999984636902809
v 0.01767766661942005 -0.017677685245871544 0.03999984636902809
v 0.015859831124544144 -0.019325274974107742 0.03999984636902809
v 0.01388925313949585 -0.020786752924323082 0.03999984636902809
v 0.011784914880990982 -0.022048041224479675 0.03999984636902809
v 0.009567081928253174 -0.023096997290849686 0.03999984636902809
v 0.007257111836224794 -0.023923518136143684 0.03999984636902809
v 0.00487725343555212 -0.02451963908970356 0.03999984636902809
v 0.0024504228495061398 -0.02487962692975998 0.03999984636902809
v -5.597902141829536e-09 -0.025000007823109627 0.03999984636902809
v -0.002450434258207679 -0.02487962320446968 0.03999984636902809
v -0.004877263680100441 -0.02451963536441326 0.03999984636902809
v -0.0072571225464344025 -0.023923514410853386 0.03999984636902809
v -0.00956709124147892 -0.02309698984026909 0.03999984636902809
v -0.011784924194216728 -0.02204803377389908 0.03999985009431839
v -0.013889260590076447 -0.020786738023161888 0.03999985009431839
v -0.01585983857512474 -0.01932526007294655 0.03999985009431839
v -0.01767767407000065 -0.01767766661942005 0.03999985009431839
v -0.019325263798236847 -0.015859831124544144 0.03999985009431839
v -0.020786741748452187 -0.01388925313949585 0.03999985009431839
v -0.02204803004860878 -0.011784914880990982 0.03999985009431839
v -0.02309698611497879 -0.009567081928253174 0.03999985381960869
v -0.02392350696027279 -0.007257111836224794 0.03999985381960869
v -0.024519627913832664 -0.00487725343555212 0.03999985381960869
v -0.024879615753889084 -0.0024504228495061398 0.03999985381960869
v -0.029999976977705956 -1.0966927810329707e-08 0.164999857544899
v -0.02985551580786705 0.002940503414720297 0.164999857544899
v -0.029423531144857407 0.005852699279785156 0.164999857544899
v -0.028708182275295258 0.00870852917432785 0.164999857544899
v -0.02771635726094246 0.011480492539703846 0.164999857544899
v -0.02645760588347912 0.014141890220344067 0.164999857544899
v -0.024944055825471878 0.016667094081640244 0.164999857544899
v -0.02319028042256832 0.019031787291169167 0.164999857544899
v -0.021213170140981674 0.021213188767433167 0.164999857544899
v -0.019031763076782227 0.023190299049019814 0.164999857544899
v -0.016667071729898453 0.02494407258927822 0.164999857544899
v -0.014141865074634552 0.02645762264728546 0.164999857544899
v -0.011480467393994331 0.027716364711523056 0.164999857544899
v -0.008708502165973186 0.028708189725875854 0.164999857544899
v -0.005852671340107918 0.029423534870147705 0.164999857544899
v -0.0029404759407043457 0.02985551953315735 0.164999857544899
v 3.8846742711484694e-08 0.029999976977705956 0.164999857544899
v 0.002940553007647395 0.02985551580786705 0.164999857544899
v 0.005852748639881611 0.029423531144857407 0.164999857544899
v 0.008708578534424305 0.028708182275295258 0.164999857544899
v 0.0114805418998003 0.02771635726094246 0.164999857544899
v 0.014141939580440521 0.02645760588347912 0.164999857544899
v 0.016667144373059273 0.024944055825471878 0.164999857544899
v 0.019031835719943047 0.02319028042256832 0.164999857544899
v 0.021213239058852196 0.021213170140981674 0.164999857544899
v 0.023190349340438843 0.019031763076782227 0.164999857544899
v 0.0249441210180521 0.016667071729898453 0.164999857544899
v 0.02645767107605934 0.014141865074634552 0.164999857544899
v 0.027716415002942085 0.011480467393994331 0.164999857544899
v 0.028708240017294884 0.008708502165973186 0.164999857544899
v 0.029423585161566734 0.005852671340107918 0.164999857544899
v 0.029855569824576378 0.0029404759407043457 0.164999857544899
v 0.030000025406479836 -3.8861664108935656e-08 0.164999857544899
v 0.02985556609928608 -0.002940553007647395 0.164999857544899
v 0.029423581436276436 -0.005852748639881611 0.164999857544899
v 0.028708232566714287 -0.008708578534424305 0.164999857544899
v 0.02771640755236149 -0.0114805418998003 0.164999857544899
v 0.026457656174898148 -0.014141939580440521 0.164999857544899
v 0.024944106116890907 -0.016667144373059273 0.164999857544899
v 0.0231903288513422 -0.019031835719943047 0.164999857544899
v 0.021213220432400703 -0.021213239058852196 0.164999857544899
v 0.019031813368201256 -0.023190349340438843 0.164999857544899
v 0.016667120158672333 -0.0249441210180521 0.164999857544899
v 0.014141915366053581 -0.02645767107605934 0.164999857544899
v 0.011480516754090786 -0.027716415002942085 0.164999857544899
v 0.008708551526069641 -0.028708240017294884 0.164999857544899
v 0.00585272116586566 -0.029423585161566734 0.164999857544899
v 0.002940525533631444 -0.029855569824576378 0.164999857544899
v 1.0952004636521906e-08 -0.030000025406479836 0.164999857544899
v -0.002940503414720297 -0.02985556609928608 0.164999857544899
v -0.005852699279785156 -0.029423581436276436 0.164999857544899
v -0.00870852917432785 -0.028708232566714287 0.164999857544899
v -0.011480492539703846 -0.02771640755236149 0.164999857544899
v -0.014141890220344067 -0.026457656174898148 0.164999857544899
v -0.016667094081640244 -0.024944106116890907 0.164999857544899
v -0.019031787291169167 -0.0231903288513422 0.164999857544899
v -0.021213188767433167 -0.021213220432400703 0.164999857544899
v -0.023190299049019814 -0.019031813368201256 0.164999857544899
v -0.02494407258927822 -0.016667120158672333 0.164999857544899
v -0.02645762264728546 -0.014141915366053581 0.164999857544899
v -0.027716364711523056 -0.011480516754090786 0.164999857544899
v -0.028708189725875854 -0.008708551526069641 0.164999857544899
v -0.029423534870147705 -0.00585272116586566 0.164999857544899
v -0.02985551953315735 -0.002940525533631444 0.164999857544899
v -0.02499997615814209 -1.3291488798472528e-08 0.164999857544899
v -0.024879591539502144 0.002450415398925543 0.164999857544899
v -0.024519605562090874 0.004877245053648949 0.164999857544899
v -0.023923484608530998 0.00725710391998291 0.164999857544899
v -0.0230969600379467 0.009567072615027428 0.164999857544899
v -0.02204800397157669 0.011784904636442661 0.164999857544899
v -0.0207867082208395 0.013889241963624954 0.164999857544899
v -0.01932522840797901 0.01585981994867325 0.164999857544899
v -0.017677636817097664 0.017677655443549156 0.164999857544899
v -0.015859799459576607 0.019325243309140205 0.164999857544899
v -0.013889222405850887 0.020786723122000694 0.164999857544899
v -0.01178488414734602 0.022048011422157288 0.164999857544899
v -0.009567051194608212 0.023096967488527298 0.164999857544899
v -0.007257081102579832 0.023923488333821297 0.164999857544899
v -0.004877222236245871 0.024519609287381172 0.164999857544899
v -0.0024503921158611774 0.024879595264792442 0.164999857544899
v 3.6522180835163454e-08 0.02499997615814209 0.164999857544899
v 0.002450464991852641 0.024879591539502144 0.164999857544899
v 0.004877294879406691 0.024519605562090874 0.164999857544899
v 0.007257153280079365 0.023923484608530998 0.164999857544899
v 0.009567121975123882 0.0230969600379467 0.164999857544899
v 0.01178495492786169 0.02204800397157669 0.164999857544899
v 0.013889291323721409 0.0207867082208395 0.164999857544899
v 0.01585986837744713 0.01932522840797901 0.164999857544899
v 0.017677703872323036 0.017677636817097664 0.164999857544899
v 0.019325293600559235 0.015859799459576607 0.164999857544899
v 0.020786773413419724 0.013889222405850887 0.164999857544899
v 0.022048059850931168 0.01178488414734602 0.164999857544899
v 0.023097015917301178 0.009567051194608212 0.164999857544899
v 0.023923536762595177 0.007257081102579832 0.164999857544899
v 0.024519657716155052 0.004877222236245871 0.164999857544899
v 0.02487964555621147 0.0024503921158611774 0.164999857544899
v 0.02500002644956112 -3.6537102232614416e-08 0.164999857544899
v 0.024879641830921173 -0.002450464991852641 0.164999857544899
v 0.024519653990864754 -0.004877294879406691 0.164999857544899
v 0.023923533037304878 -0.007257153280079365 0.164999857544899
v 0.02309700846672058 -0.009567121975123882 0.164999857544899
v 0.02204805240035057 -0.01178495492786169 0.164999857544899
v 0.02078675664961338 -0.013889291323721409 0.164999857544899
v 0.01932527869939804 -0.01585986837744713 0.164999857544899
v 0.017677685245871544 -0.017677703872323036 0.164999857544899
v 0.015859849750995636 -0.019325293600559235 0.164999857544899
v 0.013889272697269917 -0.020786773413419724 0.164999857544899
v 0.011784933507442474 -0.022048059850931168 0.164999857544899
v 0.009567100554704666 -0.023097015917301178 0.164999857544899
v 0.007257130462676287 -0.023923536762595177 0.164999857544899
v 0.0048772720620036125 -0.024519657716155052 0.164999857544899
v 0.0024504417087882757 -0.02487964555621147 0.164999857544899
v 1.3276565624664727e-08 -0.02500002644956112 0.164999857544899
v -0.002450415398925543 -0.024879641830921173 0.164999857544899
v -0.004877245053648949 -0.024519653990864754 0.164999857544899
v -0.00725710391998291 -0.023923533037304878 0.164999857544899
v -0.009567072615027428 -0.02309700846672058 0.164999857544899
v -0.011784904636442661 -0.02204805240035057 0.164999857544899
v -0.013889241963624954 -0.02078675664961338 0.164999857544899
v -0.01585981994867325 -0.01932527869939804 0.164999857544899
v -0.017677655443549156 -0.017677685245871544 0.164999857544899
v -0.019325243309140205 -0.015859849750995636 0.164999857544899
v -0.020786723122000694 -0.013889272697269917 0.164999857544899
v -0.022048011422157288 -0.011784933507442474 0.164999857544899
v -0.023096967488527298 -0.009567100554704666 0.164999857544899
v -0.023923488333821297 -0.007257130462676287 0.164999857544899
v -0.024519609287381172 -0.0048772720620036125 0.164999857544899
v -0.024879595264792442 -0.0024504417087882757 0.164999857544899
v -0.009999984875321388 1.4551363669568218e-08 -0.022000160068273544
v -0.010000043548643589 -1.1721853709900643e-08 0.06499984115362167
v -0.009951832704246044 -0.0009801569394767284 -0.022000160068273544
v -0.00995189044624567 -0.0009801832493394613 0.06499984115362167
v -0.00980783998966217 -0.0019508888944983482 -0.022000160068273544
v -0.009807897731661797 -0.0019509150879457593 0.06499984115362167
v -0.009569390676915646 -0.0029028323478996754 -0.022000160068273544
v -0.009569449350237846 -0.0029028586577624083 0.06499984115362167
v -0.00923878327012062 -0.003826820757240057 -0.022000161930918694
v -0.009238841943442822 -0.00382684706710279 0.06499984115362167
v -0.008819201029837132 -0.004713954403996468 -0.022000161930918694
v -0.008819258771836758 -0.004713980946689844 0.06499984115362167
v -0.008314684964716434 -0.005555689334869385 -0.022000161930918694
v -0.008314743638038635 -0.005555715877562761 0.06499984115362167
v -0.0077300951816141605 -0.006343921180814505 -0.022000161930918694
v -0.007730151526629925 -0.006343947723507881 0.06499984115362167
v -0.007071059662848711 -0.0070710559375584126 -0.022000161930918694
v -0.007071116007864475 -0.007071082480251789 0.06499984115362167
v -0.006343924906104803 -0.007730093318969011 -0.022000161930918694
v -0.006343981251120567 -0.007730119861662388 0.06499984115362167
v -0.0055556949228048325 -0.008314686827361584 -0.022000161930918694
v -0.005555751267820597 -0.008314711973071098 0.06499984115362167
v -0.004713959991931915 -0.00881920289248228 -0.022000161930918694
v -0.0047140163369476795 -0.008819228038191795 0.06499984115362167
v -0.0038268279749900103 -0.00923878699541092 -0.022000158205628395
v -0.003826884785667062 -0.009238812141120434 0.06499984115362167
v -0.002902840031310916 -0.009569396264851093 -0.022000160068273544
v -0.0029028968419879675 -0.009569421410560608 0.06499984860420227
v -0.0019508966943249106 -0.009807845577597618 -0.022000160068273544
v -0.0019509535050019622 -0.009807870723307133 0.06499984860420227
v -0.0009801650885492563 -0.00995184201747179 -0.022000156342983246
v -0.0009802216663956642 -0.00995186623185873 0.06499984860420227
v 6.4145635469969875e-09 -0.009999995119869709 -0.022000156342983246
v -5.028185512401251e-08 -0.010000019334256649 0.06499984860420227
v 0.0009801778942346573 -0.00995184201747179 -0.022000156342983246
v 0.0009801213163882494 -0.00995186623185873 0.06499984860420227
v 0.001950909849256277 -0.009807849302887917 -0.022000156342983246
v 0.0019508530385792255 -0.009807874448597431 0.06499984860420227
v 0.0029028533026576042 -0.009569399990141392 -0.022000156342983246
v 0.0029027967248111963 -0.009569425135850906 0.06499984860420227
v 0.003826841711997986 -0.009238792583346367 -0.022000156342983246
v 0.003826785134151578 -0.009238817729055882 0.06499984860420227
v 0.0047139753587543964 -0.008819210343062878 -0.022000156342983246
v 0.004713919013738632 -0.008819235488772392 0.06499984860420227
v 0.005555710289627314 -0.008314695209264755 -0.022000152617692947
v 0.005555653944611549 -0.008314719423651695 0.06499984860420227
v 0.0063439421355724335 -0.007730103097856045 -0.022000152617692947
v 0.006343885790556669 -0.007730129640549421 0.06499985605478287
v 0.007071076892316341 -0.007071067113429308 -0.022000152617692947
v 0.007071020547300577 -0.007071094121783972 0.06499985605478287
v 0.00773011427372694 -0.0063439323566854 -0.0220001470297575
v 0.007730057928711176 -0.006343959365040064 0.06499985605478287
v 0.0083147082477808 -0.005555702373385429 -0.0220001470297575
v 0.008314649574458599 -0.005555729381740093 0.06499985605478287
v 0.008819223381578922 -0.004713967442512512 -0.0220001470297575
v 0.008819165639579296 -0.004713994450867176 0.06499985605478287
v 0.009238808415830135 -0.003826835658401251 -0.0220001470297575
v 0.009238749742507935 -0.00382686173543334 0.06499985605478287
v 0.00956941768527031 -0.0029028477147221565 -0.0220001470297575
v 0.009569359011948109 -0.0029028737917542458 0.06499985605478287
v 0.009807866998016834 -0.0019509043777361512 -0.0220001470297575
v 0.009807808324694633 -0.0019509305711835623 0.06499985605478287
v 0.009951862506568432 -0.000980172655545175 -0.0220001470297575
v 0.009951804764568806 -0.0009801990818232298 0.06499985605478287
v 0.01000001560896635 -1.2637131341364238e-09 -0.0220001470297575
v 0.009999957866966724 -2.7536932734051334e-08 0.06499985605478287
v 0.009951862506568432 0.0009801703272387385 -0.0220001470297575
v 0.009951804764568806 0.0009801439009606838 0.06499985605478287
v 0.009807870723307133 0.0019509021658450365 -0.0220001470297575
v 0.009807812049984932 0.0019508759723976254 0.06499985605478287
v 0.009569421410560608 0.0029028458520770073 -0.0220001470297575
v 0.009569362737238407 0.0029028195422142744 0.06499985605478287
v 0.009238814003765583 0.003826834261417389 -0.02200014516711235
v 0.009238755330443382 0.003826807951554656 0.06499985605478287
v 0.008819231763482094 0.004713967442512512 -0.02200014516711235
v 0.008819173090159893 0.004713940899819136 0.06499985605478287
v 0.008314715698361397 0.005555702373385429 -0.02200014516711235
v 0.00831465795636177 0.005555675830692053 0.06499985605478287
v 0.007730124052613974 0.006343934219330549 -0.02200014516711235
v 0.007730067707598209 0.006343907676637173 0.06499985605478287
v 0.007071088068187237 0.007071068976074457 -0.02200014516711235
v 0.0070710317231714725 0.007071042433381081 0.06499985605478287
v 0.006343953311443329 0.007730106823146343 -0.02200014516711235
v 0.006343896966427565 0.007730079814791679 0.06499985605478287
v 0.005555723328143358 0.008314698934555054 -0.02200014516711235
v 0.005555666983127594 0.008314673788845539 0.06499985605478287
v 0.004713988397270441 0.008819214068353176 -0.02200014516711235
v 0.004713932052254677 0.008819189853966236 0.06499985605478287
v 0.0038268566131591797 0.009238798171281815 -0.02200014889240265
v 0.003826799802482128 0.009238773956894875 0.06499985605478287
v 0.0029028686694800854 0.009569408372044563 -0.0220001470297575
v 0.002902811858803034 0.009569383226335049 0.06499984860420227
v 0.00195092533249408 0.009807856753468513 -0.0220001470297575
v 0.0019508685218170285 0.009807832539081573 0.06499984860420227
v 0.000980193610303104 0.009951853193342686 -0.022000152617692947
v 0.000980137032456696 0.009951828047633171 0.06499984860420227
v 2.222963857434479e-08 0.010000006295740604 -0.022000152617692947
v -3.4466779652575497e-08 0.00999998115003109 0.06499984860420227
v -0.0009801493724808097 0.009951853193342686 -0.022000152617692947
v -0.0009802059503272176 0.009951828047633171 0.06499984860420227
v -0.0019508812110871077 0.009807860478758812 -0.022000152617692947
v -0.0019509379053488374 0.009807836264371872 0.06499984860420227
v -0.002902824664488435 0.009569412097334862 -0.022000152617692947
v -0.0029028814751654863 0.009569386951625347 0.06499984860420227
v -0.0038268130738288164 0.009238804690539837 -0.022000152617692947
v -0.003826869884505868 0.009238779544830322 0.06499984860420227
v -0.004713946487754583 0.008819221518933773 -0.022000152617692947
v -0.004714002832770348 0.008819197304546833 0.06499984860420227
v -0.0055556814186275005 0.00831470638513565 -0.022000156342983246
v -0.005555737763643265 0.008314681239426136 0.06499984860420227
v -0.00634391326457262 0.007730116136372089 -0.022000156342983246
v -0.006343969609588385 0.007730089593678713 0.06499984115362167
v -0.007071048021316528 0.00707108061760664 -0.022000156342983246
v -0.0070711043663322926 0.007071053609251976 0.06499984115362167
v -0.007730085868388414 0.006343945860862732 -0.022000160068273544
v -0.007730142213404179 0.006343919318169355 0.06499984115362167
v -0.008314677514135838 0.005555715877562761 -0.022000160068273544
v -0.008314736187458038 0.005555689334869385 0.06499984115362167
v -0.008819193579256535 0.004713980946689844 -0.022000160068273544
v -0.00881925132125616 0.004713954403996468 0.06499984115362167
v -0.009238777682185173 0.003826848929747939 -0.022000160068273544
v -0.0092388354241848 0.0038268226198852062 0.06499984115362167
v -0.009569386951625347 0.002902860986068845 -0.022000160068273544
v -0.009569444693624973 0.002902834676206112 0.06499984115362167
v -0.009807836264371872 0.0019509176490828395 -0.022000160068273544
v -0.009807894006371498 0.0019508914556354284 0.06499984115362167
v -0.009951832704246044 0.0009801860433071852 -0.022000160068273544
v -0.00995189044624567 0.0009801597334444523 0.06499984115362167
v -0.014999985694885254 1.850513342560589e-08 -0.022000163793563843
v -0.01500004343688488 -7.76808484204139e-09 0.06499983370304108
v -0.014927757903933525 -0.0014702387852594256 -0.022000163793563843
v -0.014927816577255726 -0.0014702649787068367 0.06499983370304108
v -0.014711765572428703 -0.0029263366013765335 -0.022000163793563843
v -0.014711824245750904 -0.0029263629112392664 0.06499983370304108
v -0.014354093000292778 -0.004354252014309168 -0.022000163793563843
v -0.014354151673614979 -0.004354278557002544 0.06499983370304108
v -0.013858181424438953 -0.005740235093981028 -0.022000163793563843
v -0.013858240097761154 -0.005740261636674404 0.06499983370304108
v -0.013228809460997581 -0.007070933934301138 -0.022000165656208992
v -0.013228867202997208 -0.007070960942655802 0.06499983370304108
v -0.01247203629463911 -0.00833353865891695 -0.022000165656208992
v -0.012472094036638737 -0.00833356287330389 0.06499984115362167
v -0.011595149524509907 -0.009515885263681412 -0.022000165656208992
v -0.011595208197832108 -0.009515909478068352 0.06499984115362167
v -0.010606595315039158 -0.010606587864458561 -0.022000161930918694
v -0.010606653988361359 -0.010606613010168076 0.06499984115362167
v -0.009515894576907158 -0.011595143936574459 -0.022000161930918694
v -0.009515952318906784 -0.011595169082283974 0.06499984115362167
v -0.008333547972142696 -0.012472032569348812 -0.022000161930918694
v -0.008333605714142323 -0.012472056783735752 0.06499984115362167
v -0.00707094743847847 -0.013228806667029858 -0.022000161930918694
v -0.007071003783494234 -0.013228831812739372 0.06499984115362167
v -0.0057402485981583595 -0.013858183287084103 -0.022000163793563843
v -0.005740304943174124 -0.013858208432793617 0.06499984115362167
v -0.004354267381131649 -0.014354096725583076 -0.022000163793563843
v -0.004354323726147413 -0.014354121871292591 0.06499984115362167
v -0.002926352433860302 -0.014711772091686726 -0.022000160068273544
v -0.0029264092445373535 -0.014711796306073666 0.06499984115362167
v -0.001470254734158516 -0.014927763491868973 -0.022000160068273544
v -0.0014703114284202456 -0.014927788637578487 0.06499984860420227
v 2.460795345271549e-09 -0.014999995008111 -0.022000156342983246
v -5.423562754458544e-08 -0.015000020153820515 0.06499984860420227
v 0.0014702597400173545 -0.014927767217159271 -0.022000156342983246
v 0.0014702030457556248 -0.014927792362868786 0.06499984860420227
v 0.0029263575561344624 -0.014711775816977024 -0.022000156342983246
v 0.0029263009782880545 -0.014711800031363964 0.06499984860420227
v 0.004354272969067097 -0.014354103244841099 -0.022000156342983246
v 0.0043542166240513325 -0.014354127459228039 0.06499984860420227
v 0.0057402560487389565 -0.0138581907376647 -0.022000158205628395
v 0.005740199703723192 -0.013858215883374214 0.06499984860420227
v 0.007070955354720354 -0.013228818774223328 -0.022000154480338097
v 0.00707089900970459 -0.013228842988610268 0.06499984860420227
v 0.008333559148013592 -0.012472045607864857 -0.02200014889240265
v 0.008333501406013966 -0.012472070753574371 0.06499985605478287
v 0.009515905752778053 -0.011595158837735653 -0.02200014889240265
v 0.009515848010778427 -0.011595183983445168 0.06499985605478287
v 0.010606609284877777 -0.010606604628264904 -0.02200014889240265
v 0.010606550611555576 -0.010606629773974419 0.06499985605478287
v 0.0115951644256711 -0.009515903890132904 -0.02200014889240265
v 0.011595106683671474 -0.009515929035842419 0.06499985605478287
v 0.012472053058445454 -0.008333557285368443 -0.02200014889240265
v 0.012471995316445827 -0.008333582431077957 0.06499985605478287
v 0.013228828087449074 -0.007070955354720354 -0.02200014889240265
v 0.013228770345449448 -0.007070981897413731 0.06499985605478287
v 0.013858204707503319 -0.0057402560487389565 -0.02200014889240265
v 0.013858146034181118 -0.005740282591432333 0.06499985605478287
v 0.014354118146002293 -0.004354274831712246 -0.0220001433044672
v 0.014354059472680092 -0.00435430184006691 0.06499985605478287
v 0.014711792580783367 -0.0029263601172715425 -0.0220001433044672
v 0.014711734838783741 -0.0029263861943036318 0.06499985605478287
v 0.014927784912288189 -0.0014702623011544347 -0.0220001433044672
v 0.014927726238965988 -0.0014702886110171676 0.06499986350536346
v 0.015000016428530216 -5.217482446084887e-09 -0.0220001433044672
v 0.014999957755208015 -3.1490703378267426e-08 0.06499986350536346
v 0.014927788637578487 0.001470252056606114 -0.0220001433044672
v 0.014927729964256287 0.0014702258631587029 0.06499986350536346
v 0.014711796306073666 0.0029263501055538654 -0.0220001433044672
v 0.01471173856407404 0.0029263237956911325 0.06499986350536346
v 0.01435412373393774 0.0043542655184865 -0.0220001433044672
v 0.014354065991938114 0.004354238510131836 0.06499986350536346
v 0.013858212158083916 0.0057402485981583595 -0.0220001433044672
v 0.01385815441608429 0.005740221589803696 0.06499986350536346
v 0.01322883926331997 0.00707094743847847 -0.022000141441822052
v 0.013228781521320343 0.007070920895785093 0.06499986350536346
v 0.012472066096961498 0.008333549834787846 -0.022000141441822052
v 0.012472008354961872 0.008333524689078331 0.06499985605478287
v 0.011595180258154869 0.009515896439552307 -0.022000141441822052
v 0.011595121584832668 0.009515871293842793 0.06499985605478287
v 0.01060662604868412 0.010606599040329456 -0.02200014516711235
v 0.010606568306684494 0.010606574825942516 0.06499985605478287
v 0.00951592531055212 0.011595155112445354 -0.02200014516711235
v 0.00951586663722992 0.011595130898058414 0.06499985605478287
v 0.008333578705787659 0.012472043745219707 -0.02200014516711235
v 0.008333520032465458 0.012472018599510193 0.06499985605478287
v 0.007070976309478283 0.013228818774223328 -0.02200014516711235
v 0.007070919964462519 0.013228793628513813 0.06499985605478287
v 0.005740277003496885 0.013858195394277573 -0.0220001433044672
v 0.005740220658481121 0.013858170248568058 0.06499985605478287
v 0.004354295786470175 0.014354108832776546 -0.0220001433044672
v 0.0043542394414544106 0.014354083687067032 0.06499985605478287
v 0.0029263810720294714 0.014711783267557621 -0.0220001470297575
v 0.00292632426135242 0.014711758121848106 0.06499985605478287
v 0.0014702833723276854 0.014927775599062443 -0.0220001470297575
v 0.0014702265616506338 0.014927750453352928 0.06499984860420227
v 2.6183405665847204e-08 0.015000006183981895 -0.022000152617692947
v -3.051301433742992e-08 0.014999981969594955 0.06499984860420227
v -0.001470231101848185 0.014927779324352741 -0.022000152617692947
v -0.0014702879125252366 0.014927754178643227 0.06499984860420227
v -0.0029263291507959366 0.01471178699284792 -0.022000152617692947
v -0.0029263857286423445 0.014711761847138405 0.06499984860420227
v -0.004354244563728571 0.014354114420711994 -0.022000152617692947
v -0.004354300908744335 0.01435408927500248 0.06499984860420227
v -0.005740227643400431 0.01385820284485817 -0.02200014889240265
v -0.005740283988416195 0.013858177699148655 0.06499984860420227
v -0.007070926483720541 0.013228829950094223 -0.022000154480338097
v -0.007070982828736305 0.013228804804384708 0.06499984860420227
v -0.008333529345691204 0.012472056783735752 -0.022000158205628395
v -0.00833358708769083 0.012472032569348812 0.06499984115362167
v -0.009515875019133091 0.011595170944929123 -0.022000158205628395
v -0.009515933692455292 0.011595145799219608 0.06499984115362167
v -0.010606578551232815 0.010606616735458374 -0.022000158205628395
v -0.010606636293232441 0.01060659158974886 0.06499984115362167
v -0.011595134623348713 0.0095159150660038 -0.022000158205628395
v -0.011595192365348339 0.00951589085161686 0.06499984115362167
v -0.012472022324800491 0.008333569392561913 -0.022000158205628395
v -0.012472080998122692 0.008333544246852398 0.06499984115362167
v -0.013228797353804111 0.007070968393236399 -0.022000158205628395
v -0.013228856027126312 0.007070941850543022 0.06499984115362167
v -0.013858173973858356 0.005740269552916288 -0.022000158205628395
v -0.013858232647180557 0.0057402425445616245 0.06499984115362167
v -0.01435408741235733 0.004354288335889578 -0.022000163793563843
v -0.014354146085679531 0.004354261793196201 0.06499984115362167
v -0.014711761847138405 0.002926373388618231 -0.022000163793563843
v -0.014711820520460606 0.002926347078755498 0.06499984115362167
v -0.014927754178643227 0.0014702756889164448 -0.022000163793563843
v -0.014927811920642853 0.0014702494954690337 0.06499983370304108
v 0.009238789789378643 -0.003826842177659273 -0.003826990257948637
v 0.00923879723995924 0.003826829371973872 -0.0038269890937954187
v 0.00923878327012062 -0.011800682172179222 -0.0038269914221018553
v 0.009238804690539837 0.011800667271018028 -0.003826984204351902
v 0.009569400921463966 -0.0029028502758592367 -0.0029030018486082554
v 0.009569404646754265 0.0029028444550931454 -0.0029030009172856808
v 0.00956939160823822 -0.011546679772436619 -0.0029030030127614737
v 0.009515893645584583 -0.0115951644256711 -0.003052524058148265
v 0.009569413959980011 0.011546660214662552 -0.002902996027842164
v 0.009515912272036076 0.011595149524509907 -0.003052524523809552
v -0.005555714480578899 -0.01392422616481781 0.008314540609717369
v -0.005740267690271139 -0.0138581907376647 0.008177668787539005
v -0.005555709358304739 -0.00831469614058733 0.008314541541039944
v -0.0055556888692080975 0.013924228958785534 0.008314548060297966
v -0.005740247201174498 0.013858195394277573 0.008177668787539005
v -0.005555693991482258 0.008314698003232479 0.008314547128975391
v -0.006343945395201445 -0.013572672381997108 0.007729949429631233
v -0.006343939807265997 -0.007730104029178619 0.007729950360953808
v -0.006343920715153217 0.013572679832577705 0.00772995688021183
v -0.006343926303088665 0.007730109617114067 0.0077299559488892555
v 0.008819205686450005 -0.004713972099125385 -0.004714121110737324
v 0.008819199167191982 -0.01211187057197094 -0.004714122507721186
v 0.00881921499967575 0.004713962785899639 -0.004714119713753462
v 0.008819220587611198 0.012111851014196873 -0.004714118782430887
v -0.007071079686284065 -0.01322875078767538 0.0070709106512367725
v -0.0070709665305912495 -0.01322881504893303 0.0070710135623812675
v -0.0070710740983486176 -0.0070710680447518826 0.007070915773510933
v -0.007071055006235838 0.013228757306933403 0.007070918567478657
v -0.007070945110172033 0.013228821568191051 0.007071017753332853
v -0.007071060594171286 0.007071071770042181 0.007070917636156082
v 0.007730092853307724 -0.012833736836910248 0.0063437772914767265
v 0.007730098906904459 -0.006343941204249859 0.0063437786884605885
v 0.007730110548436642 0.006343925837427378 0.006343781016767025
v 0.007730116602033377 0.012833725661039352 0.0063437819480896
v 0.00831468403339386 -0.012483356520533562 0.005555546376854181
v 0.008314690552651882 -0.0055557070299983025 0.005555547773838043
v 0.008314700797200203 0.005555692128837109 0.0055555496364831924
v 0.008314707316458225 0.01248333603143692 0.005555550567805767
v 0.009238791652023792 -0.003826844273135066 0.0038266812916845083
v 0.00923879910260439 0.003826827509328723 0.0038266824558377266
v 0.00923878513276577 -0.011800682172179222 0.00382668012753129
v 0.00923880748450756 0.011800662614405155 0.003826683619990945
v 0.007730092387646437 -0.012833736836910248 -0.006344089284539223
v 0.007730097975581884 -0.006343937013298273 -0.006344087887555361
v 0.007730109617114067 0.006343929562717676 -0.0063440860249102116
v 0.007730115670710802 0.012833736836910248 -0.0063440813682973385
v 0.00831468403339386 -0.012483351863920689 -0.0055558583699166775
v 0.008314690552651882 -0.005555703304708004 -0.0055558569729328156
v 0.008314700797200203 0.005555695854127407 -0.005555855575948954
v 0.008314707316458225 0.012483345344662666 -0.0055558509193360806
v 0.009951846674084663 -0.000980179407633841 0.0009800170082598925
v 0.009951835498213768 -0.011200048960745335 0.0009800154948607087
v 0.009951846674084663 0.0009801631094887853 0.0009800172410905361
v 0.009951857849955559 0.011200030334293842 0.0009800188709050417
v 0.008333547972142696 -0.012472049333155155 -0.005524387117475271
v 0.008333566598594189 0.012472040019929409 -0.005524383392184973
v 0.0083335405215621 -0.012472052127122879 0.005524090491235256
v 0.008333559148013592 0.01247203629463911 0.005524102132767439
v 0.008819207549095154 -0.004713974427431822 0.004713811911642551
v 0.008819201029837132 -0.012111860327422619 0.0047138105146586895
v 0.0088192168623209 0.00471396092325449 0.004713817499577999
v 0.008819223381578922 0.012111845426261425 0.004713818430900574
v 0.009951846674084663 -0.000980178825557232 -0.0009803255088627338
v 0.009951835498213768 -0.011200048960745335 -0.0009803270222619176
v 0.009951846674084663 0.0009801635751500726 -0.0009803251596167684
v 0.009951857849955559 0.011200033128261566 -0.0009803198045119643
v 0.009999988600611687 -0.011156405322253704 -1.557824163000987e-07
v 0.009999999776482582 -7.907512866722755e-09 -1.5409786158215866e-07
v 0.010000010021030903 0.011156384833157063 -1.524132926533639e-07
v 0.009807854890823364 0.0019508976256474853 -0.0019510549027472734
v 0.009807851165533066 -0.0019509084522724152 -0.0019510593265295029
v 0.009807842783629894 -0.0113305589184165 -0.0019510607235133648
v 0.009807863272726536 0.011330538429319859 -0.0019510535057634115
v 0.009569400921463966 -0.002902852138504386 0.0029026928823441267
v 0.009569404646754265 0.002902842592447996 0.0029026938136667013
v 0.00956939160823822 -0.01154667604714632 0.0029026917181909084
v 0.009569414891302586 0.011546652764081955 0.0029026949778199196
v 0.009807853028178215 0.0019508966943249106 0.001950751175172627
v 0.009807849302887917 -0.0019509093835949898 0.0019507505930960178
v 0.00980783998966217 -0.011330554261803627 0.0019507453544065356
v 0.009807862341403961 0.011330537497997284 0.001950752572156489
v 0.009515888057649136 -0.0115951644256711 0.0030522241722792387
v 0.009515906684100628 0.011595149524509907 0.0030522351153194904
v 0.0019508886616677046 -0.014856469817459583 -0.00980800949037075
v 0.0014702754560858011 0.014927772805094719 -0.009879297576844692
v 0.0019509163685142994 0.014856478199362755 -0.009808001108467579
v 0.0019509115954861045 0.009807857684791088 -0.009808002039790154
v 0.0019508935511112213 -0.00980785209685564 -0.009808008559048176
v 0.0009801569394767284 -0.014951839111745358 -0.009952003136277199
v 0.001470251940190792 -0.01492776907980442 -0.009879305958747864
v 0.000980184762738645 0.014951853081583977 -0.009951994754374027
v 0.000980180106125772 0.009951849468052387 -0.0099519994109869
v 0.0009801615960896015 -0.00995184388011694 -0.009952002204954624
v 0.0070710559375584126 -0.013228748925030231 0.007070912513881922
v 0.007071075029671192 0.007071060594171286 0.007070915773510933
v 0.00707106152549386 -0.007071079686284065 0.007070913445204496
v 0.00707108061760664 0.013228734023869038 0.0070709167048335075
v -0.0009801812702789903 -0.00995184388011694 -0.00995200127363205
v -0.0009801859268918633 -0.014951835386455059 -0.009952002204954624
v -0.0014702626504004002 -0.014927765354514122 -0.009879308752715588
v -0.0009801581036299467 0.014951853081583977 -0.009951993823051453
v -0.0009801627602428198 0.009951849468052387 -0.009951994754374027
v -0.0019509175326675177 -0.014856466092169285 -0.009808008559048176
v -0.0019509127596393228 -0.009807848371565342 -0.009808007627725601
v -0.0019508899422362447 0.01485647913068533 -0.009808000177145004
v -0.0019508947152644396 0.009807861410081387 -0.009808001108467579
v -9.948502466272657e-09 -0.009999996982514858 -0.010000159032642841
v -1.4588739105647619e-08 -0.01499999687075615 -0.010000159032642841
v 1.3252689612386348e-08 0.015000006183981895 -0.010000151582062244
v 8.612446755762448e-09 0.010000000707805157 -0.010000151582062244
v -0.0014702390180900693 0.014927777461707592 -0.009879300370812416
v -0.003826842410489917 -0.00923879537731409 0.009238640777766705
v -0.003826847765594721 -0.014486223459243774 0.00923863798379898
v -0.0038268205244094133 0.014486225321888924 0.009238649159669876
v -0.00382682541385293 0.00923879910260439 0.009238646365702152
v -0.004354264587163925 0.014354106970131397 0.008989185094833374
v -0.004713980946689844 -0.014225387014448643 -0.008819368667900562
v -0.0047139753587543964 -0.00881920475512743 -0.008819367736577988
v -0.004713954403996468 0.014225408434867859 -0.00881936028599739
v -0.0043542529456317425 0.014354110695421696 -0.008989487774670124
v -0.004713959991931915 0.008819217793643475 -0.008819364942610264
v -0.0029028598219156265 -0.01471527386456728 0.00956924632191658
v -0.0029263729229569435 -0.014711781404912472 0.00956082995980978
v -0.0029028551653027534 -0.009569406509399414 0.009569247253239155
v -0.0029028321150690317 0.014715267345309258 0.009569255635142326
v -0.002926349639892578 0.014711777679622173 0.009560840204358101
v -0.0029028370045125484 0.009569402784109116 0.009569254703819752
v -0.005555715411901474 -0.01392421592026949 -0.008314850740134716
v -0.005555710289627314 -0.008314691483974457 -0.008314849808812141
v -0.005555689800530672 0.013924230821430683 -0.008314847014844418
v -0.0055556949228048325 0.008314703591167927 -0.008314847946166992
v -0.005740257445722818 -0.013858186081051826 -0.008177987299859524
v -0.0057402364909648895 0.013858199119567871 -0.008177976123988628
v 0.002926337067037821 -0.01471178513020277 0.009560834616422653
v 0.0029028330463916063 -0.014715269207954407 0.009569245390594006
v 0.00292636058293283 0.014711773954331875 0.009560842998325825
v 0.002902860753238201 0.014715257100760937 0.009569254703819752
v 0.002902856096625328 0.009569399058818817 0.009569253772497177
v 0.002902837935835123 -0.009569411166012287 0.00956924632191658
v 0.005555689800530672 -0.013924227096140385 0.00831453874707222
v 0.0057402364909648895 -0.013858200050890446 0.008177670650184155
v 0.005555714946240187 0.013924216851592064 0.008314546197652817
v 0.005740257445722818 0.013858187012374401 0.008177682757377625
v 0.005555710289627314 0.008314691483974457 0.008314545266330242
v 0.0055556949228048325 -0.008314703591167927 0.008314541541039944
v 0.003826821455731988 -0.014486226253211498 0.009238637052476406
v 0.0038268491625785828 0.014486211352050304 0.009238646365702152
v 0.003826826810836792 -0.009238801896572113 0.00923863984644413
v 0.0038268438074737787 0.009238793514668941 0.009238645434379578
v 0.004713954403996468 -0.01422540470957756 0.008819056674838066
v 0.004713980946689844 0.014225393533706665 0.008819063194096088
v 0.004713959991931915 -0.008819215930998325 0.00881905760616064
v 0.0047139753587543964 0.00881920661777258 0.008819062262773514
v 0.0043542529456317425 -0.014354110695421696 0.008989183232188225
v 0.0043542757630348206 0.014354100450873375 0.008989193476736546
v -0.0047139800153672695 -0.014225413091480732 0.008819055743515491
v -0.004713974427431822 -0.008819208480417728 0.008819056674838066
v -0.004713953472673893 0.014225410297513008 0.008819062262773514
v -0.004713959060609341 0.008819214068353176 0.00881906133145094
v -0.004354287404567003 -0.014354105107486248 0.008989175781607628
v -0.00707108061760664 -0.013228741474449635 -0.007071221712976694
v -0.007071075029671192 -0.007071064319461584 -0.0070712207816541195
v -0.0070710559375584126 0.013228755444288254 -0.007071217987686396
v -0.00707106152549386 0.007071075960993767 -0.00707121891900897
v -0.006343945395201445 -0.013572659343481064 -0.007730260491371155
v -0.006343939807265997 -0.007730096112936735 -0.007730259094387293
v -0.006343920715153217 0.013572677969932556 -0.0077302525751292706
v -0.006343926303088665 0.007730111479759216 -0.007730253506451845
v -0.007070957683026791 -0.01322881132364273 -0.007071336265653372
v -0.007070936728268862 0.0132288271561265 -0.007071328349411488
v 0.006343921180814505 -0.013572674244642258 0.007729947566986084
v 0.006343939807265997 0.007730097975581884 0.007729954086244106
v 0.006343926303088665 -0.007730109617114067 0.007729948498308659
v 0.006343945395201445 0.013572662137448788 0.007729955017566681
v 0.007070935796946287 -0.01322882529348135 0.0070710196159780025
v 0.007070957217365503 0.01322881132364273 0.007071030791848898
v 0.004713953472673893 -0.01422540470957756 -0.008819369599223137
v 0.0047139800153672695 0.014225405640900135 -0.008819361217319965
v 0.004713959060609341 -0.008819212205708027 -0.008819368667900562
v 0.004713974427431822 0.008819210343062878 -0.00881936214864254
v 0.0055556888692080975 -0.013924231752753258 -0.00831485353410244
v 0.005555714480578899 0.013924223370850086 -0.008314845152199268
v 0.005555709358304739 0.008314698003232479 -0.008314846083521843
v 0.005555693991482258 -0.00831469614058733 -0.008314852602779865
v -0.0038268438074737787 -0.009238791652023792 -0.009238949976861477
v -0.003826848929747939 -0.014486216008663177 -0.00923895463347435
v -0.003826821455731988 0.014486226253211498 -0.00923894252628088
v -0.003826826810836792 0.009238803759217262 -0.009238943457603455
v -0.0043542757630348206 -0.014354100450873375 -0.00898949708789587
v 0.004354264587163925 -0.014354106970131397 -0.008989489637315273
v 0.002926349639892578 -0.014711777679622173 -0.009561145678162575
v 0.0029028321150690317 -0.014715266413986683 -0.009569560177624226
v 0.0029263729229569435 0.014711781404912472 -0.009561140090227127
v 0.0029028598219156265 0.014715269207954407 -0.009569551795721054
v 0.0029028551653027534 0.009569406509399414 -0.009569552727043629
v 0.0029028370045125484 -0.009569402784109116 -0.009569559246301651
v -0.0029028605204075575 -0.014715266413986683 -0.009569559246301651
v -0.00292636058293283 -0.014711773954331875 -0.009561152197420597
v -0.002902856096625328 -0.009569399058818817 -0.009569558314979076
v -0.00290283327922225 0.01471527386456728 -0.00956955086439848
v -0.002926337067037821 0.01471178513020277 -0.009561143815517426
v -0.002902837935835123 0.009569411166012287 -0.009569551795721054
v 0.0038268202915787697 -0.014486226253211498 -0.009238955564796925
v 0.003826847765594721 0.014486219733953476 -0.009238943457603455
v 0.004354287404567003 0.014354105107486248 -0.0089894849807024
v 0.00382682541385293 -0.00923879723995924 -0.009238950908184052
v 0.003826842410489917 0.00923879723995924 -0.00923894438892603
v -0.009951846674084663 -0.0009801598498597741 0.00098002003505826
v -0.009951857849955559 -0.011200030334293842 0.000980014679953456
v -0.009951835498213768 0.011200048960745335 0.0009800218977034092
v -0.009951846674084663 0.000980178825557232 0.0009800203843042254
v -0.009807854890823364 -0.0019508976256474853 0.001950749778188765
v -0.009807863272726536 -0.011330541223287582 0.0019507482647895813
v -0.00980784185230732 0.011330554261803627 0.0019507555989548564
v -0.009807851165533066 0.0019509084522724152 0.0019507540855556726
v -0.009999999776482582 7.907559052000579e-09 -1.510779270574858e-07
v -0.010000010021030903 -0.011156381107866764 -1.5276251019713527e-07
v -0.009999987669289112 0.011156400665640831 -1.4939337233954575e-07
v 0.0009801581036299467 -0.014951848424971104 0.009951688349246979
v 0.0014702391345053911 -0.014927777461707592 0.009878989309072495
v 0.0009801859268918633 0.014951844699680805 0.00995169673115015
v 0.0009801812702789903 0.00995184388011694 0.009951695799827576
v 0.0009801627602428198 -0.009951851330697536 0.009951691143214703
v -0.00923880748450756 -0.011800655163824558 -0.003826988860964775
v -0.00923879910260439 -0.003826827509328723 -0.003826987696811557
v -0.00923878513276577 0.011800682172179222 -0.0038269853685051203
v -0.009238791652023792 0.003826844273135066 -0.0038269865326583385
v -0.008819223381578922 -0.012111838907003403 -0.00471412343904376
v -0.0088192168623209 -0.004713962785899639 -0.004714122507721186
v -0.008819201029837132 0.012111865915358067 -0.004714115988463163
v -0.008819207549095154 0.004713972099125385 -0.004714117385447025
v 0.007071055006235838 -0.013228746131062508 -0.007071223575621843
v 0.0070710740983486176 0.007071064319461584 -0.0070712207816541195
v 0.007071060594171286 -0.007071075960993767 -0.007071222644299269
v 0.007071079686284065 0.013228744268417358 -0.007071216125041246
v 0.007070946041494608 -0.013228822499513626 -0.007071326486766338
v 0.0070709665305912495 0.01322881504893303 -0.007071319036185741
v -0.008314707316458225 -0.012483330443501472 -0.005555855575948954
v -0.008333559148013592 -0.01247203629463911 -0.005524403415620327
v -0.008314700797200203 -0.005555693991482258 -0.005555854644626379
v -0.00831468403339386 0.012483356520533562 -0.005555851850658655
v -0.0083335405215621 0.012472053058445454 -0.005524395499378443
v -0.008314690552651882 0.005555711220949888 -0.005555853247642517
v -0.008819220587611198 -0.012111846357584 0.004713813308626413
v -0.00881921499967575 -0.004713964648544788 0.004713814705610275
v -0.008819200098514557 0.012111869640648365 0.004713817499577999
v -0.008819205686450005 0.004713970236480236 0.004713816102594137
v -0.009238805621862411 -0.01180066354572773 0.003826678963378072
v -0.00923879723995924 -0.003826829371973872 0.0038266838528215885
v -0.00923878327012062 0.011800682172179222 0.0038266864139586687
v -0.009238789789378643 0.003826842177659273 0.0038266852498054504
v -0.009569404646754265 -0.0029028444550931454 0.002902695909142494
v -0.009569414891302586 -0.011546652764081955 0.002902690786868334
v -0.00956939160823822 0.011546673253178596 0.002902698004618287
v -0.009569400921463966 0.002902854001149535 0.002902696840465069
v -0.009515912272036076 -0.011595149524509907 0.0030522230081260204
v -0.009515893645584583 0.0115951644256711 0.0030522188171744347
v -0.009951846674084663 -0.0009801593841984868 -0.0009803224820643663
v -0.009951857849955559 -0.011200024746358395 -0.00098032399546355
v -0.009951835498213768 0.011200045235455036 -0.0009803206194192171
v -0.009951846674084663 0.000980179407633841 -0.0009803221328184009
v -0.009807853028178215 -0.0019508966943249106 -0.0019510562997311354
v -0.009807861410081387 -0.011330533772706985 -0.0019510578131303191
v -0.00980783998966217 0.011330551467835903 -0.001951050478965044
v -0.009807849302887917 0.0019509093835949898 -0.0019510557176545262
v -0.009515906684100628 -0.011595149524509907 -0.003052544081583619
v -0.009569404646754265 -0.002902842592447996 -0.0029029990546405315
v -0.009569414891302586 -0.011546652764081955 -0.00290300021879375
v -0.009515888057649136 0.0115951644256711 -0.0030525291804224253
v -0.009569392539560795 0.011546671390533447 -0.0029029969591647387
v -0.009569400921463966 0.002902856096625328 -0.002902998123317957
v -0.007730116136372089 -0.012833718210458755 -0.006344086956232786
v -0.007730110548436642 -0.006343925837427378 -0.0063440860249102116
v -0.007730092853307724 0.012833747081458569 -0.0063440827652812
v -0.007730098906904459 0.006343941204249859 -0.006344084162265062
v 0.005740247201174498 -0.013858195394277573 -0.00817797426134348
v 0.0057402681559324265 0.0138581907376647 -0.00817797053605318
v -8.64229576791331e-09 -0.010000000707805157 0.00999984610825777
v -1.328253684818037e-08 -0.015000004321336746 0.00999984610825777
v 1.4558889205318337e-08 0.014999995008111 0.009999853558838367
v 9.918654342300215e-09 0.009999996982514858 0.009999853558838367
v 0.006343920715153217 -0.013572679832577705 -0.007730262354016304
v 0.006343939807265997 0.00773010216653347 -0.007730255369096994
v 0.006343926303088665 -0.007730109617114067 -0.007730261422693729
v 0.006343945395201445 0.01357267051935196 -0.00773025443777442
v -0.0019509115954861045 -0.009807859547436237 0.00980769656598568
v -0.0014702754560858011 -0.014927772805094719 0.009878990240395069
v -0.0019509162520989776 -0.014856475405395031 0.009807695634663105
v -0.0019508886616677046 0.014856474474072456 0.009807704016566277
v -0.0019508935511112213 0.00980785209685564 0.009807703085243702
v -0.007730115205049515 -0.012833729386329651 0.006343775894492865
v -0.007730109617114067 -0.006343929562717676 0.006343781016767025
v -0.007730092387646437 0.012833748012781143 0.006343784276396036
v -0.007730097975581884 0.006343937013298273 0.006343782879412174
v -0.008314707316458225 -0.01248333789408207 0.005555545445531607
v -0.008333566598594189 -0.012472039088606834 0.005524078384041786
v -0.008314700797200203 -0.005555697716772556 0.005555550567805767
v -0.00831468403339386 0.012483356520533562 0.005555553361773491
v -0.008333547972142696 0.012472049333155155 0.005524082109332085
v -0.008314690552651882 0.0055557070299983025 0.005555551964789629
v -0.000980180106125772 -0.009951851330697536 0.009951693937182426
v -0.000980184762738645 -0.014951848424971104 0.009951691143214703
v -0.0009801569394767284 0.014951844699680805 0.009951697662472725
v -0.0014702518237754703 0.01492776907980442 0.009878995828330517
v -0.0009801615960896015 0.00995184388011694 0.00995169673115015
v 0.0019508899422362447 -0.014856474474072456 0.00980769470334053
v 0.0019509175326675177 0.014856470748782158 0.009807703085243702
v 0.0019509127596393228 0.009807848371565342 0.009807702153921127
v 0.0019508947152644396 -0.009807863272726536 0.009807695634663105
v 0.001470262766815722 0.014927765354514122 0.00987900048494339
v -0.009999973699450493 0.03000001050531864 -1.465480607976133e-07
v -0.010000026784837246 -0.02999999187886715 -1.746813040881534e-07
v -0.00995181966573 0.03000001050531864 -0.0009803178254514933
v -0.009951873682439327 -0.02999999187886715 -0.0009803459979593754
v -0.009807824157178402 0.03000001050531864 -0.0019510515267029405
v -0.00980787817388773 -0.02999999187886715 -0.0019510796992108226
v -0.009569374844431877 0.03000001050531864 -0.002902994165197015
v -0.00956942792981863 -0.02999999187886715 -0.0029030221048742533
v -0.009238766506314278 0.03000001050531864 -0.0038269823417067528
v -0.00923881959170103 -0.02999999187886715 -0.003827010514214635
v -0.008819181472063065 0.03000001050531864 -0.004714113660156727
v -0.008819235488772392 -0.02999999187886715 -0.004714141599833965
v -0.008314665406942368 0.030000008642673492 -0.005555849522352219
v -0.00831471849232912 -0.0299999937415123 -0.005555873736739159
v -0.007730071432888508 0.03000001236796379 -0.006344080436974764
v -0.0077301268465816975 -0.029999990016222 -0.006344104651361704
v -0.007071034517139196 0.03000001050531864 -0.007071215193718672
v -0.007071089465171099 -0.02999999187886715 -0.007071239408105612
v -0.006343898829072714 0.03000001050531864 -0.007730249781161547
v -0.006343953777104616 -0.02999999187886715 -0.007730273995548487
v -0.005555667448788881 0.03000001050531864 -0.008314840495586395
v -0.005555722862482071 -0.02999999187886715 -0.008314869366586208
v -0.004713932052254677 0.03000001050531864 -0.008819354698061943
v -0.0047139874659478664 -0.02999999187886715 -0.008819381706416607
v -0.0038267995696514845 0.03000001050531864 -0.009238936938345432
v -0.003826853819191456 -0.02999999187886715 -0.00923896487802267
v -0.002902811160311103 0.030000008642673492 -0.009569545276463032
v -0.002902865642681718 -0.0299999937415123 -0.00956957321614027
v -0.0019508673576638103 0.030000006780028343 -0.009807994589209557
v -0.001950921956449747 -0.029999995604157448 -0.009808017872273922
v -0.0009801355190575123 0.030000006780028343 -0.00995198730379343
v -0.0009801901178434491 -0.029999995604157448 -0.009952016174793243
v 3.60012357702999e-08 0.030000006780028343 -0.010000140406191349
v -1.859653586677723e-08 -0.029999995604157448 -0.010000165551900864
v 0.0009802074637264013 0.030000006780028343 -0.009951983578503132
v 0.0009801528649404645 -0.029999995604157448 -0.009952012449502945
v 0.0019509391859173775 0.030000006780028343 -0.009807991795241833
v 0.0019508845871314406 -0.029999995604157448 -0.009808018803596497
v 0.0029028821736574173 0.030000004917383194 -0.00956953875720501
v 0.002902827924117446 -0.029999997466802597 -0.009569565765559673
v 0.0038268701173365116 0.030000001192092896 -0.00923893041908741
v 0.0038268158677965403 -0.030000001192092896 -0.009238957427442074
v 0.004714002832770348 0.030000001192092896 -0.00881934817880392
v 0.004713947419077158 -0.030000001192092896 -0.008819375187158585
v 0.0055557372979819775 0.030000001192092896 -0.008314831182360649
v 0.005555681884288788 -0.030000001192092896 -0.008314860053360462
v 0.006343968212604523 0.030000001192092896 -0.007730236742645502
v 0.006343912798911333 -0.030000001192092896 -0.007730265147984028
v 0.007071102038025856 0.030000001192092896 -0.007071202155202627
v 0.007071046624332666 -0.030000001192092896 -0.007071226369589567
v 0.007730138022452593 0.029999999329447746 -0.006344067398458719
v 0.0077300830744206905 -0.030000003054738045 -0.006344091612845659
v 0.008314727805554867 0.029999995604157448 -0.005555836483836174
v 0.008314674720168114 -0.030000006780028343 -0.005555860698223114
v 0.00881924293935299 0.0299999937415123 -0.004714100621640682
v 0.008819189853966236 -0.030000008642673492 -0.004714124836027622
v 0.009238825179636478 0.0299999937415123 -0.0038269662763923407
v 0.009238772094249725 -0.030000008642673492 -0.0038269944489002228
v 0.009569433517754078 0.0299999937415123 -0.002902977867051959
v 0.009569380432367325 -0.030000008642673492 -0.002903006039559841
v 0.009807881899178028 0.0299999937415123 -0.0019510353449732065
v 0.009807828813791275 -0.030000008642673492 -0.0019510596757754683
v 0.009951875545084476 0.02999999187886715 -0.0009803017601370811
v 0.009951821528375149 -0.03000001050531864 -0.0009803298162296414
v 0.010000026784837246 0.02999999187886715 -1.3049449876234576e-07
v 0.009999973699450493 -0.03000001050531864 -1.5862772784203116e-07
v 0.009951873682439327 0.02999999187886715 0.0009800407569855452
v 0.00995181966573 -0.03000001050531864 0.000980012584477663
v 0.00980787817388773 0.02999999187886715 0.0019507745746523142
v 0.009807824157178402 -0.03000001050531864 0.001950746402144432
v 0.00956942792981863 0.02999999187886715 0.0029027170967310667
v 0.009569374844431877 -0.03000001050531864 0.0029026889242231846
v 0.00923881959170103 0.02999999187886715 0.0038267055060714483
v 0.009238766506314278 -0.03000001050531864 0.003826677333563566
v 0.008819235488772392 0.02999999187886715 0.004713836591690779
v 0.008819181472063065 -0.03000001050531864 0.004713808186352253
v 0.00831471849232912 0.0299999937415123 0.005555568262934685
v 0.008314665406942368 -0.030000008642673492 0.005555544048547745
v 0.0077301268465816975 0.029999990016222 0.006343799643218517
v 0.007730071432888508 -0.03000001236796379 0.00634377496317029
v 0.007071089465171099 0.02999999187886715 0.007070933934301138
v 0.007071034517139196 -0.03000001050531864 0.007070909719914198
v 0.006343953777104616 0.02999999187886715 0.0077299689874053
v 0.006343898829072714 -0.03000001050531864 0.00772994477301836
v 0.005555722862482071 0.02999999187886715 0.008314562030136585
v 0.005555667448788881 -0.03000001050531864 0.008314535953104496
v 0.0047139874659478664 0.02999999187886715 0.008819077163934708
v 0.004713932052254677 -0.03000001050531864 0.00881904922425747
v 0.003826853819191456 0.02999999187886715 0.009238659404218197
v 0.0038267995696514845 -0.03000001050531864 0.009238631464540958
v 0.002902865642681718 0.0299999937415123 0.009569267742335796
v 0.002902811160311103 -0.030000008642673492 0.009569239802658558
v 0.001950921956449747 0.029999995604157448 0.009807715192437172
v 0.0019508673576638103 -0.030000006780028343 0.009807689115405083
v 0.0009801901178434491 0.029999995604157448 0.009951711632311344
v 0.0009801355190575123 -0.030000006780028343 0.009951682761311531
v 1.8566687742804788e-08 0.029999995604157448 0.009999861940741539
v -3.603108567062918e-08 -0.030000006780028343 0.0099998340010643
v -0.0009801528649404645 0.029999995604157448 0.009951706975698471
v -0.0009802074637264013 -0.030000006780028343 0.009951679036021233
v -0.0019508845871314406 0.029999995604157448 0.009807714261114597
v -0.0019509391859173775 -0.030000006780028343 0.009807686321437359
v -0.002902827924117446 0.029999997466802597 0.009569261223077774
v -0.0029028821736574173 -0.030000004917383194 0.009569235146045685
v -0.0038268158677965403 0.030000001192092896 0.009238652884960175
v -0.0038268701173365116 -0.030000001192092896 0.009238624945282936
v -0.004713947419077158 0.030000001192092896 0.008819070644676685
v -0.004714002832770348 -0.030000001192092896 0.008819042704999447
v -0.005555681884288788 0.030000001192092896 0.008314554579555988
v -0.0055557372979819775 -0.030000001192092896 0.008314525708556175
v -0.006343912798911333 0.030000001192092896 0.007729959674179554
v -0.006343968212604523 -0.030000001192092896 0.0077299317345023155
v -0.007071046624332666 0.030000001192092896 0.007070921361446381
v -0.007071102038025856 -0.030000001192092896 0.007070897147059441
v -0.0077300830744206905 0.030000003054738045 0.006343786604702473
v -0.007730138022452593 -0.029999999329447746 0.006343762390315533
v -0.008314674720168114 0.030000006780028343 0.0055555556900799274
v -0.008314727805554867 -0.029999995604157448 0.0055555314756929874
v -0.008819189853966236 0.030000008642673492 0.004713819827884436
v -0.00881924293935299 -0.0299999937415123 0.004713795613497496
v -0.009238772094249725 0.030000008642673492 0.0038266892079263926
v -0.009238825179636478 -0.0299999937415123 0.0038266610354185104
v -0.009569380432367325 0.030000008642673492 0.002902700798586011
v -0.009569433517754078 -0.0299999937415123 0.002902672626078129
v -0.009807828813791275 0.030000008642673492 0.00195075455121696
v -0.009807881899178028 -0.0299999937415123 0.0019507302204146981
v -0.009951821528375149 0.03000001050531864 0.000980024691671133
v -0.009951875545084476 -0.02999999187886715 0.000979996519163251
v -0.03499997779726982 -7.132406221188603e-09 0.15499985218048096
v -0.034831445664167404 0.003430592827498913 0.15499985218048096
v -0.03432745859026909 0.006828153971582651 0.15499985218048096
v -0.033492885529994965 0.01015995629131794 0.15499985218048096
v -0.03233575448393822 0.013393913395702839 0.15499985218048096
v -0.030867213383316994 0.016498876735568047 0.15499985218048096
v -0.029101405292749405 0.01944494992494583 0.15499985218048096
v -0.02705533243715763 0.022203756496310234 0.15499985218048096
v -0.024748703464865685 0.024748727679252625 0.15499985218048096
v -0.022203730419278145 0.02705535478889942 0.15499985218048096
v -0.019444921985268593 0.029101423919200897 0.15499985218048096
v -0.016498850658535957 0.030867228284478188 0.15499985218048096
v -0.013393882662057877 0.032335761934518814 0.15499985218048096
v -0.010159923695027828 0.03349289298057556 0.15499985218048096
v -0.006828122306615114 0.034327466040849686 0.15499985218048096
v -0.003430560464039445 0.034831445664167404 0.15499985218048096
v 3.966134443089686e-08 0.03499997779726982 0.15499985218048096
v 0.0034306396264582872 0.034831445664167404 0.15499985218048096
v 0.006828200537711382 0.03432745859026909 0.15499985218048096
v 0.010160003788769245 0.033492885529994965 0.15499985218048096
v 0.013393960893154144 0.03233575448393822 0.15499985218048096
v 0.016498923301696777 0.030867213383316994 0.15499985218048096
v 0.019444994628429413 0.029101405292749405 0.15499985218048096
v 0.022203803062438965 0.02705533243715763 0.15499985218048096
v 0.024748772382736206 0.024748703464865685 0.15499985218048096
v 0.027055399492383003 0.022203730419278145 0.15499985218048096
v 0.029101470485329628 0.019444921985268593 0.15499985218048096
v 0.03086727485060692 0.016498850658535957 0.15499985218048096
v 0.032335810363292694 0.013393882662057877 0.15499985218048096
v 0.03349294140934944 0.010159923695027828 0.15499985218048096
v 0.03432751074433327 0.006828122306615114 0.15499985218048096
v 0.034831490367650986 0.003430560464039445 0.15499985218048096
v 0.0350000262260437 -3.967626582834782e-08 0.15499985218048096
v 0.034831490367650986 -0.0034306396264582872 0.15499985218048096
v 0.03432750329375267 -0.006828200537711382 0.15499985218048096
v 0.033492933958768845 -0.010160003788769245 0.15499985218048096
v 0.0323358029127121 -0.013393960893154144 0.15499985218048096
v 0.030867259949445724 -0.016498923301696777 0.15499985218048096
v 0.029101451858878136 -0.019444994628429413 0.15499985218048096
v 0.027055377140641212 -0.022203803062438965 0.15499985218048096
v 0.024748750030994415 -0.024748772382736206 0.15499985218048096
v 0.022203776985406876 -0.027055399492383003 0.15499985218048096
v 0.019444968551397324 -0.029101470485329628 0.15499985218048096
v 0.016498897224664688 -0.03086727485060692 0.15499985218048096
v 0.013393930159509182 -0.032335810363292694 0.15499985218048096
v 0.010159972123801708 -0.03349294140934944 0.15499985218048096
v 0.006828169338405132 -0.03432751074433327 0.15499985218048096
v 0.0034306072629988194 -0.034831490367650986 0.15499985218048096
v 7.1174861560052705e-09 -0.0350000262260437 0.15499985218048096
v -0.003430592827498913 -0.034831490367650986 0.15499985218048096
v -0.006828153971582651 -0.03432750329375267 0.15499985218048096
v -0.01015995629131794 -0.033492933958768845 0.15499985218048096
v -0.013393913395702839 -0.0323358029127121 0.15499985218048096
v -0.016498876735568047 -0.030867259949445724 0.15499985218048096
v -0.01944494992494583 -0.029101451858878136 0.15499985218048096
v -0.022203756496310234 -0.027055377140641212 0.15499985218048096
v -0.024748727679252625 -0.024748750030994415 0.15499985218048096
v -0.02705535478889942 -0.022203776985406876 0.15499985218048096
v -0.029101423919200897 -0.019444968551397324 0.15499985218048096
v -0.030867228284478188 -0.016498897224664688 0.15499985218048096
v -0.032335761934518814 -0.013393930159509182 0.15499985218048096
v -0.03349289298057556 -0.010159972123801708 0.15499985218048096
v -0.034327466040849686 -0.006828169338405132 0.15499985218048096
v -0.034831445664167404 -0.0034306072629988194 0.15499985218048096
v -0.039999980479478836 -4.807844788956572e-09 0.15499985218048096
v -0.03980736806988716 0.003920681308954954 0.15499985218048096
v -0.03923138603568077 0.007803607732057571 0.15499985218048096
v -0.03827758878469467 0.01161138154566288 0.15499985218048096
v -0.036955151706933975 0.015307332389056683 0.15499986708164215
v -0.03527681902050972 0.018855862319469452 0.15499986708164215
v -0.03325875476002693 0.02222280204296112 0.15499986708164215
v -0.03092038445174694 0.025375723838806152 0.15499986708164215
v -0.028284236788749695 0.028284262865781784 0.15499986708164215
v -0.025375697761774063 0.03092040866613388 0.15499986708164215
v -0.022222772240638733 0.033258773386478424 0.15499986708164215
v -0.018855832517147064 0.035276833921670914 0.15499986708164215
v -0.015307298861443996 0.03695516660809517 0.15499986708164215
v -0.01161134522408247 0.03827759623527527 0.15499985218048096
v -0.007803571410477161 0.03923139348626137 0.15499985218048096
v -0.0039206440560519695 0.03980736806988716 0.15499985218048096
v 4.198590985993178e-08 0.039999980479478836 0.15499985218048096
v 0.003920727875083685 0.03980736806988716 0.15499985218048096
v 0.0078036547638475895 0.03923138603568077 0.15499985218048096
v 0.011611429043114185 0.03827758878469467 0.15499985218048096
v 0.015307380817830563 0.036955151706933975 0.15499985218048096
v 0.018855908885598183 0.03527681902050972 0.15499985218048096
v 0.02222284860908985 0.03325875476002693 0.15499985218048096
v 0.025375770404934883 0.03092038445174694 0.15499985218048096
v 0.028284309431910515 0.028284236788749695 0.15499985218048096
v 0.030920453369617462 0.025375697761774063 0.15499985218048096
v 0.033258818089962006 0.022222772240638733 0.15499985218048096
v 0.035276878625154495 0.018855832517147064 0.15499985218048096
v 0.03695521503686905 0.015307298861443996 0.15499985218048096
v 0.03827764466404915 0.01161134522408247 0.15499985218048096
v 0.03923143818974495 0.007803571410477161 0.15499985218048096
v 0.03980741277337074 0.0039206440560519695 0.15499985218048096
v 0.04000002518296242 -4.2000827704669064e-08 0.15499985218048096
v 0.03980741277337074 -0.003920727875083685 0.15499985218048096
v 0.03923143073916435 -0.0078036547638475895 0.15499985218048096
v 0.03827763721346855 -0.011611429043114185 0.15499985218048096
v 0.03695519641041756 -0.015307380817830563 0.15499983727931976
v 0.0352768637239933 -0.018855908885598183 0.15499983727931976
v 0.03325880318880081 -0.02222284860908985 0.15499983727931976
v 0.03092043101787567 -0.025375770404934883 0.15499983727931976
v 0.028284281492233276 -0.028284309431910515 0.15499983727931976
v 0.025375742465257645 -0.030920453369617462 0.15499983727931976
v 0.022222816944122314 -0.033258818089962006 0.15499983727931976
v 0.018855877220630646 -0.035276878625154495 0.15499983727931976
v 0.015307346358895302 -0.03695521503686905 0.15499983727931976
v 0.011611392721533775 -0.03827764466404915 0.15499985218048096
v 0.0078036184422671795 -0.03923143818974495 0.15499985218048096
v 0.0039206906221807 -0.03980741277337074 0.15499985218048096
v 4.7929256119516594e-09 -0.04000002518296242 0.15499985218048096
v -0.003920681308954954 -0.03980741277337074 0.15499985218048096
v -0.007803607732057571 -0.03923143073916435 0.15499985218048096
v -0.01161138154566288 -0.03827763721346855 0.15499985218048096
v -0.015307332389056683 -0.03695519641041756 0.15499985218048096
v -0.018855862319469452 -0.0352768637239933 0.15499985218048096
v -0.02222280204296112 -0.03325880318880081 0.15499985218048096
v -0.025375723838806152 -0.03092043101787567 0.15499985218048096
v -0.028284262865781784 -0.028284281492233276 0.15499985218048096
v -0.03092040866613388 -0.025375742465257645 0.15499985218048096
v -0.033258773386478424 -0.022222816944122314 0.15499985218048096
v -0.035276833921670914 -0.018855877220630646 0.15499985218048096
v -0.03695516660809517 -0.015307346358895302 0.15499985218048096
v -0.03827759623527527 -0.011611392721533775 0.15499985218048096
v -0.03923139348626137 -0.0078036184422671795 0.15499985218048096
v -0.03980736806988716 -0.0039206906221807 0.15499985218048096
v -0.03499997407197952 -8.642366822186887e-09 0.164999857544899
v -0.034831441938877106 0.003430591430515051 0.164999857544899
v -0.03432745486497879 0.006828152574598789 0.164999857544899
v -0.033492881804704666 0.010159955359995365 0.164999857544899
v -0.03233575075864792 0.01339391153305769 0.164999857544899
v -0.030867211520671844 0.016498874872922897 0.164999857544899
v -0.029101403430104256 0.019444948062300682 0.164999857544899
v -0.02705533057451248 0.022203754633665085 0.164999857544899
v -0.024748701602220535 0.024748725816607475 0.164999857544899
v -0.022203728556632996 0.027055352926254272 0.164999857544899
v -0.019444920122623444 0.029101422056555748 0.164999857544899
v -0.016498848795890808 0.03086722642183304 0.164999857544899
v -0.013393881730735302 0.032335758209228516 0.164999857544899
v -0.010159922763705254 0.03349288925528526 0.164999857544899
v -0.006828120909631252 0.03432746231555939 0.164999857544899
v -0.003430559067055583 0.034831441938877106 0.164999857544899
v 4.1171301035092256e-08 0.03499997407197952 0.164999857544899
v 0.003430641023442149 0.034831441938877106 0.164999857544899
v 0.006828201934695244 0.03432745486497879 0.164999857544899
v 0.01016000472009182 0.033492881804704666 0.164999857544899
v 0.013393961824476719 0.03233575075864792 0.164999857544899
v 0.016498925164341927 0.030867211520671844 0.164999857544899
v 0.019444996491074562 0.029101403430104256 0.164999857544899
v 0.022203804925084114 0.02705533057451248 0.164999857544899
v 0.024748774245381355 0.024748701602220535 0.164999857544899
v 0.027055401355028152 0.022203728556632996 0.164999857544899
v 0.029101472347974777 0.019444920122623444 0.164999857544899
v 0.030867276713252068 0.016498848795890808 0.164999857544899
v 0.03233581408858299 0.013393881730735302 0.164999857544899
v 0.03349294513463974 0.010159922763705254 0.164999857544899
v 0.034327514469623566 0.006828120909631252 0.164999857544899
v 0.034831494092941284 0.003430559067055583 0.164999857544899
v 0.035000029951334 -4.11862259852569e-08 0.164999857544899
v 0.034831494092941284 -0.003430641023442149 0.164999857544899
v 0.03432750701904297 -0.006828201934695244 0.164999857544899
v 0.03349293768405914 -0.01016000472009182 0.164999857544899
v 0.032335806638002396 -0.013393961824476719 0.164999857544899
v 0.030867261812090874 -0.016498925164341927 0.164999857544899
v 0.029101453721523285 -0.019444996491074562 0.164999857544899
v 0.02705537900328636 -0.022203804925084114 0.164999857544899
v 0.024748751893639565 -0.024748774245381355 0.164999857544899
v 0.022203778848052025 -0.027055401355028152 0.164999857544899
v 0.019444970414042473 -0.029101472347974777 0.164999857544899
v 0.016498899087309837 -0.030867276713252068 0.164999857544899
v 0.013393931090831757 -0.03233581408858299 0.164999857544899
v 0.010159973055124283 -0.03349294513463974 0.164999857544899
v 0.006828170735388994 -0.034327514469623566 0.164999857544899
v 0.0034306086599826813 -0.034831494092941284 0.164999857544899
v 8.627443648379085e-09 -0.035000029951334 0.164999857544899
v -0.003430591430515051 -0.034831494092941284 0.164999857544899
v -0.006828152574598789 -0.03432750701904297 0.164999857544899
v -0.010159955359995365 -0.03349293768405914 0.164999857544899
v -0.01339391153305769 -0.032335806638002396 0.164999857544899
v -0.016498874872922897 -0.030867261812090874 0.164999857544899
v -0.019444948062300682 -0.029101453721523285 0.164999857544899
v -0.022203754633665085 -0.02705537900328636 0.164999857544899
v -0.024748725816607475 -0.024748751893639565 0.164999857544899
v -0.027055352926254272 -0.022203778848052025 0.164999857544899
v -0.029101422056555748 -0.019444970414042473 0.164999857544899
v -0.03086722642183304 -0.016498899087309837 0.164999857544899
v -0.032335758209228516 -0.013393931090831757 0.164999857544899
v -0.03349288925528526 -0.010159973055124283 0.164999857544899
v -0.03432746231555939 -0.006828170735388994 0.164999857544899
v -0.034831441938877106 -0.0034306086599826813 0.164999857544899
v -0.03999997675418854 -6.317804945865646e-09 0.164999857544899
v -0.03980736434459686 0.003920679911971092 0.164999857544899
v -0.03923138231039047 0.0078036063350737095 0.164999857544899
v -0.03827758505940437 0.011611380614340305 0.164999857544899
v -0.03695514798164368 0.015307331457734108 0.16499987244606018
v -0.03527681529521942 0.018855860456824303 0.16499987244606018
v -0.03325875103473663 0.02222280018031597 0.16499987244606018
v -0.03092038258910179 0.025375721976161003 0.16499987244606018
v -0.028284234926104546 0.028284261003136635 0.16499987244606018
v -0.025375695899128914 0.03092040680348873 0.16499987244606018
v -0.022222770377993584 0.03325876593589783 0.16499987244606018
v -0.018855830654501915 0.035276830196380615 0.16499987244606018
v -0.015307297930121422 0.03695516288280487 0.16499987244606018
v -0.011611344292759895 0.03827759250998497 0.164999857544899
v -0.0078035700134932995 0.03923138976097107 0.164999857544899
v -0.003920642659068108 0.03980736434459686 0.164999857544899
v 4.3495866464127175e-08 0.03999997675418854 0.164999857544899
v 0.003920729272067547 0.03980736434459686 0.164999857544899
v 0.007803656160831451 0.03923138231039047 0.164999857544899
v 0.01161142997443676 0.03827758505940437 0.164999857544899
v 0.015307381749153137 0.03695514798164368 0.164999857544899
v 0.018855910748243332 0.03527681529521942 0.164999857544899
v 0.022222850471735 0.03325875103473663 0.164999857544899
v 0.025375772267580032 0.03092038258910179 0.164999857544899
v 0.028284311294555664 0.028284234926104546 0.164999857544899
v 0.03092045523226261 0.025375695899128914 0.164999857544899
v 0.033258821815252304 0.022222770377993584 0.164999857544899
v 0.035276882350444794 0.018855830654501915 0.164999857544899
v 0.03695521876215935 0.015307297930121422 0.164999857544899
v 0.03827764838933945 0.011611344292759895 0.164999857544899
v 0.03923144191503525 0.0078035700134932995 0.164999857544899
v 0.03980741649866104 0.003920642659068108 0.164999857544899
v 0.040000028908252716 -4.351078430886446e-08 0.164999857544899
v 0.03980741649866104 -0.003920729272067547 0.164999857544899
v 0.03923143446445465 -0.007803656160831451 0.164999857544899
v 0.03827764093875885 -0.01161142997443676 0.164999857544899
v 0.036955200135707855 -0.015307381749153137 0.1649998426437378
v 0.0352768674492836 -0.018855910748243332 0.1649998426437378
v 0.03325880691409111 -0.022222850471735 0.1649998426437378
v 0.03092043288052082 -0.025375772267580032 0.1649998426437378
v 0.028284283354878426 -0.028284311294555664 0.1649998426437378
v 0.025375744327902794 -0.03092045523226261 0.1649998426437378
v 0.022222818806767464 -0.033258821815252304 0.1649998426437378
v 0.018855879083275795 -0.035276882350444794 0.1649998426437378
v 0.015307347290217876 -0.03695521876215935 0.1649998426437378
v 0.01161139365285635 -0.03827764838933945 0.164999857544899
v 0.007803619839251041 -0.03923144191503525 0.164999857544899
v 0.003920692019164562 -0.03980741649866104 0.164999857544899
v 6.302883104325474e-09 -0.040000028908252716 0.164999857544899
v -0.003920679911971092 -0.03980741649866104 0.164999857544899
v -0.0078036063350737095 -0.03923143446445465 0.164999857544899
v -0.011611380614340305 -0.03827764093875885 0.164999857544899
v -0.015307331457734108 -0.036955200135707855 0.164999857544899
v -0.018855860456824303 -0.0352768674492836 0.164999857544899
v -0.02222280018031597 -0.03325880691409111 0.164999857544899
v -0.025375721976161003 -0.03092043288052082 0.164999857544899
v -0.028284261003136635 -0.028284283354878426 0.164999857544899
v -0.03092040680348873 -0.025375744327902794 0.164999857544899
v -0.03325876593589783 -0.022222818806767464 0.164999857544899
v -0.035276830196380615 -0.018855879083275795 0.164999857544899
v -0.03695516288280487 -0.015307347290217876 0.164999857544899
v -0.03827759250998497 -0.01161139365285635 0.164999857544899
v -0.03923138976097107 -0.007803619839251041 0.164999857544899
v -0.03980736434459686 -0.003920692019164562 0.164999857544899
v -0.034999966621398926 -1.7702118881857132e-08 0.22499985992908478
v -0.03483143448829651 0.0034305823501199484 0.22499985992908478
v -0.03432744741439819 0.006828143261373043 0.22499985992908478
v -0.03349287435412407 0.010159946046769619 0.22499985992908478
v -0.03233574330806732 0.013393902219831944 0.22499985992908478
v -0.0308672022074461 0.01649886555969715 0.22499985992908478
v -0.02910139411687851 0.019444936886429787 0.22499985992908478
v -0.027055319398641586 0.02220374532043934 0.22499985992908478
v -0.02474869228899479 0.02474871650338173 0.22499985992908478
v -0.02220371924340725 0.027055343613028526 0.22499985992908478
v -0.019444910809397697 0.029101412743330002 0.22499985992908478
v -0.016498839482665062 0.030867217108607292 0.22499985992908478
v -0.013393871486186981 0.03233575075864792 0.22499985992908478
v -0.010159913450479507 0.033492881804704666 0.22499985992908478
v -0.0068281120620667934 0.03432745486497879 0.22499985992908478
v -0.0034305499866604805 0.03483143448829651 0.22499985992908478
v 5.0231044212978304e-08 0.034999966621398926 0.22499985992908478
v 0.0034306501038372517 0.03483143448829651 0.22499985992908478
v 0.00682821124792099 0.03432744741439819 0.22499985992908478
v 0.01016001496464014 0.03349287435412407 0.22499985992908478
v 0.013393971137702465 0.03233574330806732 0.22499985992908478
v 0.016498934477567673 0.0308672022074461 0.22499985992908478
v 0.019445005804300308 0.02910139411687851 0.22499985992908478
v 0.02220381423830986 0.027055319398641586 0.22499985992908478
v 0.0247487835586071 0.02474869228899479 0.22499985992908478
v 0.027055412530899048 0.02220371924340725 0.22499985992908478
v 0.029101481661200523 0.019444910809397697 0.22499985992908478
v 0.030867286026477814 0.016498839482665062 0.22499985992908478
v 0.03233582153916359 0.013393871486186981 0.22499985992908478
v 0.03349295258522034 0.010159913450479507 0.22499985992908478
v 0.03432752564549446 0.0068281120620667934 0.22499985992908478
v 0.03483150154352188 0.0034305499866604805 0.22499985992908478
v 0.0350000374019146 -5.02459762685703e-08 0.22499985992908478
v 0.03483150154352188 -0.0034306501038372517 0.22499985992908478
v 0.034327514469623566 -0.00682821124792099 0.22499985992908478
v 0.03349294513463974 -0.01016001496464014 0.22499985992908478
v 0.03233581408858299 -0.013393971137702465 0.22499985992908478
v 0.03086727112531662 -0.016498934477567673 0.22499985992908478
v 0.02910146303474903 -0.019445005804300308 0.22499985992908478
v 0.027055388316512108 -0.02220381423830986 0.22499985992908478
v 0.02474876120686531 -0.0247487835586071 0.22499985992908478
v 0.02220378816127777 -0.027055412530899048 0.22499985992908478
v 0.01944497972726822 -0.029101481661200523 0.22499985992908478
v 0.016498908400535583 -0.030867286026477814 0.22499985992908478
v 0.013393940404057503 -0.03233582153916359 0.22499985992908478
v 0.010159982368350029 -0.03349295258522034 0.22499985992908478
v 0.006828179582953453 -0.03432752564549446 0.22499985992908478
v 0.0034306177403777838 -0.03483150154352188 0.22499985992908478
v 1.7687186826265133e-08 -0.0350000374019146 0.22499985992908478
v -0.0034305823501199484 -0.03483150154352188 0.22499985992908478
v -0.006828143261373043 -0.034327514469623566 0.22499985992908478
v -0.010159946046769619 -0.03349294513463974 0.22499985992908478
v -0.013393902219831944 -0.03233581408858299 0.22499985992908478
v -0.01649886555969715 -0.03086727112531662 0.22499985992908478
v -0.019444936886429787 -0.02910146303474903 0.22499985992908478
v -0.02220374532043934 -0.027055388316512108 0.22499985992908478
v -0.02474871650338173 -0.02474876120686531 0.22499985992908478
v -0.027055343613028526 -0.02220378816127777 0.22499985992908478
v -0.029101412743330002 -0.01944497972726822 0.22499985992908478
v -0.030867217108607292 -0.016498908400535583 0.22499985992908478
v -0.03233575075864792 -0.013393940404057503 0.22499985992908478
v -0.033492881804704666 -0.010159982368350029 0.22499985992908478
v -0.03432745486497879 -0.006828179582953453 0.22499985992908478
v -0.03483143448829651 -0.0034306177403777838 0.22499985992908478
v -0.03999996930360794 -1.537755700553589e-08 0.22499985992908478
v -0.039807356894016266 0.003920670598745346 0.22499985992908478
v -0.039231374859809875 0.007803597487509251 0.22499985992908478
v -0.038277577608823776 0.011611370369791985 0.22499985992908478
v -0.03695514053106308 0.015307322144508362 0.22499987483024597
v -0.035276807844638824 0.018855851143598557 0.22499987483024597
v -0.033258743584156036 0.022222790867090225 0.22499987483024597
v -0.030920373275876045 0.025375712662935257 0.22499987483024597
v -0.0282842256128788 0.02828425168991089 0.22499987483024597
v -0.025375686585903168 0.030920395627617836 0.22499987483024597
v -0.022222761064767838 0.03325875848531723 0.22499987483024597
v -0.01885582134127617 0.03527682274580002 0.22499987483024597
v -0.015307287685573101 0.036955155432224274 0.22499987483024597
v -0.011611334048211575 0.03827758505940437 0.22499985992908478
v -0.007803561165928841 0.03923138231039047 0.22499985992908478
v -0.0039206333458423615 0.039807356894016266 0.22499985992908478
v 5.2555606089299545e-08 0.03999996930360794 0.22499985992908478
v 0.003920738585293293 0.039807356894016266 0.22499985992908478
v 0.00780366500839591 0.039231374859809875 0.22499985992908478
v 0.011611439287662506 0.038277577608823776 0.22499985992908478
v 0.015307391062378883 0.03695514053106308 0.22499985992908478
v 0.018855920061469078 0.035276807844638824 0.22499985992908478
v 0.022222859784960747 0.033258743584156036 0.22499985992908478
v 0.02537578158080578 0.030920373275876045 0.22499985992908478
v 0.02828432060778141 0.0282842256128788 0.22499985992908478
v 0.030920464545488358 0.025375686585903168 0.22499985992908478
v 0.0332588292658329 0.022222761064767838 0.22499985992908478
v 0.03527688980102539 0.01885582134127617 0.22499985992908478
v 0.036955226212739944 0.015307287685573101 0.22499985992908478
v 0.038277655839920044 0.011611334048211575 0.22499985992908478
v 0.039231449365615845 0.007803561165928841 0.22499985992908478
v 0.03980742394924164 0.0039206333458423615 0.22499985992908478
v 0.04000003635883331 -5.257053814489154e-08 0.22499985992908478
v 0.03980742394924164 -0.003920738585293293 0.22499985992908478
v 0.03923144191503525 -0.00780366500839591 0.22499985992908478
v 0.03827764838933945 -0.011611439287662506 0.22499985992908478
v 0.03695521131157875 -0.015307391062378883 0.22499984502792358
v 0.0352768748998642 -0.018855920061469078 0.22499984502792358
v 0.03325881436467171 -0.022222859784960747 0.22499984502792358
v 0.030920442193746567 -0.02537578158080578 0.22499984502792358
v 0.028284292668104172 -0.02828432060778141 0.22499984502792358
v 0.02537575550377369 -0.030920464545488358 0.22499984502792358
v 0.02222282811999321 -0.0332588292658329 0.22499984502792358
v 0.01885588839650154 -0.03527688980102539 0.22499984502792358
v 0.015307356603443623 -0.036955226212739944 0.22499984502792358
v 0.011611402966082096 -0.038277655839920044 0.22499985992908478
v 0.0078036286868155 -0.039231449365615845 0.22499985992908478
v 0.003920701332390308 -0.03980742394924164 0.22499985992908478
v 1.5362624949943893e-08 -0.04000003635883331 0.22499985992908478
v -0.003920670598745346 -0.03980742394924164 0.22499985992908478
v -0.007803597487509251 -0.03923144191503525 0.22499985992908478
v -0.011611370369791985 -0.03827764838933945 0.22499985992908478
v -0.015307322144508362 -0.03695521131157875 0.22499985992908478
v -0.018855851143598557 -0.0352768748998642 0.22499985992908478
v -0.022222790867090225 -0.03325881436467171 0.22499985992908478
v -0.025375712662935257 -0.030920442193746567 0.22499985992908478
v -0.02828425168991089 -0.028284292668104172 0.22499985992908478
v -0.030920395627617836 -0.02537575550377369 0.22499985992908478
v -0.03325875848531723 -0.02222282811999321 0.22499985992908478
v -0.03527682274580002 -0.01885588839650154 0.22499985992908478
v -0.036955155432224274 -0.015307356603443623 0.22499985992908478
v -0.03827758505940437 -0.011611402966082096 0.22499985992908478
v -0.03923138231039047 -0.0078036286868155 0.22499985992908478
v -0.039807356894016266 -0.003920701332390308 0.22499985992908478
v -0.034999966621398926 -1.9212075486052527e-08 0.2349998652935028
v -0.03483143448829651 0.003430580720305443 0.2349998652935028
v -0.03432744741439819 0.006828141864389181 0.2349998652935028
v -0.03349287435412407 0.010159945115447044 0.2349998652935028
v -0.03233574330806732 0.013393901288509369 0.2349998652935028
v -0.03086720034480095 0.016498863697052002 0.2349998652935028
v -0.02910139225423336 0.019444935023784637 0.2349998652935028
v -0.027055317535996437 0.02220374345779419 0.2349998652935028
v -0.02474869042634964 0.02474871464073658 0.2349998652935028
v -0.0222037173807621 0.027055341750383377 0.2349998652935028
v -0.019444908946752548 0.029101410880684853 0.2349998652935028
v -0.016498837620019913 0.030867215245962143 0.2349998652935028
v -0.013393870554864407 0.03233575075864792 0.2349998652935028
v -0.010159912519156933 0.033492881804704666 0.2349998652935028
v -0.0068281106650829315 0.03432745486497879 0.2349998652935028
v -0.003430548356845975 0.03483143448829651 0.2349998652935028
v 5.174100436988738e-08 0.034999966621398926 0.2349998652935028
v 0.0034306517336517572 0.03483143448829651 0.2349998652935028
v 0.006828212644904852 0.03432744741439819 0.2349998652935028
v 0.010160015895962715 0.03349287435412407 0.2349998652935028
v 0.01339397206902504 0.03233574330806732 0.2349998652935028
v 0.016498936340212822 0.03086720034480095 0.2349998652935028
v 0.019445007666945457 0.02910139225423336 0.2349998652935028
v 0.02220381610095501 0.027055317535996437 0.2349998652935028
v 0.02474878542125225 0.02474869042634964 0.2349998652935028
v 0.027055414393544197 0.0222037173807621 0.2349998652935028
v 0.029101483523845673 0.019444908946752548 0.2349998652935028
v 0.030867287889122963 0.016498837620019913 0.2349998652935028
v 0.03233582153916359 0.013393870554864407 0.2349998652935028
v 0.03349295258522034 0.010159912519156933 0.2349998652935028
v 0.03432752564549446 0.0068281106650829315 0.2349998652935028
v 0.03483150154352188 0.003430548356845975 0.2349998652935028
v 0.0350000374019146 -5.17559328727657e-08 0.2349998652935028
v 0.03483150154352188 -0.0034306517336517572 0.2349998652935028
v 0.034327514469623566 -0.006828212644904852 0.2349998652935028
v 0.03349294513463974 -0.010160015895962715 0.2349998652935028
v 0.03233581408858299 -0.01339397206902504 0.2349998652935028
v 0.03086727298796177 -0.016498936340212822 0.2349998652935028
v 0.02910146489739418 -0.019445007666945457 0.2349998652935028
v 0.027055390179157257 -0.02220381610095501 0.2349998652935028
v 0.02474876306951046 -0.02474878542125225 0.2349998652935028
v 0.02220379002392292 -0.027055414393544197 0.2349998652935028
v 0.019444981589913368 -0.029101483523845673 0.2349998652935028
v 0.016498910263180733 -0.030867287889122963 0.2349998652935028
v 0.013393941335380077 -0.03233582153916359 0.2349998652935028
v 0.010159983299672604 -0.03349295258522034 0.2349998652935028
v 0.006828180979937315 -0.03432752564549446 0.2349998652935028
v 0.0034306193701922894 -0.03483150154352188 0.2349998652935028
v 1.9197143430460528e-08 -0.0350000374019146 0.2349998652935028
v -0.003430580720305443 -0.03483150154352188 0.2349998652935028
v -0.006828141864389181 -0.034327514469623566 0.2349998652935028
v -0.010159945115447044 -0.03349294513463974 0.2349998652935028
v -0.013393901288509369 -0.03233581408858299 0.2349998652935028
v -0.016498863697052002 -0.03086727298796177 0.2349998652935028
v -0.019444935023784637 -0.02910146489739418 0.2349998652935028
v -0.02220374345779419 -0.027055390179157257 0.2349998652935028
v -0.02474871464073658 -0.02474876306951046 0.2349998652935028
v -0.027055341750383377 -0.02220379002392292 0.2349998652935028
v -0.029101410880684853 -0.019444981589913368 0.2349998652935028
v -0.030867215245962143 -0.016498910263180733 0.2349998652935028
v -0.03233575075864792 -0.013393941335380077 0.2349998652935028
v -0.033492881804704666 -0.010159983299672604 0.2349998652935028
v -0.03432745486497879 -0.006828180979937315 0.2349998652935028
v -0.03483143448829651 -0.0034306193701922894 0.2349998652935028
v -0.03999996930360794 -1.6887515386088126e-08 0.2349998652935028
v -0.039807356894016266 0.003920669201761484 0.2349998652935028
v -0.039231374859809875 0.007803596090525389 0.2349998652935028
v -0.038277577608823776 0.01161136943846941 0.2349998652935028
v -0.03695514053106308 0.015307321213185787 0.234999880194664
v -0.035276807844638824 0.018855849280953407 0.234999880194664
v -0.033258743584156036 0.022222789004445076 0.234999880194664
v -0.030920371413230896 0.025375710800290108 0.234999880194664
v -0.02828422375023365 0.02828424982726574 0.234999880194664
v -0.02537568472325802 0.030920393764972687 0.234999880194664
v -0.02222275920212269 0.03325875848531723 0.234999880194664
v -0.01885581947863102 0.03527682274580002 0.234999880194664
v -0.015307286754250526 0.036955155432224274 0.234999880194664
v -0.011611333116889 0.03827758505940437 0.2349998652935028
v -0.007803559768944979 0.03923138231039047 0.2349998652935028
v -0.0039206319488584995 0.039807356894016266 0.2349998652935028
v 5.406556269349494e-08 0.03999996930360794 0.2349998652935028
v 0.003920739982277155 0.039807356894016266 0.2349998652935028
v 0.007803666405379772 0.039231374859809875 0.2349998652935028
v 0.01161144021898508 0.038277577608823776 0.2349998652935028
v 0.015307391993701458 0.03695514053106308 0.2349998652935028
v 0.018855921924114227 0.035276807844638824 0.2349998652935028
v 0.022222861647605896 0.033258743584156036 0.2349998652935028
v 0.025375783443450928 0.030920371413230896 0.2349998652935028
v 0.02828432247042656 0.02828422375023365 0.2349998652935028
v 0.030920466408133507 0.02537568472325802 0.2349998652935028
v 0.0332588292658329 0.02222275920212269 0.2349998652935028
v 0.03527688980102539 0.01885581947863102 0.2349998652935028
v 0.036955226212739944 0.015307286754250526 0.2349998652935028
v 0.038277655839920044 0.011611333116889 0.2349998652935028
v 0.039231449365615845 0.007803559768944979 0.2349998652935028
v 0.03980742394924164 0.0039206319488584995 0.2349998652935028
v 0.04000003635883331 -5.408049830180062e-08 0.2349998652935028
v 0.03980742394924164 -0.003920739982277155 0.2349998652935028
v 0.03923144191503525 -0.007803666405379772 0.2349998652935028
v 0.03827764838933945 -0.01161144021898508 0.2349998652935028
v 0.03695521131157875 -0.015307391993701458 0.2349998503923416
v 0.0352768748998642 -0.018855921924114227 0.2349998503923416
v 0.03325881436467171 -0.022222861647605896 0.2349998503923416
v 0.030920444056391716 -0.025375783443450928 0.2349998503923416
v 0.02828429639339447 -0.02828432247042656 0.2349998503923416
v 0.02537575736641884 -0.030920466408133507 0.2349998503923416
v 0.02222282998263836 -0.0332588292658329 0.2349998503923416
v 0.01885589025914669 -0.03527688980102539 0.2349998503923416
v 0.015307357534766197 -0.036955226212739944 0.2349998503923416
v 0.01161140389740467 -0.038277655839920044 0.2349998652935028
v 0.007803630083799362 -0.039231449365615845 0.2349998652935028
v 0.00392070272937417 -0.03980742394924164 0.2349998652935028
v 1.6872583330496127e-08 -0.04000003635883331 0.2349998652935028
v -0.003920669201761484 -0.03980742394924164 0.2349998652935028
v -0.007803596090525389 -0.03923144191503525 0.2349998652935028
v -0.01161136943846941 -0.03827764838933945 0.2349998652935028
v -0.015307321213185787 -0.03695521131157875 0.2349998652935028
v -0.018855849280953407 -0.0352768748998642 0.2349998652935028
v -0.022222789004445076 -0.03325881436467171 0.2349998652935028
v -0.025375710800290108 -0.030920444056391716 0.2349998652935028
v -0.02828424982726574 -0.02828429639339447 0.2349998652935028
v -0.030920393764972687 -0.02537575736641884 0.2349998652935028
v -0.03325875848531723 -0.02222282998263836 0.2349998652935028
v -0.03527682274580002 -0.01885589025914669 0.2349998652935028
v -0.036955155432224274 -0.015307357534766197 0.2349998652935028
v -0.03827758505940437 -0.01161140389740467 0.2349998652935028
v -0.03923138231039047 -0.007803630083799362 0.2349998652935028
v -0.039807356894016266 -0.00392070272937417 0.2349998652935028
usemtl Alu
f 2 1 65
f 39 103 40
f 3 2 66
f 65 64 128
f 4 3 68
f 66 2 65
f 5 4 68
f 128 64 63
f 61 125 126
f 128 63 127
f 65 1 64
f 6 70 7
f 80 15 79
f 67 3 66
f 60 124 61
f 7 71 8
f 126 62 61
f 31 94 95
f 59 124 60
f 25 88 89
f 59 123 124
f 68 69 5
f 38 102 39
f 8 72 9
f 58 123 59
f 58 122 123
f 29 93 94
f 70 71 7
f 57 122 58
f 43 108 44
f 71 72 8
f 26 91 27
f 5 70 6
f 72 73 9
f 56 120 57
f 11 10 74
f 73 74 9
f 42 106 43
f 120 55 119
f 12 11 76
f 40 104 41
f 76 11 75
f 45 110 46
f 13 12 76
f 37 102 38
f 120 56 55
f 53 117 118
f 77 13 76
f 117 53 116
f 14 13 78
f 23 86 87
f 126 63 62
f 51 116 52
f 78 15 14
f 51 115 116
f 79 15 78
f 50 115 51
f 16 15 80
f 50 114 115
f 41 106 42
f 114 50 113
f 17 16 81
f 61 124 125
f 118 55 54
f 48 113 49
f 48 112 113
f 17 81 18
f 113 50 49
f 48 111 112
f 83 18 82
f 47 111 48
f 83 19 18
f 47 110 111
f 84 19 83
f 46 110 47
f 84 20 19
f 109 110 45
f 20 84 21
f 29 92 93
f 78 13 77
f 45 108 109
f 86 21 85
f 44 108 45
f 86 22 21
f 107 108 43
f 22 86 23
f 106 107 43
f 57 120 121
f 119 55 118
f 24 88 25
f 105 106 41
f 23 88 24
f 23 87 88
f 118 54 53
f 104 105 41
f 81 16 80
f 25 89 90
f 57 121 122
f 103 104 40
f 25 90 26
f 102 103 39
f 116 53 52
f 75 11 74
f 26 90 91
f 101 102 37
f 69 70 5
f 100 101 37
f 27 91 92
f 30 94 31
f 27 92 28
f 99 35 98
f 28 92 29
f 35 100 36
f 9 74 10
f 98 34 97
f 130 193 129
f 99 100 35
f 94 30 29
f 97 33 32
f 96 31 95
f 96 32 31
f 37 36 100
f 21 84 85
f 68 3 67
f 97 32 96
f 35 34 98
f 127 63 126
f 34 33 97
f 18 81 82
f 167 168 231
f 131 194 130
f 193 256 192
f 132 196 131
f 194 193 130
f 133 196 132
f 256 191 192
f 189 254 253
f 256 255 191
f 193 192 129
f 134 135 198
f 208 207 143
f 195 194 131
f 188 189 252
f 135 136 199
f 254 189 190
f 159 223 222
f 187 188 252
f 153 217 216
f 187 252 251
f 196 133 197
f 166 167 230
f 136 137 200
f 186 187 251
f 186 251 250
f 157 222 221
f 198 135 199
f 185 186 250
f 171 172 236
f 199 136 200
f 154 155 219
f 133 134 198
f 200 137 201
f 184 185 248
f 139 202 138
f 201 137 202
f 170 171 234
f 248 247 183
f 140 204 139
f 168 169 232
f 204 203 139
f 173 174 238
f 141 204 140
f 165 166 230
f 248 183 184
f 181 246 245
f 205 204 141
f 245 244 181
f 142 206 141
f 151 215 214
f 254 190 191
f 179 180 244
f 206 142 143
f 179 244 243
f 207 206 143
f 178 179 243
f 144 208 143
f 178 243 242
f 169 170 234
f 242 241 178
f 145 209 144
f 189 253 252
f 246 182 183
f 176 177 241
f 176 241 240
f 145 146 209
f 241 177 178
f 176 240 239
f 211 210 146
f 175 176 239
f 211 146 147
f 175 239 238
f 212 211 147
f 174 175 238
f 212 147 148
f 237 173 238
f 148 149 212
f 157 221 220
f 206 205 141
f 173 237 236
f 214 213 149
f 172 173 236
f 214 149 150
f 235 171 236
f 150 151 214
f 234 171 235
f 185 249 248
f 247 246 183
f 152 153 216
f 233 169 234
f 151 152 216
f 151 216 215
f 246 181 182
f 232 169 233
f 209 208 144
f 153 218 217
f 185 250 249
f 231 168 232
f 153 154 218
f 230 167 231
f 244 180 181
f 203 202 139
f 154 219 218
f 229 165 230
f 197 133 198
f 228 165 229
f 155 220 219
f 158 159 222
f 155 156 220
f 227 226 163
f 156 157 220
f 163 164 228
f 137 138 202
f 226 225 162
f 227 163 228
f 222 157 158
f 225 160 161
f 224 223 159
f 224 159 160
f 165 228 164
f 149 213 212
f 196 195 131
f 225 224 160
f 163 226 162
f 255 254 191
f 162 225 161
f 146 210 209
f 92 91 219 220
f 40 41 169 168
f 93 92 220 221
f 41 42 170 169
f 94 93 221 222
f 42 43 171 170
f 95 94 222 223
f 43 44 172 171
f 96 95 223 224
f 44 45 173 172
f 97 96 224 225
f 45 46 174 173
f 98 97 225 226
f 46 47 175 174
f 99 98 226 227
f 47 48 176 175
f 100 99 227 228
f 48 49 177 176
f 101 100 228 229
f 49 50 178 177
f 102 101 229 230
f 50 51 179 178
f 103 102 230 231
f 51 52 180 179
f 104 103 231 232
f 52 53 181 180
f 1 2 130 129
f 105 104 232 233
f 53 54 182 181
f 2 3 131 130
f 106 105 233 234
f 54 55 183 182
f 3 4 132 131
f 107 106 234 235
f 55 56 184 183
f 4 5 133 132
f 108 107 235 236
f 56 57 185 184
f 5 6 134 133
f 109 108 236 237
f 57 58 186 185
f 6 7 135 134
f 110 109 237 238
f 58 59 187 186
f 7 8 136 135
f 111 110 238 239
f 59 60 188 187
f 8 9 137 136
f 112 111 239 240
f 60 61 189 188
f 9 10 138 137
f 113 112 240 241
f 61 62 190 189
f 10 11 139 138
f 114 113 241 242
f 62 63 191 190
f 11 12 140 139
f 115 114 242 243
f 63 64 192 191
f 12 13 141 140
f 116 115 243 244
f 64 1 129 192
f 13 14 142 141
f 117 116 244 245
f 66 65 193 194
f 14 15 143 142
f 118 117 245 246
f 67 66 194 195
f 15 16 144 143
f 119 118 246 247
f 68 67 195 196
f 16 17 145 144
f 120 119 247 248
f 69 68 196 197
f 17 18 146 145
f 121 120 248 249
f 70 69 197 198
f 18 19 147 146
f 122 121 249 250
f 71 70 198 199
f 19 20 148 147
f 123 122 250 251
f 72 71 199 200
f 20 21 149 148
f 124 123 251 252
f 73 72 200 201
f 21 22 150 149
f 125 124 252 253
f 74 73 201 202
f 22 23 151 150
f 126 125 253 254
f 75 74 202 203
f 23 24 152 151
f 127 126 254 255
f 76 75 203 204
f 24 25 153 152
f 128 127 255 256
f 77 76 204 205
f 25 26 154 153
f 65 128 256 193
f 78 77 205 206
f 26 27 155 154
f 79 78 206 207
f 27 28 156 155
f 80 79 207 208
f 28 29 157 156
f 81 80 208 209
f 29 30 158 157
f 82 81 209 210
f 30 31 159 158
f 83 82 210 211
f 31 32 160 159
f 84 83 211 212
f 32 33 161 160
f 85 84 212 213
f 33 34 162 161
f 86 85 213 214
f 34 35 163 162
f 87 86 214 215
f 35 36 164 163
f 88 87 215 216
f 36 37 165 164
f 89 88 216 217
f 37 38 166 165
f 90 89 217 218
f 38 39 167 166
f 91 90 218 219
f 39 40 168 167
f 257 259 770 728
f 259 261 774 770
f 261 263 779 774
f 263 265 737 779
f 265 267 741 737
f 267 269 752 741
f 269 271 785 752
f 271 273 674 785
f 273 275 678 674
f 275 277 641 678
f 277 279 630 641
f 279 281 697 630
f 281 283 711 697
f 283 285 616 711
f 285 287 610 616
f 287 289 619 610
f 289 291 605 619
f 291 293 600 605
f 293 295 708 600
f 295 297 718 708
f 297 299 691 718
f 299 301 696 691
f 301 303 796 696
f 303 305 746 796
f 305 307 556 746
f 307 309 560 556
f 309 311 533 560
f 311 313 513 533
f 313 315 517 513
f 315 317 583 517
f 317 319 575 583
f 319 321 580 575
f 321 323 577 580
f 323 325 582 577
f 325 327 518 582
f 327 329 514 518
f 329 331 535 514
f 331 333 561 535
f 333 335 557 561
f 335 337 745 557
f 337 339 795 745
f 339 341 695 795
f 341 343 692 695
f 343 345 719 692
f 345 347 707 719
f 347 349 599 707
f 349 351 604 599
f 351 353 622 604
f 353 355 614 622
f 355 357 618 614
f 357 359 714 618
f 359 361 700 714
f 361 363 633 700
f 363 365 643 633
f 365 367 680 643
f 367 369 676 680
f 369 371 787 676
f 371 373 755 787
f 373 375 743 755
f 375 377 739 743
f 377 379 783 739
f 379 381 777 783
f 381 383 773 777
f 383 257 728 773
f 385 386 388 387
f 387 388 390 389
f 389 390 392 391
f 391 392 394 393
f 393 394 396 395
f 395 396 398 397
f 397 398 400 399
f 399 400 402 401
f 401 402 404 768 765 725 721 729 771 775 780 778 403
f 403 778 736 740 751 405
f 405 751 750 784 673 681 407
f 407 681 677 644 409
f 409 644 640 629 701 411
f 411 701 698 710 413
f 413 710 709 615 612 415
f 415 612 611 620 417
f 417 620 601 602 419
f 419 602 596 704 703 421
f 421 703 715 702 423
f 423 702 689 693 788 425
f 425 788 794 748 427
f 427 748 744 555 559 567 429
f 429 567 534 515 520 431
f 431 520 519 584 576 579 564 592 588 594 432 434 433
f 433 434 436 435
f 435 436 438 437
f 437 438 440 439
f 439 440 442 441
f 441 442 444 443
f 443 444 446 445
f 445 446 448 447
f 447 448 450 449
f 449 450 452 451
f 451 452 454 453
f 453 454 456 455
f 455 456 458 457
f 457 458 460 459
f 459 460 462 461
f 461 462 464 463
f 463 464 466 465
f 465 466 468 595 589 593 566 581 578 585 521 522 467
f 467 522 516 536 568 469
f 469 568 562 558 747 749 471
f 471 749 797 789 473
f 473 789 694 690 717 475
f 475 717 716 705 477
f 477 705 706 598 597 479
f 479 597 603 621 481
f 481 621 613 623 483
f 483 623 617 712 713 485
f 485 713 699 632 487
f 487 632 631 642 645 489
f 489 645 679 682 491
f 491 682 675 786 753 754 493
f 493 754 742 738 781 495
f 495 781 782 776 772 730 722 726 766 769 496 498 497
f 497 498 500 499
f 499 500 502 501
f 501 502 504 503
f 503 504 506 505
f 505 506 508 507
f 507 508 510 509
f 509 510 512 511
f 511 512 386 385
f 381 379 507 509
f 347 345 473 475
f 313 311 439 441
f 380 382 510 508
f 279 277 405 407
f 346 348 476 474
f 312 314 442 440
f 278 280 408 406
f 383 381 509 511
f 349 347 475 477
f 315 313 441 443
f 382 384 512 510
f 281 279 407 409
f 348 350 478 476
f 314 316 444 442
f 280 282 410 408
f 257 383 511 385
f 351 349 477 479
f 317 315 443 445
f 384 258 386 512
f 283 281 409 411
f 350 352 480 478
f 316 318 446 444
f 282 284 412 410
f 353 351 479 481
f 319 317 445 447
f 285 283 411 413
f 352 354 482 480
f 318 320 448 446
f 284 286 414 412
f 355 353 481 483
f 321 319 447 449
f 287 285 413 415
f 354 356 484 482
f 320 322 450 448
f 286 288 416 414
f 357 355 483 485
f 323 321 449 451
f 289 287 415 417
f 356 358 486 484
f 322 324 452 450
f 288 290 418 416
f 359 357 485 487
f 325 323 451 453
f 291 289 417 419
f 358 360 488 486
f 324 326 454 452
f 290 292 420 418
f 361 359 487 489
f 259 257 385 387
f 327 325 453 455
f 293 291 419 421
f 360 362 490 488
f 326 328 456 454
f 292 294 422 420
f 258 260 388 386
f 363 361 489 491
f 329 327 455 457
f 295 293 421 423
f 362 364 492 490
f 261 259 387 389
f 328 330 458 456
f 294 296 424 422
f 260 262 390 388
f 365 363 491 493
f 331 329 457 459
f 297 295 423 425
f 364 366 494 492
f 263 261 389 391
f 330 332 460 458
f 296 298 426 424
f 262 264 392 390
f 367 365 493 495
f 333 331 459 461
f 299 297 425 427
f 366 368 496 494
f 265 263 391 393
f 332 334 462 460
f 298 300 428 426
f 264 266 394 392
f 369 367 495 497
f 335 333 461 463
f 301 299 427 429
f 368 370 498 496
f 267 265 393 395
f 334 336 464 462
f 300 302 430 428
f 266 268 396 394
f 371 369 497 499
f 337 335 463 465
f 303 301 429 431
f 370 372 500 498
f 269 267 395 397
f 336 338 466 464
f 302 304 432 430
f 268 270 398 396
f 373 371 499 501
f 339 337 465 467
f 305 303 431 433
f 372 374 502 500
f 271 269 397 399
f 338 340 468 466
f 304 306 434 432
f 270 272 400 398
f 375 373 501 503
f 341 339 467 469
f 307 305 433 435
f 374 376 504 502
f 273 271 399 401
f 340 342 470 468
f 306 308 436 434
f 272 274 402 400
f 377 375 503 505
f 343 341 469 471
f 309 307 435 437
f 376 378 506 504
f 275 273 401 403
f 342 344 472 470
f 308 310 438 436
f 274 276 404 402
f 379 377 505 507
f 345 343 471 473
f 311 309 437 439
f 378 380 508 506
f 277 275 403 405
f 344 346 474 472
f 310 312 440 438
f 276 278 406 404
f 738 739 783 782 781
f 737 736 778 780 779
f 798 813 288 286
f 639 627 362 360
f 762 763 759 758
f 761 760 756 757
f 659 661 665 663 667
f 660 658 666 662 664
f 636 798 286 284
f 578 577 582 585
f 575 576 584 583
f 521 518 514 516 522
f 517 519 520 515 513
f 558 557 745 747
f 556 555 744 746
f 655 686 688 472 474
f 821 651 296 294
f 562 561 557 558
f 560 559 555 556
f 727 723 384 382
f 764 761 266 264
f 613 614 618 617 623
f 610 611 612 615 616
f 694 695 692 690
f 696 693 689 691
f 753 755 743 742 754
f 752 750 751 740 741
f 637 639 802 801
f 636 634 800 798
f 667 663 654 655 474 476
f 536 535 561 562 568
f 533 534 567 559 560
f 686 684 607 609 688
f 685 683 687 606 608
f 806 812 374 372
f 684 656 342 340
f 766 767 763 762 769
f 764 765 768 760 761
f 626 627 639 637 638
f 624 625 635 634 636
f 790 735 292 290
f 538 537 803 807 808 406 408
f 526 528 671 670
f 525 523 668 669
f 804 539 274 272
f 747 745 795 797 749
f 746 744 748 794 796
f 791 814 799 416 418
f 664 657 302 300
f 797 795 695 694 789
f 796 794 788 693 696
f 532 542 370 368
f 723 728 258 384
f 822 819 649 648 478 480
f 607 684 340 338
f 527 526 670 628 488 490
f 635 625 672 412 414
f 586 591 318 316
f 653 652 662 666 424 426
f 730 728 723 722
f 728 729 721 720
f 554 552 587 589 595
f 551 553 594 588 586
f 801 802 817 815 816
f 798 800 799 814 813
f 742 743 739 738
f 741 740 736 737
f 544 548 310 308
f 573 549 334 332
f 782 783 777 776
f 779 780 775 774
f 546 545 549 550
f 544 543 547 548
f 594 553 572 569 430 432
f 646 647 818 732 420 422
f 541 531 527 490 492
f 598 599 604 603 597
f 600 596 602 601 605
f 548 571 312 310
f 571 551 314 312
f 776 777 773 772
f 774 775 771 770
f 670 671 627 626 628
f 669 668 672 625 624
f 569 547 543 606 687 428 430
f 589 587 590 593
f 586 588 592 591
f 758 759 812 810 811
f 757 756 808 807 809
f 732 731 791 418 420
f 817 802 358 356
f 649 650 661 659 648
f 651 647 646 658 660
f 574 573 552 554
f 571 572 553 551
f 565 590 326 324
f 810 812 806 805
f 809 807 803 804
f 786 787 755 753
f 785 784 750 752
f 587 552 330 328
f 820 734 352 350
f 525 669 280 278
f 563 580 322 320
f 648 659 667 476 478
f 621 622 614 613
f 619 620 611 610
f 812 759 376 374
f 813 790 290 288
f 763 767 380 378
f 799 800 634 635 414 416
f 819 820 650 649
f 821 818 647 651
f 593 590 565 566
f 591 592 564 563
f 687 683 653 426 428
f 531 532 528 526 527
f 530 529 524 523 525
f 650 820 350 348
f 540 542 532 531 541
f 539 537 538 529 530
f 516 514 535 536
f 513 515 534 533
f 809 804 272 270
f 660 664 300 298
f 671 528 366 364
f 530 525 278 276
f 716 719 707 706 705
f 718 715 703 704 708
f 570 574 554 595 468 470
f 608 544 308 306
f 603 604 622 621
f 605 601 620 619
f 591 563 320 318
f 627 671 364 362
f 805 806 542 540
f 804 803 537 539
f 669 624 282 280
f 665 661 346 344
f 802 639 360 358
f 761 757 268 266
f 657 685 304 302
f 699 700 633 631 632
f 697 698 701 629 630
f 675 676 787 786
f 674 673 784 785
f 524 529 538 408 410
f 815 817 793 792
f 813 814 791 790
f 706 707 599 598
f 708 704 596 600
f 617 618 714 712
f 616 615 709 711
f 552 573 332 330
f 581 580 577 578
f 580 579 576 575
f 528 532 368 366
f 808 756 760 768 404 406
f 685 608 306 304
f 757 809 270 268
f 734 793 354 352
f 759 763 378 376
f 585 582 518 521
f 583 584 519 517
f 792 793 734 733
f 790 791 731 735
f 642 643 680 679 645
f 641 640 644 677 678
f 654 656 684 686 655
f 657 652 653 683 685
f 792 733 822 480 482
f 624 636 284 282
f 656 665 344 342
f 720 724 262 260
f 663 665 656 654
f 664 662 652 657
f 609 607 545 546
f 608 606 543 544
f 688 609 546 550 570 470 472
f 733 734 820 819 822
f 735 731 732 818 821
f 631 633 643 642
f 630 629 640 641
f 767 727 382 380
f 661 650 348 346
f 580 565 324 322
f 550 549 573 574 570
f 548 547 569 572 571
f 566 565 580 581
f 563 564 579 580
f 545 607 338 336
f 772 773 728 730
f 770 771 729 728
f 712 714 700 699 713
f 711 709 710 698 697
f 590 587 328 326
f 690 692 719 716 717
f 691 689 702 715 718
f 666 658 646 422 424
f 551 586 316 314
f 769 762 758 811 494 496
f 726 727 767 766
f 724 725 765 764
f 724 764 264 262
f 679 680 676 675 682
f 678 677 681 673 674
f 811 810 805 540 541 492 494
f 728 720 260 258
f 628 626 638 486 488
f 549 545 336 334
f 542 806 372 370
f 539 530 276 274
f 816 815 792 482 484
f 735 821 294 292
f 722 723 727 726
f 720 721 725 724
f 638 637 801 816 484 486
f 793 817 356 354
f 651 660 298 296
f 672 668 523 524 410 412
f 1078 1015 951
f 952 1017 953
f 1077 1078 1014
f 951 1016 952
f 1076 1077 1013
f 1033 968 1032
f 1075 1076 1012
f 952 1016 1017
f 1014 1078 951
f 1036 971 1035
f 953 1017 954
f 954 1018 1019
f 982 1046 983
f 954 1019 955
f 1020 956 955
f 1013 1077 1014
f 955 1019 1020
f 1075 1011 1074
f 1020 957 956
f 1012 1011 1075
f 1059 996 995
f 1072 1073 1009
f 1074 1009 1073
f 1021 957 1020
f 1022 958 957
f 1010 1009 1074
f 957 1021 1022
f 1072 1008 1071
f 1023 958 1022
f 1009 1008 1072
f 958 1023 959
f 1070 1071 1007
f 1056 992 991
f 1039 975 1038
f 959 1024 960
f 1000 1065 1001
f 1006 1070 1007
f 1043 979 1042
f 1025 961 1024
f 1068 1069 1005
f 1054 990 989
f 961 1025 1026
f 1026 962 961
f 1004 1068 1005
f 1027 962 1026
f 1004 1067 1068
f 1027 963 962
f 1003 1067 1004
f 963 1027 964
f 1066 1067 1002
f 1002 1067 1003
f 1042 977 1041
f 1029 964 1028
f 1002 1065 1066
f 1029 965 964
f 1001 1065 1002
f 965 1029 966
f 1064 1065 1000
f 1024 961 960
f 1056 993 992
f 1031 966 1030
f 1000 1063 1064
f 1031 967 966
f 999 1063 1000
f 1032 967 1031
f 1032 968 967
f 998 1063 999
f 998 1062 1063
f 969 968 1033
f 1062 998 1061
f 964 1027 1028
f 991 1054 1055
f 1033 970 969
f 996 1061 997
f 1034 970 1033
f 996 1060 1061
f 971 970 1035
f 1060 996 1059
f 1061 998 997
f 1052 989 988
f 972 971 1036
f 994 1059 995
f 1038 973 1037
f 994 1058 1059
f 1036 973 972
f 993 1058 994
f 1037 973 1036
f 993 1057 1058
f 974 973 1038
f 1057 993 1056
f 975 974 1038
f 1070 1005 1069
f 966 1029 1030
f 976 975 1039
f 1056 991 1055
f 959 1023 1024
f 1007 1071 1008
f 977 976 1040
f 990 1054 991
f 954 1017 1018
f 1040 976 1039
f 978 977 1042
f 1054 989 1053
f 979 978 1042
f 1052 987 1051
f 1041 977 1040
f 1053 989 1052
f 980 979 1043
f 1012 1076 1013
f 1035 970 1034
f 1052 988 987
f 981 980 1044
f 1050 986 985
f 982 981 1045
f 1051 987 986
f 1045 981 1044
f 1051 986 1050
f 983 1047 1048
f 951 1015 1016
f 984 1048 1049
f 1044 980 1043
f 1049 985 984
f 1050 985 1049
f 983 1048 984
f 1045 1046 982
f 1011 1010 1074
f 1046 1047 983
f 1006 1005 1070
f 1108 1109 1237 1236
f 1160 1159 1287 1288
f 1107 1108 1236 1235
f 1159 1158 1286 1287
f 1106 1107 1235 1234
f 1158 1157 1285 1286
f 1105 1106 1234 1233
f 1157 1156 1284 1285
f 1104 1105 1233 1232
f 1156 1155 1283 1284
f 1143 1206 1334 1271
f 1103 1104 1232 1231
f 1155 1154 1282 1283
f 1206 1205 1333 1334
f 1102 1103 1231 1230
f 1154 1153 1281 1282
f 1205 1204 1332 1333
f 1101 1102 1230 1229
f 1153 1152 1280 1281
f 1204 1203 1331 1332
f 1100 1101 1229 1228
f 1152 1151 1279 1280
f 1203 1202 1330 1331
f 1099 1100 1228 1227
f 1151 1150 1278 1279
f 1202 1201 1329 1330
f 1098 1099 1227 1226
f 1150 1149 1277 1278
f 1201 1200 1328 1329
f 1097 1098 1226 1225
f 1149 1148 1276 1277
f 1200 1199 1327 1328
f 1096 1097 1225 1224
f 1148 1147 1275 1276
f 1199 1198 1326 1327
f 1095 1096 1224 1223
f 1147 1146 1274 1275
f 1198 1197 1325 1326
f 1094 1095 1223 1222
f 1146 1145 1273 1274
f 1197 1196 1324 1325
f 1093 1094 1222 1221
f 1145 1144 1272 1273
f 1196 1195 1323 1324
f 1092 1093 1221 1220
f 1144 1143 1271 1272
f 1195 1194 1322 1323
f 1091 1092 1220 1219
f 1142 1079 1207 1270
f 1194 1193 1321 1322
f 1090 1091 1219 1218
f 1141 1142 1270 1269
f 1193 1192 1320 1321
f 1089 1090 1218 1217
f 1140 1141 1269 1268
f 1192 1191 1319 1320
f 1088 1089 1217 1216
f 1139 1140 1268 1267
f 1191 1190 1318 1319
f 1087 1088 1216 1215
f 1138 1139 1267 1266
f 1190 1189 1317 1318
f 1086 1087 1215 1214
f 1137 1138 1266 1265
f 1189 1188 1316 1317
f 1085 1086 1214 1213
f 1136 1137 1265 1264
f 1188 1187 1315 1316
f 1084 1085 1213 1212
f 1135 1136 1264 1263
f 1187 1186 1314 1315
f 1083 1084 1212 1211
f 1134 1135 1263 1262
f 1186 1185 1313 1314
f 1082 1083 1211 1210
f 1133 1134 1262 1261
f 1185 1184 1312 1313
f 1081 1082 1210 1209
f 1132 1133 1261 1260
f 1184 1183 1311 1312
f 1080 1081 1209 1208
f 1131 1132 1260 1259
f 1183 1182 1310 1311
f 1079 1080 1208 1207
f 1130 1131 1259 1258
f 1182 1181 1309 1310
f 1129 1130 1258 1257
f 1181 1180 1308 1309
f 1128 1129 1257 1256
f 1180 1179 1307 1308
f 1127 1128 1256 1255
f 1179 1178 1306 1307
f 1126 1127 1255 1254
f 1178 1177 1305 1306
f 1125 1126 1254 1253
f 1177 1176 1304 1305
f 1124 1125 1253 1252
f 1176 1175 1303 1304
f 1123 1124 1252 1251
f 1175 1174 1302 1303
f 1122 1123 1251 1250
f 1174 1173 1301 1302
f 1121 1122 1250 1249
f 1173 1172 1300 1301
f 1120 1121 1249 1248
f 1172 1171 1299 1300
f 1119 1120 1248 1247
f 1171 1170 1298 1299
f 1118 1119 1247 1246
f 1170 1169 1297 1298
f 1117 1118 1246 1245
f 1169 1168 1296 1297
f 1116 1117 1245 1244
f 1168 1167 1295 1296
f 1115 1116 1244 1243
f 1167 1166 1294 1295
f 1114 1115 1243 1242
f 1166 1165 1293 1294
f 1113 1114 1242 1241
f 1165 1164 1292 1293
f 1112 1113 1241 1240
f 1164 1163 1291 1292
f 1111 1112 1240 1239
f 1163 1162 1290 1291
f 1110 1111 1239 1238
f 1162 1161 1289 1290
f 1109 1110 1238 1237
f 1161 1160 1288 1289
f 1032 1031 1159 1160
f 980 981 1109 1108
f 1033 1032 1160 1161
f 981 982 1110 1109
f 1034 1033 1161 1162
f 982 983 1111 1110
f 1035 1034 1162 1163
f 983 984 1112 1111
f 1036 1035 1163 1164
f 984 985 1113 1112
f 1037 1036 1164 1165
f 985 986 1114 1113
f 1038 1037 1165 1166
f 986 987 1115 1114
f 1039 1038 1166 1167
f 987 988 1116 1115
f 1040 1039 1167 1168
f 988 989 1117 1116
f 1041 1040 1168 1169
f 989 990 1118 1117
f 1042 1041 1169 1170
f 990 991 1119 1118
f 1043 1042 1170 1171
f 991 992 1120 1119
f 1044 1043 1171 1172
f 992 993 1121 1120
f 1045 1044 1172 1173
f 993 994 1122 1121
f 1046 1045 1173 1174
f 994 995 1123 1122
f 1047 1046 1174 1175
f 995 996 1124 1123
f 1048 1047 1175 1176
f 996 997 1125 1124
f 1049 1048 1176 1177
f 997 998 1126 1125
f 1050 1049 1177 1178
f 998 999 1127 1126
f 1051 1050 1178 1179
f 999 1000 1128 1127
f 1052 1051 1179 1180
f 1000 1001 1129 1128
f 1053 1052 1180 1181
f 1001 1002 1130 1129
f 1054 1053 1181 1182
f 1002 1003 1131 1130
f 951 952 1080 1079
f 1055 1054 1182 1183
f 1003 1004 1132 1131
f 952 953 1081 1080
f 1056 1055 1183 1184
f 1004 1005 1133 1132
f 953 954 1082 1081
f 1057 1056 1184 1185
f 1005 1006 1134 1133
f 954 955 1083 1082
f 1058 1057 1185 1186
f 1006 1007 1135 1134
f 955 956 1084 1083
f 1059 1058 1186 1187
f 1007 1008 1136 1135
f 956 957 1085 1084
f 1060 1059 1187 1188
f 1008 1009 1137 1136
f 957 958 1086 1085
f 1061 1060 1188 1189
f 1009 1010 1138 1137
f 958 959 1087 1086
f 1062 1061 1189 1190
f 1010 1011 1139 1138
f 959 960 1088 1087
f 1063 1062 1190 1191
f 1011 1012 1140 1139
f 960 961 1089 1088
f 1064 1063 1191 1192
f 1012 1013 1141 1140
f 961 962 1090 1089
f 1065 1064 1192 1193
f 1013 1014 1142 1141
f 962 963 1091 1090
f 1066 1065 1193 1194
f 1014 951 1079 1142
f 963 964 1092 1091
f 1067 1066 1194 1195
f 1016 1015 1143 1144
f 964 965 1093 1092
f 1068 1067 1195 1196
f 1017 1016 1144 1145
f 965 966 1094 1093
f 1069 1068 1196 1197
f 1018 1017 1145 1146
f 966 967 1095 1094
f 1070 1069 1197 1198
f 1019 1018 1146 1147
f 967 968 1096 1095
f 1071 1070 1198 1199
f 1020 1019 1147 1148
f 968 969 1097 1096
f 1072 1071 1199 1200
f 1021 1020 1148 1149
f 969 970 1098 1097
f 1073 1072 1200 1201
f 1022 1021 1149 1150
f 970 971 1099 1098
f 1074 1073 1201 1202
f 1023 1022 1150 1151
f 971 972 1100 1099
f 1075 1074 1202 1203
f 1024 1023 1151 1152
f 972 973 1101 1100
f 1076 1075 1203 1204
f 1025 1024 1152 1153
f 973 974 1102 1101
f 1077 1076 1204 1205
f 1026 1025 1153 1154
f 974 975 1103 1102
f 1078 1077 1205 1206
f 1027 1026 1154 1155
f 975 976 1104 1103
f 1015 1078 1206 1143
f 1028 1027 1155 1156
f 976 977 1105 1104
f 1029 1028 1156 1157
f 977 978 1106 1105
f 1030 1029 1157 1158
f 978 979 1107 1106
f 1031 1030 1158 1159
f 979 980 1108 1107
f 1212 1213 1341 1340
f 1263 1264 1392 1391
f 1315 1314 1442 1443
f 1211 1212 1340 1339
f 1262 1263 1391 1390
f 1314 1313 1441 1442
f 1210 1211 1339 1338
f 1261 1262 1390 1389
f 1313 1312 1440 1441
f 1209 1210 1338 1337
f 1260 1261 1389 1388
f 1312 1311 1439 1440
f 1208 1209 1337 1336
f 1259 1260 1388 1387
f 1311 1310 1438 1439
f 1207 1208 1336 1335
f 1258 1259 1387 1386
f 1310 1309 1437 1438
f 1257 1258 1386 1385
f 1309 1308 1436 1437
f 1256 1257 1385 1384
f 1308 1307 1435 1436
f 1255 1256 1384 1383
f 1307 1306 1434 1435
f 1254 1255 1383 1382
f 1306 1305 1433 1434
f 1253 1254 1382 1381
f 1305 1304 1432 1433
f 1252 1253 1381 1380
f 1304 1303 1431 1432
f 1251 1252 1380 1379
f 1303 1302 1430 1431
f 1250 1251 1379 1378
f 1302 1301 1429 1430
f 1249 1250 1378 1377
f 1301 1300 1428 1429
f 1248 1249 1377 1376
f 1300 1299 1427 1428
f 1247 1248 1376 1375
f 1299 1298 1426 1427
f 1246 1247 1375 1374
f 1298 1297 1425 1426
f 1245 1246 1374 1373
f 1297 1296 1424 1425
f 1244 1245 1373 1372
f 1296 1295 1423 1424
f 1243 1244 1372 1371
f 1295 1294 1422 1423
f 1242 1243 1371 1370
f 1294 1293 1421 1422
f 1241 1242 1370 1369
f 1293 1292 1420 1421
f 1240 1241 1369 1368
f 1292 1291 1419 1420
f 1239 1240 1368 1367
f 1291 1290 1418 1419
f 1238 1239 1367 1366
f 1290 1289 1417 1418
f 1237 1238 1366 1365
f 1289 1288 1416 1417
f 1236 1237 1365 1364
f 1288 1287 1415 1416
f 1235 1236 1364 1363
f 1287 1286 1414 1415
f 1234 1235 1363 1362
f 1286 1285 1413 1414
f 1233 1234 1362 1361
f 1285 1284 1412 1413
f 1232 1233 1361 1360
f 1284 1283 1411 1412
f 1271 1334 1462 1399
f 1231 1232 1360 1359
f 1283 1282 1410 1411
f 1334 1333 1461 1462
f 1230 1231 1359 1358
f 1282 1281 1409 1410
f 1333 1332 1460 1461
f 1229 1230 1358 1357
f 1281 1280 1408 1409
f 1332 1331 1459 1460
f 1228 1229 1357 1356
f 1280 1279 1407 1408
f 1331 1330 1458 1459
f 1227 1228 1356 1355
f 1279 1278 1406 1407
f 1330 1329 1457 1458
f 1226 1227 1355 1354
f 1278 1277 1405 1406
f 1329 1328 1456 1457
f 1225 1226 1354 1353
f 1277 1276 1404 1405
f 1328 1327 1455 1456
f 1224 1225 1353 1352
f 1276 1275 1403 1404
f 1327 1326 1454 1455
f 1223 1224 1352 1351
f 1275 1274 1402 1403
f 1326 1325 1453 1454
f 1222 1223 1351 1350
f 1274 1273 1401 1402
f 1325 1324 1452 1453
f 1221 1222 1350 1349
f 1273 1272 1400 1401
f 1324 1323 1451 1452
f 1220 1221 1349 1348
f 1272 1271 1399 1400
f 1323 1322 1450 1451
f 1219 1220 1348 1347
f 1270 1207 1335 1398
f 1322 1321 1449 1450
f 1218 1219 1347 1346
f 1269 1270 1398 1397
f 1321 1320 1448 1449
f 1217 1218 1346 1345
f 1268 1269 1397 1396
f 1320 1319 1447 1448
f 1216 1217 1345 1344
f 1267 1268 1396 1395
f 1319 1318 1446 1447
f 1215 1216 1344 1343
f 1266 1267 1395 1394
f 1318 1317 1445 1446
f 1214 1215 1343 1342
f 1265 1266 1394 1393
f 1317 1316 1444 1445
f 1213 1214 1342 1341
f 1264 1265 1393 1392
f 1316 1315 1443 1444
f 1462 1335 1399
f 1336 1337 1401
f 1461 1398 1462
f 1335 1336 1400
f 1460 1397 1461
f 1417 1416 1352
f 1459 1396 1460
f 1336 1401 1400
f 1398 1335 1462
f 1420 1419 1355
f 1337 1338 1401
f 1338 1403 1402
f 1366 1367 1430
f 1338 1339 1403
f 1404 1339 1340
f 1397 1398 1461
f 1339 1404 1403
f 1459 1458 1395
f 1404 1340 1341
f 1396 1459 1395
f 1443 1379 1380
f 1456 1393 1457
f 1458 1457 1393
f 1405 1404 1341
f 1406 1341 1342
f 1394 1458 1393
f 1341 1406 1405
f 1456 1455 1392
f 1407 1406 1342
f 1393 1456 1392
f 1342 1343 1407
f 1454 1391 1455
f 1440 1375 1376
f 1423 1422 1359
f 1343 1344 1408
f 1384 1385 1449
f 1390 1391 1454
f 1427 1426 1363
f 1409 1408 1345
f 1452 1389 1453
f 1438 1373 1374
f 1345 1410 1409
f 1410 1345 1346
f 1388 1389 1452
f 1411 1410 1346
f 1388 1452 1451
f 1411 1346 1347
f 1387 1388 1451
f 1347 1348 1411
f 1450 1386 1451
f 1386 1387 1451
f 1426 1425 1361
f 1413 1412 1348
f 1386 1450 1449
f 1413 1348 1349
f 1385 1386 1449
f 1349 1350 1413
f 1448 1384 1449
f 1408 1344 1345
f 1440 1376 1377
f 1415 1414 1350
f 1384 1448 1447
f 1415 1350 1351
f 1383 1384 1447
f 1416 1415 1351
f 1416 1351 1352
f 1382 1383 1447
f 1382 1447 1446
f 1353 1417 1352
f 1446 1445 1382
f 1348 1412 1411
f 1375 1439 1438
f 1417 1353 1354
f 1380 1381 1445
f 1418 1417 1354
f 1380 1445 1444
f 1355 1419 1354
f 1444 1443 1380
f 1445 1381 1382
f 1436 1372 1373
f 1356 1420 1355
f 1378 1379 1443
f 1422 1421 1357
f 1378 1443 1442
f 1420 1356 1357
f 1377 1378 1442
f 1421 1420 1357
f 1377 1442 1441
f 1358 1422 1357
f 1441 1440 1377
f 1359 1422 1358
f 1454 1453 1389
f 1350 1414 1413
f 1360 1423 1359
f 1440 1439 1375
f 1343 1408 1407
f 1391 1392 1455
f 1361 1424 1360
f 1374 1375 1438
f 1338 1402 1401
f 1424 1423 1360
f 1362 1426 1361
f 1438 1437 1373
f 1363 1426 1362
f 1436 1435 1371
f 1425 1424 1361
f 1437 1436 1373
f 1364 1427 1363
f 1396 1397 1460
f 1419 1418 1354
f 1436 1371 1372
f 1365 1428 1364
f 1434 1369 1370
f 1366 1429 1365
f 1435 1370 1371
f 1429 1428 1365
f 1435 1434 1370
f 1367 1432 1431
f 1335 1400 1399
f 1368 1433 1432
f 1428 1427 1364
f 1433 1368 1369
f 1434 1433 1369
f 1367 1368 1432
f 1429 1366 1430
f 1395 1458 1394
f 1430 1367 1431
f 1390 1454 1389
usemtl Steel
f 823 824 826 825
f 825 826 828 827
f 827 828 830 829
f 829 830 832 831
f 831 832 834 833
f 833 834 836 835
f 835 836 838 837
f 837 838 840 839
f 839 840 842 841
f 841 842 844 843
f 843 844 846 845
f 845 846 848 847
f 847 848 850 849
f 849 850 852 851
f 851 852 854 853
f 853 854 856 855
f 855 856 858 857
f 857 858 860 859
f 859 860 862 861
f 861 862 864 863
f 863 864 866 865
f 865 866 868 867
f 867 868 870 869
f 869 870 872 871
f 871 872 874 873
f 873 874 876 875
f 875 876 878 877
f 877 878 880 879
f 879 880 882 881
f 881 882 884 883
f 883 884 886 885
f 885 886 888 887
f 887 888 890 889
f 889 890 892 891
f 891 892 894 893
f 893 894 896 895
f 895 896 898 897
f 897 898 900 899
f 899 900 902 901
f 901 902 904 903
f 903 904 906 905
f 905 906 908 907
f 907 908 910 909
f 909 910 912 911
f 911 912 914 913
f 913 914 916 915
f 915 916 918 917
f 917 918 920 919
f 919 920 922 921
f 921 922 924 923
f 923 924 926 925
f 925 926 928 927
f 927 928 930 929
f 929 930 932 931
f 931 932 934 933
f 933 934 936 935
f 935 936 938 937
f 937 938 940 939
f 939 940 942 941
f 941 942 944 943
f 943 944 946 945
f 945 946 948 947
f 826 824 950 948 946 944 942 940 938 936 934 932 930 928 926 924 922 920 918 916 914 912 910 908 906 904 902 900 898 896 894 892 890 888 886 884 882 880 878 876 874 872 870 868 866 864 862 860 858 856 854 852 850 848 846 844 842 840 838 836 834 832 830 828
f 947 948 950 949
f 949 950 824 823
f 823 825 827 829 831 833 835 837 839 841 843 845 847 849 851 853 855 857 859 861 863 865 867 869 871 873 875 877 879 881 883 885 887 889 891 893 895 897 899 901 903 905 907 909 911 913 915 917 919 921 923 925 927 929 931 933 935 937 939 941 943 945 947 949
