mtllib Circle_010.mtl
v -0.030000001192092896 2.2649371267391416e-09 2.481541837659083e-23
v -0.02985554188489914 -0.0029405122622847557 2.4695924882111572e-23
v -0.029423559084534645 -0.005852707661688328 2.433859455787361e-23
v -0.028708212077617645 -0.008708538487553596 2.374687472603276e-23
v -0.027716387063264847 -0.011480502784252167 2.2926456229159288e-23
v -0.026457641273736954 -0.014141900464892387 2.1885245031245316e-23
v -0.024944091215729713 -0.01666710525751114 2.0633265976674394e-23
v -0.023190315812826157 -0.019031798467040062 1.918257759324373e-23
v -0.02121320553123951 -0.02121320180594921 1.754714902986298e-23
v -0.01903180219233036 -0.023190312087535858 1.5742735416531215e-23
v -0.016667108982801437 -0.024944087490439415 1.3786707470381403e-23
v -0.014141904190182686 -0.026457637548446655 1.1697907134134748e-23
v -0.011480506509542465 -0.027716387063264847 9.49644957201348e-24
v -0.008708542212843895 -0.028708212077617645 7.203534631984509e-24
v -0.005852712318301201 -0.029423559084534645 4.841248052811307e-24
v -0.002940516686066985 -0.02985554188489914 2.432336441480696e-24
v -2.2649371267391416e-09 -0.030000001192092896 0.0
v 0.0029405122622847557 -0.02985554188489914 -2.432336441480696e-24
v 0.005852707661688328 -0.029423559084534645 -4.841248052811307e-24
v 0.008708538487553596 -0.028708212077617645 -7.203534631984509e-24
v 0.011480502784252167 -0.027716387063264847 -9.49644957201348e-24
v 0.014141900464892387 -0.026457641273736954 -1.1697907134134748e-23
v 0.01666710525751114 -0.024944091215729713 -1.3786707470381403e-23
v 0.019031798467040062 -0.023190315812826157 -1.5742735416531215e-23
v 0.02121320180594921 -0.02121320553123951 -1.754714902986298e-23
v 0.023190312087535858 -0.01903180219233036 -1.918257759324373e-23
v 0.024944087490439415 -0.016667108982801437 -2.0633265976674394e-23
v 0.026457637548446655 -0.014141904190182686 -2.1885245031245316e-23
v 0.027716387063264847 -0.011480506509542465 -2.2926456229159288e-23
v 0.028708212077617645 -0.008708542212843895 -2.374687472603276e-23
v 0.029423559084534645 -0.005852712318301201 -2.433859455787361e-23
v 0.02985554188489914 -0.002940516686066985 -2.4695924882111572e-23
v 0.030000001192092896 -2.2649371267391416e-09 -2.481541837659083e-23
v 0.02985554188489914 0.0029405122622847557 -2.4695924882111572e-23
v 0.029423559084534645 0.005852707661688328 -2.433859455787361e-23
v 0.028708212077617645 0.008708538487553596 -2.374687472603276e-23
v 0.027716387063264847 0.011480502784252167 -2.2926456229159288e-23
v 0.026457641273736954 0.014141900464892387 -2.1885245031245316e-23
v 0.024944091215729713 0.01666710525751114 -2.0633265976674394e-23
v 0.023190315812826157 0.019031798467040062 -1.918257759324373e-23
v 0.02121320553123951 0.02121320180594921 -1.754714902986298e-23
v 0.01903180219233036 0.023190312087535858 -1.5742735416531215e-23
v 0.016667108982801437 0.024944087490439415 -1.3786707470381403e-23
v 0.014141904190182686 0.026457637548446655 -1.1697907134134748e-23
v 0.011480506509542465 0.027716387063264847 -9.49644957201348e-24
v 0.008708542212843895 0.028708212077617645 -7.203534631984509e-24
v 0.005852712318301201 0.029423559084534645 -4.841248052811307e-24
v 0.002940516686066985 0.02985554188489914 -2.432336441480696e-24
v 2.2649371267391416e-09 0.030000001192092896 0.0
v -0.0029405122622847557 0.02985554188489914 2.432336441480696e-24
v -0.005852707661688328 0.029423559084534645 4.841248052811307e-24
v -0.008708538487553596 0.028708212077617645 7.203534631984509e-24
v -0.011480502784252167 0.027716387063264847 9.49644957201348e-24
v -0.014141900464892387 0.026457641273736954 1.1697907134134748e-23
v -0.01666710525751114 0.024944091215729713 1.3786707470381403e-23
v -0.019031798467040062 0.023190315812826157 1.5742735416531215e-23
v -0.02121320180594921 0.02121320553123951 1.754714902986298e-23
v -0.023190312087535858 0.01903180219233036 1.918257759324373e-23
v -0.024944087490439415 0.016667108982801437 2.0633265976674394e-23
v -0.026457637548446655 0.014141904190182686 2.1885245031245316e-23
v -0.027716387063264847 0.011480506509542465 2.2926456229159288e-23
v -0.028708212077617645 0.008708542212843895 2.374687472603276e-23
v -0.029423559084534645 0.005852712318301201 2.433859455787361e-23
v -0.02985554188489914 0.002940516686066985 2.4695924882111572e-23
v -0.02500000037252903 2.050739578152161e-09 2.034505541814724e-08
v -0.024879619479179382 -0.002450426807627082 2.034505541814724e-08
v -0.024519631639122963 -0.004877256229519844 2.034505541814724e-08
v -0.023923508822917938 -0.007257114630192518 2.034505541814724e-08
v -0.02309698797762394 -0.009567084722220898 2.034505541814724e-08
v -0.02204803191125393 -0.011784916743636131 2.034505541814724e-08
v -0.020786741748452187 -0.013889254070818424 2.034505541814724e-08
v -0.019325263798236847 -0.015859831124544144 2.034505541814724e-08
v -0.0176776722073555 -0.0176776684820652 2.034505541814724e-08
v -0.015859834849834442 -0.01932526007294655 2.034505541814724e-08
v -0.013889257796108723 -0.020786738023161888 2.034505541814724e-08
v -0.01178492046892643 -0.02204803191125393 2.034505541814724e-08
v -0.009567088447511196 -0.02309698797762394 2.034505541814724e-08
v -0.007257117889821529 -0.023923508822917938 2.034505541814724e-08
v -0.0048772599548101425 -0.024519631639122963 2.034505541814724e-08
v -0.0024504305329173803 -0.024879619479179382 2.034505541814724e-08
v -1.8120132061483218e-09 -0.02500000037252903 2.034505541814724e-08
v 0.0024504270404577255 -0.024879619479179382 2.034505541814724e-08
v 0.004877256695181131 -0.024519631639122963 2.034505541814724e-08
v 0.0072571150958538055 -0.023923508822917938 2.034505541814724e-08
v 0.009567084722220898 -0.02309698797762394 2.034505541814724e-08
v 0.011784916743636131 -0.02204803191125393 2.034505541814724e-08
v 0.013889254070818424 -0.020786741748452187 2.034505541814724e-08
v 0.015859831124544144 -0.019325263798236847 2.034505541814724e-08
v 0.0176776684820652 -0.0176776722073555 2.034505541814724e-08
v 0.01932526007294655 -0.015859834849834442 2.034505541814724e-08
v 0.020786738023161888 -0.013889257796108723 2.034505541814724e-08
v 0.02204803191125393 -0.01178492046892643 2.034505541814724e-08
v 0.02309698797762394 -0.009567088447511196 2.034505541814724e-08
v 0.023923508822917938 -0.007257118355482817 2.034505541814724e-08
v 0.024519631639122963 -0.0048772599548101425 2.034505541814724e-08
v 0.024879619479179382 -0.0024504305329173803 2.034505541814724e-08
v 0.02500000037252903 -1.72415570709461e-09 2.034505541814724e-08
v 0.024879619479179382 0.0024504270404577255 2.034505541814724e-08
v 0.024519631639122963 0.004877256695181131 2.034505541814724e-08
v 0.023923508822917938 0.0072571150958538055 2.034505541814724e-08
v 0.02309698797762394 0.009567084722220898 2.034505541814724e-08
v 0.02204803191125393 0.011784916743636131 2.034505541814724e-08
v 0.020786741748452187 0.01388925313949585 2.034505541814724e-08
v 0.019325263798236847 0.015859831124544144 2.034505541814724e-08
v 0.0176776722073555 0.0176776684820652 2.034505541814724e-08
v 0.015859834849834442 0.01932526007294655 2.034505541814724e-08
v 0.013889257796108723 0.020786738023161888 2.034505541814724e-08
v 0.01178492046892643 0.02204803191125393 2.034505541814724e-08
v 0.009567088447511196 0.02309698797762394 2.034505541814724e-08
v 0.007257118821144104 0.023923508822917938 2.034505541814724e-08
v 0.00487726042047143 0.024519631639122963 2.034505541814724e-08
v 0.002450430765748024 0.024879619479179382 2.034505541814724e-08
v 1.962882079098449e-09 0.02500000037252903 2.034505541814724e-08
v -0.002450426807627082 0.024879619479179382 2.034505541814724e-08
v -0.004877256229519844 0.024519631639122963 2.034505541814724e-08
v -0.007257114164531231 0.023923508822917938 2.034505541814724e-08
v -0.009567084722220898 0.02309698797762394 2.034505541814724e-08
v -0.011784916743636131 0.02204803191125393 2.034505541814724e-08
v -0.013889254070818424 0.020786741748452187 2.034505541814724e-08
v -0.015859831124544144 0.019325263798236847 2.034505541814724e-08
v -0.0176776684820652 0.0176776722073555 2.034505541814724e-08
v -0.01932526007294655 0.015859834849834442 2.034505541814724e-08
v -0.020786738023161888 0.013889256864786148 2.034505541814724e-08
v -0.02204803191125393 0.01178492046892643 2.034505541814724e-08
v -0.02309698797762394 0.009567088447511196 2.034505541814724e-08
v -0.023923508822917938 0.007257118821144104 2.034505541814724e-08
v -0.024519631639122963 0.00487726042047143 2.034505541814724e-08
v -0.024879619479179382 0.002450430765748024 2.034505541814724e-08
v -0.030000001192092896 2.2649342401592776e-09 0.125
v -0.02985554188489914 -0.0029405122622847557 0.125
v -0.029423559084534645 -0.005852707661688328 0.125
v -0.028708212077617645 -0.008708538487553596 0.125
v -0.027716387063264847 -0.011480502784252167 0.125
v -0.026457641273736954 -0.014141900464892387 0.125
v -0.024944091215729713 -0.01666710525751114 0.125
v -0.023190315812826157 -0.019031798467040062 0.125
v -0.02121320553123951 -0.02121320180594921 0.125
v -0.01903180219233036 -0.023190312087535858 0.125
v -0.016667108982801437 -0.024944087490439415 0.125
v -0.014141904190182686 -0.026457637548446655 0.125
v -0.011480506509542465 -0.027716387063264847 0.125
v -0.008708542212843895 -0.028708212077617645 0.125
v -0.005852712318301201 -0.029423559084534645 0.125
v -0.002940516686066985 -0.02985554188489914 0.125
v -2.2649409014974253e-09 -0.030000001192092896 0.125
v 0.0029405122622847557 -0.02985554188489914 0.125
v 0.005852707661688328 -0.029423559084534645 0.125
v 0.008708538487553596 -0.028708212077617645 0.125
v 0.011480502784252167 -0.027716387063264847 0.125
v 0.014141900464892387 -0.026457641273736954 0.125
v 0.01666710525751114 -0.024944091215729713 0.125
v 0.019031798467040062 -0.023190315812826157 0.125
v 0.02121320180594921 -0.02121320553123951 0.125
v 0.023190312087535858 -0.01903180219233036 0.125
v 0.024944087490439415 -0.016667108982801437 0.125
v 0.026457637548446655 -0.014141904190182686 0.125
v 0.027716387063264847 -0.011480506509542465 0.125
v 0.028708212077617645 -0.008708542212843895 0.125
v 0.029423559084534645 -0.005852712318301201 0.125
v 0.02985554188489914 -0.002940516686066985 0.125
v 0.030000001192092896 -2.2649397912744007e-09 0.125
v 0.02985554188489914 0.0029405122622847557 0.125
v 0.029423559084534645 0.005852707661688328 0.125
v 0.028708212077617645 0.008708538487553596 0.125
v 0.027716387063264847 0.011480502784252167 0.125
v 0.026457641273736954 0.014141900464892387 0.125
v 0.024944091215729713 0.01666710525751114 0.125
v 0.023190315812826157 0.019031798467040062 0.125
v 0.02121320553123951 0.02121320180594921 0.125
v 0.01903180219233036 0.023190312087535858 0.125
v 0.016667108982801437 0.024944087490439415 0.125
v 0.014141904190182686 0.026457637548446655 0.125
v 0.011480506509542465 0.027716387063264847 0.125
v 0.008708542212843895 0.028708212077617645 0.125
v 0.005852712318301201 0.029423559084534645 0.125
v 0.002940516686066985 0.02985554188489914 0.125
v 2.264933129936253e-09 0.030000001192092896 0.125
v -0.0029405122622847557 0.02985554188489914 0.125
v -0.005852707661688328 0.029423559084534645 0.125
v -0.008708538487553596 0.028708212077617645 0.125
v -0.011480502784252167 0.027716387063264847 0.125
v -0.014141900464892387 0.026457641273736954 0.125
v -0.01666710525751114 0.024944091215729713 0.125
v -0.019031798467040062 0.023190315812826157 0.125
v -0.02121320180594921 0.02121320553123951 0.125
v -0.023190312087535858 0.01903180219233036 0.125
v -0.024944087490439415 0.016667108982801437 0.125
v -0.026457637548446655 0.014141904190182686 0.125
v -0.027716387063264847 0.011480506509542465 0.125
v -0.028708212077617645 0.008708542212843895 0.125
v -0.029423559084534645 0.005852712318301201 0.125
v -0.02985554188489914 0.002940516686066985 0.125
v -0.02500000037252903 2.050736913616902e-09 0.1250000149011612
v -0.024879619479179382 -0.002450426807627082 0.1250000149011612
v -0.024519631639122963 -0.004877256229519844 0.1250000149011612
v -0.023923508822917938 -0.007257114630192518 0.1250000149011612
v -0.02309698797762394 -0.009567084722220898 0.1250000149011612
v -0.02204803191125393 -0.011784916743636131 0.1250000149011612
v -0.020786741748452187 -0.013889254070818424 0.1250000149011612
v -0.019325263798236847 -0.015859831124544144 0.1250000149011612
v -0.0176776722073555 -0.0176776684820652 0.1250000149011612
v -0.015859834849834442 -0.01932526007294655 0.1250000149011612
v -0.013889257796108723 -0.020786738023161888 0.1250000149011612
v -0.01178492046892643 -0.02204803191125393 0.1250000149011612
v -0.009567088447511196 -0.02309698797762394 0.1250000149011612
v -0.007257117889821529 -0.023923508822917938 0.1250000149011612
v -0.0048772599548101425 -0.024519631639122963 0.1250000149011612
v -0.0024504305329173803 -0.024879619479179382 0.1250000149011612
v -1.8120169809066056e-09 -0.02500000037252903 0.1250000149011612
v 0.0024504270404577255 -0.024879619479179382 0.1250000149011612
v 0.004877256695181131 -0.024519631639122963 0.1250000149011612
v 0.0072571150958538055 -0.023923508822917938 0.1250000149011612
v 0.009567084722220898 -0.02309698797762394 0.1250000149011612
v 0.011784916743636131 -0.02204803191125393 0.1250000149011612
v 0.013889254070818424 -0.020786741748452187 0.1250000149011612
v 0.015859831124544144 -0.019325263798236847 0.1250000149011612
v 0.0176776684820652 -0.0176776722073555 0.1250000149011612
v 0.01932526007294655 -0.015859834849834442 0.1250000149011612
v 0.020786738023161888 -0.013889257796108723 0.1250000149011612
v 0.02204803191125393 -0.01178492046892643 0.1250000149011612
v 0.02309698797762394 -0.009567088447511196 0.1250000149011612
v 0.023923508822917938 -0.007257118355482817 0.1250000149011612
v 0.024519631639122963 -0.0048772599548101425 0.1250000149011612
v 0.024879619479179382 -0.0024504305329173803 0.1250000149011612
v 0.02500000037252903 -1.7241583716298692e-09 0.1250000149011612
v 0.024879619479179382 0.0024504270404577255 0.1250000149011612
v 0.024519631639122963 0.004877256695181131 0.1250000149011612
v 0.023923508822917938 0.0072571150958538055 0.1250000149011612
v 0.02309698797762394 0.009567084722220898 0.1250000149011612
v 0.02204803191125393 0.011784916743636131 0.1250000149011612
v 0.020786741748452187 0.01388925313949585 0.1250000149011612
v 0.019325263798236847 0.015859831124544144 0.1250000149011612
v 0.0176776722073555 0.0176776684820652 0.1250000149011612
v 0.015859834849834442 0.01932526007294655 0.1250000149011612
v 0.013889257796108723 0.020786738023161888 0.1250000149011612
v 0.01178492046892643 0.02204803191125393 0.1250000149011612
v 0.009567088447511196 0.02309698797762394 0.1250000149011612
v 0.007257118821144104 0.023923508822917938 0.1250000149011612
v 0.00487726042047143 0.024519631639122963 0.1250000149011612
v 0.002450430765748024 0.024879619479179382 0.1250000149011612
v 1.9628780822955605e-09 0.02500000037252903 0.1250000149011612
v -0.002450426807627082 0.024879619479179382 0.1250000149011612
v -0.004877256229519844 0.024519631639122963 0.1250000149011612
v -0.007257114164531231 0.023923508822917938 0.1250000149011612
v -0.009567084722220898 0.02309698797762394 0.1250000149011612
v -0.011784916743636131 0.02204803191125393 0.1250000149011612
v -0.013889254070818424 0.020786741748452187 0.1250000149011612
v -0.015859831124544144 0.019325263798236847 0.1250000149011612
v -0.0176776684820652 0.0176776722073555 0.1250000149011612
v -0.01932526007294655 0.015859834849834442 0.1250000149011612
v -0.020786738023161888 0.013889256864786148 0.1250000149011612
v -0.02204803191125393 0.01178492046892643 0.1250000149011612
v -0.02309698797762394 0.009567088447511196 0.1250000149011612
v -0.023923508822917938 0.007257118821144104 0.1250000149011612
v -0.024519631639122963 0.00487726042047143 0.1250000149011612
v -0.024879619479179382 0.002450430765748024 0.1250000149011612
v -0.0299999937415123 0.09250000864267349 0.1550000011920929
v -0.029855534434318542 0.0925000011920929 0.15205948054790497
v -0.029423551633954048 0.0925000011920929 0.14914730191230774
v -0.02870820462703705 0.0925000011920929 0.14629146456718445
v -0.0277163777500391 0.0925000011920929 0.14351950585842133
v -0.026457631960511208 0.0925000011920929 0.14085809886455536
v -0.024944081902503967 0.0925000011920929 0.13833288848400116
v -0.02319030649960041 0.0925000011920929 0.13596820831298828
v -0.021213196218013763 0.0925000011920929 0.13378681242465973
v -0.019031792879104614 0.0925000011920929 0.13180969655513763
v -0.01666709966957569 0.0925000011920929 0.13005591928958893
v -0.014141895808279514 0.0925000011920929 0.12854236364364624
v -0.011480498127639294 0.0924999937415123 0.12728361785411835
v -0.008708533830940723 0.0924999937415123 0.12629179656505585
v -0.005852703005075455 0.0924999937415123 0.125576451420784
v -0.0029405076056718826 0.0924999937415123 0.12514446675777435
v 6.983555511652639e-09 0.0924999937415123 0.125
v 0.002940521342679858 0.0924999937415123 0.12514446675777435
v 0.005852716974914074 0.0924999937415123 0.125576451420784
v 0.008708546869456768 0.0924999937415123 0.12629179656505585
v 0.011480511166155338 0.0924999937415123 0.12728361785411835
v 0.014141909778118134 0.0924999937415123 0.12854236364364624
v 0.016667114570736885 0.0924999937415123 0.13005591928958893
v 0.019031807780265808 0.0924999937415123 0.13180969655513763
v 0.021213212981820107 0.0924999937415123 0.13378681242465973
v 0.023190321400761604 0.0924999937415123 0.13596820831298828
v 0.02494409680366516 0.0924999937415123 0.13833288848400116
v 0.0264576468616724 0.0924999937415123 0.14085809886455536
v 0.027716394513845444 0.0924999937415123 0.14351950585842133
v 0.028708219528198242 0.0924999937415123 0.14629146456718445
v 0.029423566535115242 0.0924999937415123 0.14914730191230774
v 0.029855551198124886 0.0924999937415123 0.15205948054790497
v 0.030000008642673492 0.0924999937415123 0.1550000011920929
v 0.029855551198124886 0.0925000011920929 0.15794052183628082
v 0.029423566535115242 0.0925000011920929 0.16085271537303925
v 0.028708219528198242 0.0925000011920929 0.16370855271816254
v 0.027716394513845444 0.0925000011920929 0.16648051142692566
v 0.0264576468616724 0.0925000011920929 0.16914191842079163
v 0.02494409680366516 0.0925000011920929 0.17166712880134583
v 0.023190321400761604 0.0925000011920929 0.1740318089723587
v 0.021213212981820107 0.0925000011920929 0.17621320486068726
v 0.019031807780265808 0.0925000011920929 0.17819032073020935
v 0.016667114570736885 0.0925000011920929 0.17994409799575806
v 0.014141909778118134 0.0925000011920929 0.18145765364170074
v 0.011480511166155338 0.09250000864267349 0.18271639943122864
v 0.008708546869456768 0.09250000864267349 0.18370822072029114
v 0.005852716974914074 0.09250000864267349 0.184423565864563
v 0.002940521342679858 0.09250000864267349 0.18485555052757263
v 6.983556843920269e-09 0.09250000864267349 0.1850000023841858
v -0.0029405076056718826 0.09250000864267349 0.18485555052757263
v -0.005852703005075455 0.09250000864267349 0.184423565864563
v -0.008708533830940723 0.09250000864267349 0.18370822072029114
v -0.011480498127639294 0.09250000864267349 0.18271639943122864
v -0.014141895808279514 0.09250000864267349 0.18145765364170074
v -0.01666709966957569 0.09250000864267349 0.17994409799575806
v -0.019031792879104614 0.09250000864267349 0.17819032073020935
v -0.021213196218013763 0.09250000864267349 0.17621320486068726
v -0.02319030649960041 0.09250000864267349 0.1740318089723587
v -0.024944081902503967 0.09250000864267349 0.17166712880134583
v -0.026457631960511208 0.09250000864267349 0.16914191842079163
v -0.0277163777500391 0.09250000864267349 0.16648051142692566
v -0.02870820462703705 0.09250000864267349 0.16370855271816254
v -0.029423551633954048 0.09250000864267349 0.16085271537303925
v -0.029855534434318542 0.09250000864267349 0.15794052183628082
v -0.024999992921948433 0.0924999788403511 0.1550000011920929
v -0.024879612028598785 0.0924999788403511 0.15254957973957062
v -0.024519624188542366 0.0924999788403511 0.1501227468252182
v -0.02392350137233734 0.0924999788403511 0.14774289727210999
v -0.023096980527043343 0.0924999788403511 0.14543291926383972
v -0.022048024460673332 0.0924999788403511 0.1432150900363922
v -0.02078673243522644 0.0924999788403511 0.14111074805259705
v -0.01932525262236595 0.0924999788403511 0.13914017379283905
v -0.017677662894129753 0.0924999788403511 0.137322336435318
v -0.015859827399253845 0.0924999788403511 0.13567474484443665
v -0.013889249414205551 0.0924999788403511 0.13421326875686646
v -0.011784912087023258 0.0924999788403511 0.13295197486877441
v -0.009567080065608025 0.0924999788403511 0.1319030225276947
v -0.0072571090422570705 0.0924999788403511 0.13107649981975555
v -0.004877251107245684 0.09249997138977051 0.13048037886619568
v -0.0024504216853529215 0.09249997138977051 0.1301203966140747
v 7.058984952124092e-09 0.09249997138977051 0.1300000101327896
v 0.0024504356551915407 0.09249997138977051 0.1301203966140747
v 0.00487726554274559 0.09249997138977051 0.13048037886619568
v 0.007257124409079552 0.09249997138977051 0.13107649981975555
v 0.00956709310412407 0.09249997138977051 0.1319030225276947
v 0.011784925125539303 0.09249997138977051 0.13295197486877441
v 0.013889262452721596 0.09249997138977051 0.13421326875686646
v 0.01585984043776989 0.09249997138977051 0.13567474484443665
v 0.017677677795290947 0.09249997138977051 0.137322336435318
v 0.019325269386172295 0.09249997138977051 0.13914017379283905
v 0.020786747336387634 0.09249997138977051 0.14111074805259705
v 0.022048039361834526 0.09249997138977051 0.1432150900363922
v 0.023096995428204536 0.09249997138977051 0.14543291926383972
v 0.023923516273498535 0.09249997138977051 0.14774289727210999
v 0.02451963908970356 0.09249997138977051 0.1501227468252182
v 0.02487962692975998 0.09249997138977051 0.15254957973957062
v 0.025000009685754776 0.0924999788403511 0.1550000011920929
v 0.02487962692975998 0.0924999788403511 0.15745043754577637
v 0.02451963908970356 0.0924999788403511 0.15987727046012878
v 0.023923516273498535 0.0924999788403511 0.162257120013237
v 0.023096995428204536 0.0924999788403511 0.16456709802150726
v 0.022048039361834526 0.0924999788403511 0.16678492724895477
v 0.020786747336387634 0.0924999788403511 0.16888925433158875
v 0.019325269386172295 0.0924999788403511 0.17085984349250793
v 0.017677677795290947 0.0924999788403511 0.172677680850029
v 0.01585984043776989 0.0924999788403511 0.17432525753974915
v 0.013889262452721596 0.0924999788403511 0.17578674852848053
v 0.011784925125539303 0.0924999788403511 0.17704804241657257
v 0.00956709310412407 0.0924999788403511 0.17809699475765228
v 0.007257124409079552 0.0924999788403511 0.17892351746559143
v 0.00487726554274559 0.0924999862909317 0.1795196384191513
v 0.0024504356551915407 0.0924999862909317 0.17987963557243347
v 7.058985840302512e-09 0.0924999862909317 0.18000000715255737
v -0.0024504216853529215 0.0924999862909317 0.17987963557243347
v -0.004877251107245684 0.0924999862909317 0.1795196384191513
v -0.0072571090422570705 0.0924999862909317 0.17892351746559143
v -0.009567080065608025 0.0924999862909317 0.17809699475765228
v -0.011784912087023258 0.0924999862909317 0.17704804241657257
v -0.013889249414205551 0.0924999862909317 0.17578674852848053
v -0.015859827399253845 0.0924999862909317 0.17432525753974915
v -0.017677662894129753 0.0924999862909317 0.172677680850029
v -0.01932525262236595 0.0924999862909317 0.17085984349250793
v -0.02078673243522644 0.0924999862909317 0.16888925433158875
v -0.022048024460673332 0.0924999862909317 0.16678492724895477
v -0.023096980527043343 0.0924999862909317 0.16456709802150726
v -0.02392350137233734 0.0924999862909317 0.162257120013237
v -0.024519624188542366 0.0924999862909317 0.15987727046012878
v -0.024879612028598785 0.0924999862909317 0.15745043754577637
v -0.030000025406479836 -0.0924999937415123 0.15500003099441528
v -0.02985556796193123 -0.0925000011920929 0.15205951035022736
v -0.029423583298921585 -0.0925000011920929 0.14914731681346893
v -0.028708236292004585 -0.0925000011920929 0.14629149436950684
v -0.027716411277651787 -0.0925000011920929 0.14351952075958252
v -0.026457663625478745 -0.0925000011920929 0.14085812866687775
v -0.024944113567471504 -0.0925000011920929 0.13833291828632355
v -0.023190340027213097 -0.0925000011920929 0.13596823811531067
v -0.02121322974562645 -0.0925000011920929 0.13378682732582092
v -0.01903182454407215 -0.0925000011920929 0.13180971145629883
v -0.016667131334543228 -0.0925000011920929 0.13005594909191132
v -0.014141925610601902 -0.0925000011920929 0.12854239344596863
v -0.011480527929961681 -0.09250000864267349 0.12728364765644073
v -0.008708563633263111 -0.09250000864267349 0.12629181146621704
v -0.005852734204381704 -0.09250000864267349 0.1255764663219452
v -0.0029405381064862013 -0.09250000864267349 0.12514449656009674
v -2.3778415680908438e-08 -0.09250000864267349 0.1250000298023224
v 0.0029404908418655396 -0.09250000864267349 0.12514449656009674
v 0.005852685775607824 -0.09250000864267349 0.1255764663219452
v 0.00870851706713438 -0.09250000864267349 0.12629181146621704
v 0.01148048136383295 -0.09250000864267349 0.12728364765644073
v 0.014141879975795746 -0.09250000864267349 0.12854239344596863
v 0.016667082905769348 -0.09250000864267349 0.13005594909191132
v 0.01903177611529827 -0.09250000864267349 0.13180971145629883
v 0.02121317945420742 -0.09250000864267349 0.13378682732582092
v 0.023190289735794067 -0.09250000864267349 0.13596823811531067
v 0.024944065138697624 -0.09250000864267349 0.13833291828632355
v 0.026457613334059715 -0.09250000864267349 0.14085812866687775
v 0.027716360986232758 -0.09250000864267349 0.14351952075958252
v 0.028708186000585556 -0.09250000864267349 0.14629149436950684
v 0.029423533007502556 -0.09250000864267349 0.14914731681346893
v 0.0298555176705122 -0.09250000864267349 0.15205951035022736
v 0.029999976977705956 -0.09250000864267349 0.15500003099441528
v 0.0298555176705122 -0.0925000011920929 0.15794053673744202
v 0.029423533007502556 -0.0925000011920929 0.16085274517536163
v 0.028708186000585556 -0.0925000011920929 0.16370856761932373
v 0.027716360986232758 -0.0925000011920929 0.16648054122924805
v 0.026457613334059715 -0.0925000011920929 0.16914193332195282
v 0.024944065138697624 -0.0925000011920929 0.17166714370250702
v 0.023190289735794067 -0.0925000011920929 0.1740318387746811
v 0.02121317945420742 -0.0925000011920929 0.17621323466300964
v 0.01903177611529827 -0.0925000011920929 0.17819035053253174
v 0.016667082905769348 -0.0925000011920929 0.17994411289691925
v 0.014141879975795746 -0.0925000011920929 0.18145766854286194
v 0.01148048136383295 -0.0924999937415123 0.18271641433238983
v 0.00870851706713438 -0.0924999937415123 0.18370825052261353
v 0.005852685775607824 -0.0924999937415123 0.18442359566688538
v 0.0029404908418655396 -0.0924999937415123 0.18485556542873383
v -2.37784139045516e-08 -0.0924999937415123 0.18500003218650818
v -0.0029405381064862013 -0.0924999937415123 0.18485556542873383
v -0.005852734204381704 -0.0924999937415123 0.18442359566688538
v -0.008708563633263111 -0.0924999937415123 0.18370825052261353
v -0.011480527929961681 -0.0924999937415123 0.18271641433238983
v -0.014141925610601902 -0.0924999937415123 0.18145766854286194
v -0.016667131334543228 -0.0924999937415123 0.17994411289691925
v -0.01903182454407215 -0.0924999937415123 0.17819035053253174
v -0.02121322974562645 -0.0924999937415123 0.17621323466300964
v -0.023190340027213097 -0.0924999937415123 0.1740318387746811
v -0.024944113567471504 -0.0924999937415123 0.17166714370250702
v -0.026457663625478745 -0.0924999937415123 0.16914193332195282
v -0.027716411277651787 -0.0924999937415123 0.16648054122924805
v -0.028708236292004585 -0.0924999937415123 0.16370856761932373
v -0.029423583298921585 -0.0924999937415123 0.16085274517536163
v -0.02985556796193123 -0.0924999937415123 0.15794053673744202
v -0.02500002644956112 -0.09250001609325409 0.15500003099441528
v -0.024879643693566322 -0.09250001609325409 0.1525495946407318
v -0.024519655853509903 -0.09250001609325409 0.1501227766275406
v -0.023923533037304878 -0.09250001609325409 0.14774291217327118
v -0.02309701219201088 -0.09250001609325409 0.1454329490661621
v -0.02204805612564087 -0.09250001609325409 0.1432151049375534
v -0.020786765962839127 -0.09250001609325409 0.14111076295375824
v -0.019325286149978638 -0.09250001609325409 0.13914020359516144
v -0.01767769455909729 -0.09250001609325409 0.13732236623764038
v -0.015859857201576233 -0.09250001609325409 0.13567475974559784
v -0.013889279216527939 -0.09250001609325409 0.13421329855918884
v -0.011784940958023071 -0.09250001609325409 0.1329520046710968
v -0.009567109867930412 -0.09250001609325409 0.1319030523300171
v -0.0072571407072246075 -0.09250001609325409 0.13107651472091675
v -0.004877282306551933 -0.09250003099441528 0.13048039376735687
v -0.00245045218616724 -0.09250003099441528 0.1301204115152359
v -2.3702986240436985e-08 -0.09250003099441528 0.130000039935112
v 0.002450405154377222 -0.09250003099441528 0.1301204115152359
v 0.004877234343439341 -0.09250003099441528 0.13048039376735687
v 0.007257092744112015 -0.09250003099441528 0.13107651472091675
v 0.009567064233124256 -0.09250003099441528 0.1319030523300171
v 0.011784895323216915 -0.09250003099441528 0.1329520046710968
v 0.013889233581721783 -0.09250003099441528 0.13421329855918884
v 0.015859810635447502 -0.09250003099441528 0.13567475974559784
v 0.01767764613032341 -0.09250003099441528 0.13732236623764038
v 0.01932523585855961 -0.09250003099441528 0.13914020359516144
v 0.020786715671420097 -0.09250003099441528 0.14111076295375824
v 0.02204800769686699 -0.09250003099441528 0.1432151049375534
v 0.023096963763237 -0.09250003099441528 0.1454329490661621
v 0.023923484608530998 -0.09250003099441528 0.14774291217327118
v 0.024519607424736023 -0.09250003099441528 0.1501227766275406
v 0.024879593402147293 -0.09250003099441528 0.1525495946407318
v 0.02499997615814209 -0.09250001609325409 0.15500003099441528
v 0.024879593402147293 -0.09250001609325409 0.15745046734809875
v 0.024519607424736023 -0.09250001609325409 0.15987730026245117
v 0.023923484608530998 -0.09250001609325409 0.1622571498155594
v 0.023096963763237 -0.09250001609325409 0.16456711292266846
v 0.02204800769686699 -0.09250001609325409 0.16678495705127716
v 0.020786715671420097 -0.09250001609325409 0.16888928413391113
v 0.01932523585855961 -0.09250001609325409 0.17085987329483032
v 0.01767764613032341 -0.09250001609325409 0.17267769575119019
v 0.015859810635447502 -0.09250001609325409 0.17432530224323273
v 0.013889233581721783 -0.09250001609325409 0.17578676342964172
v 0.011784895323216915 -0.09250001609325409 0.17704805731773376
v 0.009567064233124256 -0.09250001609325409 0.17809702455997467
v 0.007257092744112015 -0.09250001609325409 0.17892353236675262
v 0.004877234343439341 -0.09250000864267349 0.1795196682214737
v 0.002450405154377222 -0.09250000864267349 0.17987965047359467
v -2.3702984464080146e-08 -0.09250000864267349 0.18000003695487976
v -0.00245045218616724 -0.09250000864267349 0.17987965047359467
v -0.004877282306551933 -0.09250000864267349 0.1795196682214737
v -0.0072571407072246075 -0.09250000864267349 0.17892353236675262
v -0.009567109867930412 -0.09250000864267349 0.17809702455997467
v -0.011784940958023071 -0.09250000864267349 0.17704805731773376
v -0.013889279216527939 -0.09250000864267349 0.17578676342964172
v -0.015859857201576233 -0.09250000864267349 0.17432530224323273
v -0.01767769455909729 -0.09250000864267349 0.17267769575119019
v -0.019325286149978638 -0.09250000864267349 0.17085987329483032
v -0.020786765962839127 -0.09250000864267349 0.16888928413391113
v -0.02204805612564087 -0.09250000864267349 0.16678495705127716
v -0.02309701219201088 -0.09250000864267349 0.16456711292266846
v -0.023923533037304878 -0.09250000864267349 0.1622571498155594
v -0.024519655853509903 -0.09250000864267349 0.15987730026245117
v -0.024879643693566322 -0.09250000864267349 0.15745046734809875
v -0.03500000014901161 -2.060133619252724e-09 -0.07000000029802322
v -0.034831468015909195 -0.003430602140724659 -0.07000000029802322
v -0.03432748466730118 -0.006828163750469685 -0.07000000029802322
v -0.03349291533231735 -0.010159965604543686 -0.07000000029802322
v -0.032335784286260605 -0.01339392364025116 -0.07000000029802322
v -0.03086724504828453 -0.016498887911438942 -0.07000000029802322
v -0.02910143882036209 -0.019444961100816727 -0.07000000029802322
v -0.027055364102125168 -0.02220376953482628 -0.07000000029802322
v -0.02474873699247837 -0.02474874071776867 -0.07000000029802322
v -0.02220376580953598 -0.027055367827415466 -0.07000000029802322
v -0.019444957375526428 -0.02910143882036209 -0.07000000029802322
v -0.016498884186148643 -0.03086724504828453 -0.07000000029802322
v -0.013393919914960861 -0.032335784286260605 -0.06999999284744263
v -0.010159961879253387 -0.03349291533231735 -0.06999999284744263
v -0.0068281590938568115 -0.03432748466730118 -0.06999999284744263
v -0.003430597949773073 -0.034831468015909195 -0.06999999284744263
v 2.060133619252724e-09 -0.03500000014901161 -0.06999999284744263
v 0.003430602140724659 -0.034831468015909195 -0.06999999284744263
v 0.006828163750469685 -0.03432748466730118 -0.06999999284744263
v 0.010159965604543686 -0.03349291533231735 -0.06999999284744263
v 0.01339392364025116 -0.032335784286260605 -0.06999999284744263
v 0.016498887911438942 -0.03086724504828453 -0.07000000029802322
v 0.019444961100816727 -0.02910143882036209 -0.07000000029802322
v 0.02220376953482628 -0.027055364102125168 -0.07000000029802322
v 0.02474874071776867 -0.02474873699247837 -0.07000000029802322
v 0.027055367827415466 -0.02220376580953598 -0.07000000029802322
v 0.02910143882036209 -0.019444957375526428 -0.07000000029802322
v 0.03086724504828453 -0.016498884186148643 -0.07000000029802322
v 0.032335784286260605 -0.013393919914960861 -0.07000000029802322
v 0.03349291533231735 -0.010159961879253387 -0.07000000029802322
v 0.03432748466730118 -0.0068281590938568115 -0.07000000029802322
v 0.034831468015909195 -0.003430597949773073 -0.07000000029802322
v 0.03500000014901161 2.060133619252724e-09 -0.07000000029802322
v 0.034831468015909195 0.003430602140724659 -0.07000000029802322
v 0.03432748466730118 0.006828163750469685 -0.07000000029802322
v 0.03349291533231735 0.010159965604543686 -0.07000000029802322
v 0.032335784286260605 0.01339392364025116 -0.07000000029802322
v 0.03086724504828453 0.016498887911438942 -0.07000000029802322
v 0.02910143882036209 0.019444961100816727 -0.07000000029802322
v 0.027055364102125168 0.02220376953482628 -0.07000000029802322
v 0.02474873699247837 0.02474874071776867 -0.07000000029802322
v 0.02220376580953598 0.027055367827415466 -0.07000000029802322
v 0.019444957375526428 0.02910143882036209 -0.07000000029802322
v 0.016498884186148643 0.03086724504828453 -0.07000000029802322
v 0.013393919914960861 0.032335784286260605 -0.07000000774860382
v 0.010159961879253387 0.03349291533231735 -0.07000000774860382
v 0.0068281590938568115 0.03432748466730118 -0.07000000774860382
v 0.003430597949773073 0.034831468015909195 -0.07000000774860382
v -2.060133619252724e-09 0.03500000014901161 -0.07000000774860382
v -0.003430602140724659 0.034831468015909195 -0.07000000774860382
v -0.006828163750469685 0.03432748466730118 -0.07000000774860382
v -0.010159965604543686 0.03349291533231735 -0.07000000774860382
v -0.01339392364025116 0.032335784286260605 -0.07000000774860382
v -0.016498887911438942 0.03086724504828453 -0.07000000029802322
v -0.019444961100816727 0.02910143882036209 -0.07000000029802322
v -0.02220376953482628 0.027055364102125168 -0.07000000029802322
v -0.02474874071776867 0.02474873699247837 -0.07000000029802322
v -0.027055367827415466 0.02220376580953598 -0.07000000029802322
v -0.02910143882036209 0.019444957375526428 -0.07000000029802322
v -0.03086724504828453 0.016498884186148643 -0.07000000029802322
v -0.032335784286260605 0.013393919914960861 -0.07000000029802322
v -0.03349291533231735 0.010159961879253387 -0.07000000029802322
v -0.03432748466730118 0.0068281590938568115 -0.07000000029802322
v -0.034831468015909195 0.003430597949773073 -0.07000000029802322
v -0.04000000283122063 -2.3544384220031134e-09 -0.07000000029802322
v -0.03980739042162895 -0.003920688293874264 -0.07000000029802322
v -0.03923141211271286 -0.007803615648299456 -0.07000000029802322
v -0.03827761486172676 -0.011611388996243477 -0.07000000029802322
v -0.036955177783966064 -0.015307341702282429 -0.07000000029802322
v -0.03527684509754181 -0.018855871632695198 -0.07000000029802322
v -0.03325878456234932 -0.022222811356186867 -0.07000000029802322
v -0.030920417979359627 -0.025375735014677048 -0.07000000029802322
v -0.02828427031636238 -0.02828427404165268 -0.07000000029802322
v -0.02537573128938675 -0.030920421704649925 -0.07000000029802322
v -0.02222280763089657 -0.033258792012929916 -0.06999999284744263
v -0.0188558679074049 -0.035276852548122406 -0.06999999284744263
v -0.01530733797699213 -0.03695518523454666 -0.06999999284744263
v -0.011611385270953178 -0.03827761486172676 -0.06999999284744263
v -0.007803610526025295 -0.03923141211271286 -0.06999999284744263
v -0.003920683637261391 -0.03980739042162895 -0.06999999284744263
v 2.3544384220031134e-09 -0.04000000283122063 -0.06999999284744263
v 0.003920688293874264 -0.03980739042162895 -0.06999999284744263
v 0.007803615648299456 -0.03923141211271286 -0.06999999284744263
v 0.011611388996243477 -0.03827761486172676 -0.06999999284744263
v 0.015307341702282429 -0.036955177783966064 -0.06999999284744263
v 0.018855871632695198 -0.03527684509754181 -0.06999999284744263
v 0.022222811356186867 -0.03325878456234932 -0.06999999284744263
v 0.025375735014677048 -0.030920417979359627 -0.07000000029802322
v 0.02828427404165268 -0.02828427031636238 -0.07000000029802322
v 0.030920421704649925 -0.02537573128938675 -0.07000000029802322
v 0.033258792012929916 -0.02222280763089657 -0.07000000029802322
v 0.035276852548122406 -0.0188558679074049 -0.07000000029802322
v 0.03695518523454666 -0.01530733797699213 -0.07000000029802322
v 0.03827761486172676 -0.011611385270953178 -0.07000000029802322
v 0.03923141211271286 -0.007803610526025295 -0.07000000029802322
v 0.03980739042162895 -0.003920683637261391 -0.07000000029802322
v 0.04000000283122063 2.3544384220031134e-09 -0.07000000029802322
v 0.03980739042162895 0.003920688293874264 -0.07000000029802322
v 0.03923141211271286 0.007803615648299456 -0.07000000029802322
v 0.03827761486172676 0.011611388996243477 -0.07000000029802322
v 0.036955177783966064 0.015307341702282429 -0.07000000029802322
v 0.03527684509754181 0.018855871632695198 -0.07000000029802322
v 0.03325878456234932 0.022222811356186867 -0.07000000029802322
v 0.030920417979359627 0.025375735014677048 -0.07000000029802322
v 0.02828427031636238 0.02828427404165268 -0.07000000029802322
v 0.02537573128938675 0.030920421704649925 -0.07000000029802322
v 0.02222280763089657 0.033258792012929916 -0.07000000774860382
v 0.0188558679074049 0.035276852548122406 -0.07000000774860382
v 0.01530733797699213 0.03695518523454666 -0.07000000774860382
v 0.011611385270953178 0.03827761486172676 -0.07000000774860382
v 0.007803610526025295 0.03923141211271286 -0.07000000774860382
v 0.003920683637261391 0.03980739042162895 -0.07000000774860382
v -2.3544384220031134e-09 0.04000000283122063 -0.07000000774860382
v -0.003920688293874264 0.03980739042162895 -0.07000000774860382
v -0.007803615648299456 0.03923141211271286 -0.07000000774860382
v -0.011611388996243477 0.03827761486172676 -0.07000000774860382
v -0.015307341702282429 0.036955177783966064 -0.07000000774860382
v -0.018855871632695198 0.03527684509754181 -0.07000000774860382
v -0.022222811356186867 0.03325878456234932 -0.07000000774860382
v -0.025375735014677048 0.030920417979359627 -0.07000000029802322
v -0.02828427404165268 0.02828427031636238 -0.07000000029802322
v -0.030920421704649925 0.02537573128938675 -0.07000000029802322
v -0.033258792012929916 0.02222280763089657 -0.07000000029802322
v -0.035276852548122406 0.0188558679074049 -0.07000000029802322
v -0.03695518523454666 0.01530733797699213 -0.07000000029802322
v -0.03827761486172676 0.011611385270953178 -0.07000000029802322
v -0.03923141211271286 0.007803610526025295 -0.07000000029802322
v -0.03980739042162895 0.003920683637261391 -0.07000000029802322
v -0.03500000014901161 -8.680408614125668e-10 -0.06000000238418579
v -0.034831468015909195 -0.0034306009765714407 -0.06000000238418579
v -0.03432748466730118 -0.00682816281914711 -0.06000000238418579
v -0.03349291533231735 -0.010159964673221111 -0.06000000238418579
v -0.032335784286260605 -0.013393922708928585 -0.06000000238418579
v -0.03086724504828453 -0.016498886048793793 -0.06000000238418579
v -0.02910143882036209 -0.019444959238171577 -0.06000000238418579
v -0.027055364102125168 -0.02220376767218113 -0.05999999865889549
v -0.02474873699247837 -0.02474873885512352 -0.05999999865889549
v -0.02220376580953598 -0.027055365964770317 -0.05999999865889549
v -0.019444957375526428 -0.029101436957716942 -0.05999999865889549
v -0.016498884186148643 -0.03086724318563938 -0.05999999865889549
v -0.013393919914960861 -0.032335784286260605 -0.05999999865889549
v -0.010159961879253387 -0.03349291533231735 -0.05999999865889549
v -0.0068281590938568115 -0.03432748466730118 -0.05999999865889549
v -0.003430597949773073 -0.034831468015909195 -0.05999999865889549
v 2.0601331751635144e-09 -0.03500000014901161 -0.05999999865889549
v 0.003430602140724659 -0.034831468015909195 -0.05999999865889549
v 0.006828163750469685 -0.03432748466730118 -0.05999999865889549
v 0.010159965604543686 -0.03349291533231735 -0.05999999865889549
v 0.01339392364025116 -0.032335784286260605 -0.05999999865889549
v 0.016498887911438942 -0.03086724318563938 -0.05999999865889549
v 0.019444961100816727 -0.029101436957716942 -0.05999999865889549
v 0.02220376953482628 -0.02705536223948002 -0.05999999865889549
v 0.02474874071776867 -0.02474873512983322 -0.05999999865889549
v 0.027055367827415466 -0.02220376394689083 -0.05999999865889549
v 0.02910143882036209 -0.01944495551288128 -0.06000000238418579
v 0.03086724504828453 -0.016498882323503494 -0.06000000238418579
v 0.032335784286260605 -0.013393918983638287 -0.06000000238418579
v 0.03349291533231735 -0.010159960947930813 -0.06000000238418579
v 0.03432748466730118 -0.006828158162534237 -0.06000000238418579
v 0.034831468015909195 -0.003430596785619855 -0.06000000238418579
v 0.03500000014901161 3.2522260440259743e-09 -0.06000000238418579
v 0.034831468015909195 0.003430603537708521 -0.06000000238418579
v 0.03432748466730118 0.006828164681792259 -0.06000000238418579
v 0.03349291533231735 0.01015996653586626 -0.06000000238418579
v 0.032335784286260605 0.013393924571573734 -0.06000000238418579
v 0.03086724504828453 0.01649889163672924 -0.06000000238418579
v 0.02910143882036209 0.019444962963461876 -0.06000000238418579
v 0.027055364102125168 0.022203771397471428 -0.06000000610947609
v 0.02474873699247837 0.02474874258041382 -0.06000000610947609
v 0.02220376580953598 0.027055369690060616 -0.06000000610947609
v 0.019444957375526428 0.02910144068300724 -0.06000000610947609
v 0.016498884186148643 0.03086724691092968 -0.06000000610947609
v 0.013393919914960861 0.032335784286260605 -0.06000000610947609
v 0.010159961879253387 0.03349291533231735 -0.06000000610947609
v 0.0068281590938568115 0.03432748466730118 -0.06000000610947609
v 0.003430597949773073 0.034831468015909195 -0.06000000610947609
v -2.060134063341934e-09 0.03500000014901161 -0.06000000610947609
v -0.003430602140724659 0.034831468015909195 -0.06000000610947609
v -0.006828163750469685 0.03432748466730118 -0.06000000610947609
v -0.010159965604543686 0.03349291533231735 -0.06000000610947609
v -0.01339392364025116 0.032335784286260605 -0.06000000610947609
v -0.016498887911438942 0.03086724691092968 -0.06000000610947609
v -0.019444961100816727 0.02910144068300724 -0.06000000610947609
v -0.02220376953482628 0.027055365964770317 -0.06000000610947609
v -0.02474874071776867 0.02474873885512352 -0.06000000610947609
v -0.027055367827415466 0.02220376767218113 -0.06000000610947609
v -0.02910143882036209 0.019444959238171577 -0.06000000238418579
v -0.03086724504828453 0.016498886048793793 -0.06000000238418579
v -0.032335784286260605 0.013393920846283436 -0.06000000238418579
v -0.03349291533231735 0.010159962810575962 -0.06000000238418579
v -0.03432748466730118 0.006828160025179386 -0.06000000238418579
v -0.034831468015909195 0.0034305991139262915 -0.06000000238418579
v -0.04000000283122063 -1.162345442118351e-09 -0.06000000238418579
v -0.03980739042162895 -0.003920686896890402 -0.06000000238418579
v -0.03923141211271286 -0.007803614716976881 -0.06000000238418579
v -0.03827761486172676 -0.011611388064920902 -0.06000000238418579
v -0.036955177783966064 -0.015307340770959854 -0.06000000238418579
v -0.03527684509754181 -0.01885586977005005 -0.06000000238418579
v -0.03325878456234932 -0.022222809493541718 -0.05999999865889549
v -0.030920417979359627 -0.0253757331520319 -0.05999999865889549
v -0.02828427031636238 -0.02828427217900753 -0.05999999865889549
v -0.02537573128938675 -0.030920419842004776 -0.05999999865889549
v -0.02222280763089657 -0.033258792012929916 -0.05999999865889549
v -0.0188558679074049 -0.035276852548122406 -0.05999999865889549
v -0.01530733797699213 -0.03695518523454666 -0.05999999865889549
v -0.011611385270953178 -0.03827761486172676 -0.05999999865889549
v -0.007803610526025295 -0.03923141211271286 -0.05999999865889549
v -0.003920683637261391 -0.03980739042162895 -0.05999999865889549
v 2.3544379779139035e-09 -0.04000000283122063 -0.05999999865889549
v 0.003920688293874264 -0.03980739042162895 -0.05999999865889549
v 0.007803615648299456 -0.03923141211271286 -0.05999999865889549
v 0.011611388996243477 -0.03827761486172676 -0.05999999865889549
v 0.015307341702282429 -0.036955177783966064 -0.05999999865889549
v 0.018855871632695198 -0.03527684509754181 -0.05999999865889549
v 0.022222811356186867 -0.03325878456234932 -0.05999999865889549
v 0.025375735014677048 -0.030920416116714478 -0.05999999865889549
v 0.02828427404165268 -0.028284268453717232 -0.05999999865889549
v 0.030920421704649925 -0.0253757294267416 -0.05999999865889549
v 0.033258792012929916 -0.02222280576825142 -0.05999999865889549
v 0.035276852548122406 -0.01885586604475975 -0.06000000238418579
v 0.03695518523454666 -0.015307337045669556 -0.06000000238418579
v 0.03827761486172676 -0.011611384339630604 -0.06000000238418579
v 0.03923141211271286 -0.007803609594702721 -0.06000000238418579
v 0.03980739042162895 -0.003920682705938816 -0.06000000238418579
v 0.04000000283122063 3.5465312908655733e-09 -0.06000000238418579
v 0.03980739042162895 0.003920689225196838 -0.06000000238418579
v 0.03923141211271286 0.00780361657962203 -0.06000000238418579
v 0.03827761486172676 0.011611389927566051 -0.06000000238418579
v 0.036955177783966064 0.015307342633605003 -0.06000000238418579
v 0.03527684509754181 0.018855873495340347 -0.06000000238418579
v 0.03325878456234932 0.022222813218832016 -0.06000000610947609
v 0.030920417979359627 0.025375736877322197 -0.06000000610947609
v 0.02828427031636238 0.02828427590429783 -0.06000000610947609
v 0.02537573128938675 0.030920423567295074 -0.06000000610947609
v 0.02222280763089657 0.033258792012929916 -0.06000000610947609
v 0.0188558679074049 0.035276852548122406 -0.06000000610947609
v 0.01530733797699213 0.03695518523454666 -0.06000000610947609
v 0.011611385270953178 0.03827761486172676 -0.06000000610947609
v 0.007803610526025295 0.03923141211271286 -0.06000000610947609
v 0.003920683637261391 0.03980739042162895 -0.06000000610947609
v -2.3544388660923232e-09 0.04000000283122063 -0.06000000610947609
v -0.003920688293874264 0.03980739042162895 -0.06000000610947609
v -0.007803615648299456 0.03923141211271286 -0.06000000610947609
v -0.011611388996243477 0.03827761486172676 -0.06000000610947609
v -0.015307341702282429 0.036955177783966064 -0.06000000610947609
v -0.018855871632695198 0.03527684509754181 -0.06000000610947609
v -0.022222811356186867 0.03325878456234932 -0.06000000610947609
v -0.025375735014677048 0.030920419842004776 -0.06000000610947609
v -0.02828427404165268 0.02828427217900753 -0.06000000610947609
v -0.030920421704649925 0.0253757331520319 -0.06000000610947609
v -0.033258792012929916 0.022222809493541718 -0.06000000610947609
v -0.035276852548122406 0.01885586977005005 -0.06000000238418579
v -0.03695518523454666 0.015307338908314705 -0.06000000238418579
v -0.03827761486172676 0.011611386202275753 -0.06000000238418579
v -0.03923141211271286 0.00780361145734787 -0.06000000238418579
v -0.03980739042162895 0.003920685034245253 -0.06000000238418579
v -0.03500000014901161 6.284515130516866e-09 2.895131828391235e-23
v -0.034831468015909195 -0.003430593991652131 2.881191394018531e-23
v -0.03432748466730118 -0.0068281558342278 2.8395026195324974e-23
v -0.03349291533231735 -0.010159957222640514 2.7704687706278825e-23
v -0.032335784286260605 -0.013393915258347988 2.674753121553796e-23
v -0.03086724504828453 -0.016498880460858345 2.553278166252804e-23
v -0.02910143882036209 -0.01944495365023613 2.407214258763892e-23
v -0.027055364102125168 -0.022203762084245682 2.2379669914479827e-23
v -0.02474873699247837 -0.024748733267188072 2.04716725534053e-23
v -0.02220376580953598 -0.02705536037683487 1.836651991945432e-23
v -0.019444957375526428 -0.029101429507136345 1.6084488893334683e-23
v -0.016498884186148643 -0.030867235735058784 1.3647555562144038e-23
v -0.013393919914960861 -0.03233577683568001 7.629394893626795e-09
v -0.010159961879253387 -0.033492907881736755 7.629394893626795e-09
v -0.0068281590938568115 -0.03432747721672058 7.629394893626795e-09
v -0.003430597949773073 -0.0348314605653286 7.629394893626795e-09
v 2.0601320649404897e-09 -0.034999992698431015 7.629394893626795e-09
v 0.003430602140724659 -0.0348314605653286 7.629394893626795e-09
v 0.006828163750469685 -0.03432747721672058 7.629394893626795e-09
v 0.010159965604543686 -0.033492907881736755 7.629394893626795e-09
v 0.01339392364025116 -0.03233577683568001 7.629394893626795e-09
v 0.016498887911438942 -0.030867235735058784 -1.364756187303128e-23
v 0.019444961100816727 -0.029101429507136345 -1.6084495204221925e-23
v 0.02220376953482628 -0.02705535665154457 -1.8366526230341562e-23
v 0.02474874071776867 -0.024748729541897774 -2.0471678864292543e-23
v 0.027055367827415466 -0.022203756496310234 -2.237967622536707e-23
v 0.02910143882036209 -0.01944494992494583 -2.407214574308254e-23
v 0.03086724504828453 -0.016498876735568047 -2.5532784817971662e-23
v 0.032335784286260605 -0.013393910601735115 -2.674753121553796e-23
v 0.03349291533231735 -0.010159953497350216 -2.7704687706278825e-23
v 0.03432748466730118 -0.006828151177614927 -2.8395026195324974e-23
v 0.034831468015909195 -0.0034305895678699017 -2.881191394018531e-23
v 0.03500000014901161 1.0404782813111524e-08 -2.895131828391235e-23
v 0.034831468015909195 0.0034306105226278305 -2.881191394018531e-23
v 0.03432748466730118 0.006828172132372856 -2.8395026195324974e-23
v 0.03349291533231735 0.010159974917769432 -2.7704687706278825e-23
v 0.032335784286260605 0.013393932022154331 -2.674753121553796e-23
v 0.03086724504828453 0.016498897224664688 -2.553278166252804e-23
v 0.02910143882036209 0.019444968551397324 -2.407214258763892e-23
v 0.027055364102125168 0.022203776985406876 -2.2379669914479827e-23
v 0.02474873699247837 0.024748748168349266 -2.04716725534053e-23
v 0.02220376580953598 0.027055375277996063 -1.836651991945432e-23
v 0.019444957375526428 0.029101446270942688 -1.6084488893334683e-23
v 0.016498884186148643 0.030867252498865128 -1.3647555562144038e-23
v 0.013393919914960861 0.0323357917368412 -7.629394893626795e-09
v 0.010159961879253387 0.03349292278289795 -7.629394893626795e-09
v 0.0068281590938568115 0.034327492117881775 -7.629394893626795e-09
v 0.003430597949773073 0.03483147546648979 -7.629394893626795e-09
v -2.0601353956095636e-09 0.03500000759959221 -7.629394893626795e-09
v -0.003430602140724659 0.03483147546648979 -7.629394893626795e-09
v -0.006828163750469685 0.034327492117881775 -7.629394893626795e-09
v -0.010159965604543686 0.03349292278289795 -7.629394893626795e-09
v -0.01339392364025116 0.0323357917368412 -7.629394893626795e-09
v -0.016498887911438942 0.030867252498865128 1.364756187303128e-23
v -0.019444961100816727 0.029101446270942688 1.6084495204221925e-23
v -0.02220376953482628 0.027055371552705765 1.8366526230341562e-23
v -0.02474874071776867 0.024748744443058968 2.0471678864292543e-23
v -0.027055367827415466 0.022203773260116577 2.237967622536707e-23
v -0.02910143882036209 0.019444964826107025 2.407214574308254e-23
v -0.03086724504828453 0.01649889349937439 2.5532784817971662e-23
v -0.032335784286260605 0.013393928296864033 2.674753121553796e-23
v -0.03349291533231735 0.010159971192479134 2.7704687706278825e-23
v -0.03432748466730118 0.006828167475759983 2.8395026195324974e-23
v -0.034831468015909195 0.0034306063316762447 2.881191394018531e-23
v -0.04000000283122063 5.990210549811081e-09 3.3087221346677486e-23
v -0.03980739042162895 -0.003920679911971092 3.292789984281543e-23
v -0.03923141211271286 -0.007803607266396284 3.245146256594177e-23
v -0.03827761486172676 -0.011611380614340305 3.166250068652489e-23
v -0.036955177783966064 -0.015307332389056683 3.0568606201916636e-23
v -0.03527684509754181 -0.0188558641821146 2.9180321449254387e-23
v -0.03325878456234932 -0.02222280390560627 2.7511019198603445e-23
v -0.030920417979359627 -0.02537572756409645 2.5576766968881354e-23
v -0.02828427031636238 -0.028284266591072083 2.3396197654669433e-23
v -0.02537573128938675 -0.03092041425406933 2.0990310733264666e-23
v -0.02222280763089657 -0.03325878456234932 7.629394893626795e-09
v -0.0188558679074049 -0.03527684509754181 7.629394893626795e-09
v -0.01530733797699213 -0.036955177783966064 7.629394893626795e-09
v -0.011611385270953178 -0.038277607411146164 7.629394893626795e-09
v -0.007803610526025295 -0.03923140466213226 7.629394893626795e-09
v -0.003920683637261391 -0.039807382971048355 7.629394893626795e-09
v 2.354436645646274e-09 -0.03999999538064003 7.629394893626795e-09
v 0.003920688293874264 -0.039807382971048355 7.629394893626795e-09
v 0.007803615648299456 -0.03923140466213226 7.629394893626795e-09
v 0.011611388996243477 -0.038277607411146164 7.629394893626795e-09
v 0.015307341702282429 -0.03695517033338547 7.629394893626795e-09
v 0.018855871632695198 -0.03527683764696121 7.629394893626795e-09
v 0.022222811356186867 -0.03325877711176872 7.629394893626795e-09
v 0.025375735014677048 -0.03092041052877903 -2.0990317044151908e-23
v 0.02828427404165268 -0.028284262865781784 -2.3396203965556675e-23
v 0.030920421704649925 -0.025375723838806152 -2.5576773279768596e-23
v 0.033258792012929916 -0.02222280018031597 -2.7511022354047066e-23
v 0.035276852548122406 -0.018855860456824303 -2.918032460469801e-23
v 0.03695518523454666 -0.015307328663766384 -3.056861251280388e-23
v 0.03827761486172676 -0.011611375957727432 -3.166250068652489e-23
v 0.03923141211271286 -0.007803602609783411 -3.245146256594177e-23
v 0.03980739042162895 -0.003920675255358219 -3.292789984281543e-23
v 0.04000000283122063 1.0699086949728098e-08 -3.3087221346677486e-23
v 0.03980739042162895 0.003920696675777435 -3.292789984281543e-23
v 0.03923141211271286 0.00780362356454134 -3.245146256594177e-23
v 0.03827761486172676 0.011611397378146648 -3.166250068652489e-23
v 0.036955177783966064 0.0153073500841856 -3.0568606201916636e-23
v 0.03527684509754181 0.018855879083275795 -2.9180321449254387e-23
v 0.03325878456234932 0.022222818806767464 -2.7511019198603445e-23
v 0.030920417979359627 0.025375742465257645 -2.5576766968881354e-23
v 0.02828427031636238 0.028284281492233276 -2.3396197654669433e-23
v 0.02537573128938675 0.030920429155230522 -2.0990310733264666e-23
v 0.02222280763089657 0.03325879946351051 -7.629394893626795e-09
v 0.0188558679074049 0.035276859998703 -7.629394893626795e-09
v 0.01530733797699213 0.03695519268512726 -7.629394893626795e-09
v 0.011611385270953178 0.03827762231230736 -7.629394893626795e-09
v 0.007803610526025295 0.03923141956329346 -7.629394893626795e-09
v 0.003920683637261391 0.03980739787220955 -7.629394893626795e-09
v -2.354439976315348e-09 0.040000010281801224 -7.629394893626795e-09
v -0.003920688293874264 0.03980739787220955 -7.629394893626795e-09
v -0.007803615648299456 0.03923141956329346 -7.629394893626795e-09
v -0.011611388996243477 0.03827762231230736 -7.629394893626795e-09
v -0.015307341702282429 0.03695518523454666 -7.629394893626795e-09
v -0.018855871632695198 0.035276852548122406 -7.629394893626795e-09
v -0.022222811356186867 0.033258792012929916 -7.629394893626795e-09
v -0.025375735014677048 0.030920425429940224 2.0990317044151908e-23
v -0.02828427404165268 0.028284277766942978 2.3396203965556675e-23
v -0.030920421704649925 0.025375738739967346 2.5576773279768596e-23
v -0.033258792012929916 0.022222815081477165 2.7511022354047066e-23
v -0.035276852548122406 0.018855875357985497 2.918032460469801e-23
v -0.03695518523454666 0.015307346358895302 3.056861251280388e-23
v -0.03827761486172676 0.01161139365285635 3.166250068652489e-23
v -0.03923141211271286 0.007803618907928467 3.245146256594177e-23
v -0.03980739042162895 0.003920692019164562 3.292789984281543e-23
v -0.03500000014901161 7.47660777733472e-09 0.010000000707805157
v -0.034831468015909195 -0.003430592594668269 0.010000000707805157
v -0.03432748466730118 -0.0068281544372439384 0.010000000707805157
v -0.03349291533231735 -0.01015995629131794 0.010000000707805157
v -0.032335784286260605 -0.013393914327025414 0.010000000707805157
v -0.03086724504828453 -0.016498878598213196 0.010000000707805157
v -0.02910143882036209 -0.01944495178759098 0.010000000707805157
v -0.027055364102125168 -0.022203760221600533 0.010000000707805157
v -0.02474873699247837 -0.024748731404542923 0.010000000707805157
v -0.02220376580953598 -0.02705535851418972 0.010000000707805157
v -0.019444957375526428 -0.029101427644491196 0.010000000707805157
v -0.016498884186148643 -0.030867233872413635 0.010000000707805157
v -0.013393919914960861 -0.03233577683568001 0.010000008158385754
v -0.010159961879253387 -0.033492907881736755 0.010000008158385754
v -0.0068281590938568115 -0.03432747721672058 0.010000008158385754
v -0.003430597949773073 -0.0348314605653286 0.010000008158385754
v 2.0601320649404897e-09 -0.034999992698431015 0.010000008158385754
v 0.003430602140724659 -0.0348314605653286 0.010000008158385754
v 0.006828163750469685 -0.03432747721672058 0.010000008158385754
v 0.010159965604543686 -0.033492907881736755 0.010000008158385754
v 0.01339392364025116 -0.03233577683568001 0.010000008158385754
v 0.016498887911438942 -0.030867233872413635 0.010000000707805157
v 0.019444961100816727 -0.029101427644491196 0.010000000707805157
v 0.02220376953482628 -0.02705535478889942 0.010000000707805157
v 0.02474874071776867 -0.024748727679252625 0.010000000707805157
v 0.027055367827415466 -0.022203754633665085 0.010000000707805157
v 0.02910143882036209 -0.019444948062300682 0.010000000707805157
v 0.03086724504828453 -0.016498874872922897 0.010000000707805157
v 0.032335784286260605 -0.01339390967041254 0.010000000707805157
v 0.03349291533231735 -0.010159952566027641 0.010000000707805157
v 0.03432748466730118 -0.006828149780631065 0.010000000707805157
v 0.034831468015909195 -0.0034305884037166834 0.010000000707805157
v 0.03500000014901161 1.1596875459929379e-08 0.010000000707805157
v 0.034831468015909195 0.0034306116867810488 0.010000000707805157
v 0.03432748466730118 0.006828173529356718 0.010000000707805157
v 0.03349291533231735 0.010159975849092007 0.010000000707805157
v 0.032335784286260605 0.013393932953476906 0.010000000707805157
v 0.03086724504828453 0.016498899087309837 0.010000000707805157
v 0.02910143882036209 0.019444970414042473 0.010000000707805157
v 0.027055364102125168 0.022203778848052025 0.010000000707805157
v 0.02474873699247837 0.024748750030994415 0.010000000707805157
v 0.02220376580953598 0.027055377140641212 0.010000000707805157
v 0.019444957375526428 0.029101448133587837 0.010000000707805157
v 0.016498884186148643 0.030867254361510277 0.010000000707805157
v 0.013393919914960861 0.0323357917368412 0.00999999325722456
v 0.010159961879253387 0.03349292278289795 0.00999999325722456
v 0.0068281590938568115 0.034327492117881775 0.00999999325722456
v 0.003430597949773073 0.03483147546648979 0.00999999325722456
v -2.0601353956095636e-09 0.03500000759959221 0.00999999325722456
v -0.003430602140724659 0.03483147546648979 0.00999999325722456
v -0.006828163750469685 0.034327492117881775 0.00999999325722456
v -0.010159965604543686 0.03349292278289795 0.00999999325722456
v -0.01339392364025116 0.0323357917368412 0.00999999325722456
v -0.016498887911438942 0.030867254361510277 0.010000000707805157
v -0.019444961100816727 0.029101448133587837 0.010000000707805157
v -0.02220376953482628 0.027055373415350914 0.010000000707805157
v -0.02474874071776867 0.024748746305704117 0.010000000707805157
v -0.027055367827415466 0.022203775122761726 0.010000000707805157
v -0.02910143882036209 0.019444966688752174 0.010000000707805157
v -0.03086724504828453 0.01649889536201954 0.010000000707805157
v -0.032335784286260605 0.013393929228186607 0.010000000707805157
v -0.03349291533231735 0.010159972123801708 0.010000000707805157
v -0.03432748466730118 0.006828168872743845 0.010000000707805157
v -0.034831468015909195 0.003430607495829463 0.010000000707805157
v -0.04000000283122063 7.182303640718146e-09 0.010000000707805157
v -0.03980739042162895 -0.00392067851498723 0.010000000707805157
v -0.03923141211271286 -0.007803605869412422 0.010000000707805157
v -0.03827761486172676 -0.01161137968301773 0.010000000707805157
v -0.036955177783966064 -0.015307331457734108 0.010000000707805157
v -0.03527684509754181 -0.018855862319469452 0.010000000707805157
v -0.03325878456234932 -0.02222280204296112 0.010000000707805157
v -0.030920417979359627 -0.0253757257014513 0.010000000707805157
v -0.02828427031636238 -0.028284264728426933 0.010000000707805157
v -0.02537573128938675 -0.03092041239142418 0.010000000707805157
v -0.02222280763089657 -0.03325878456234932 0.010000008158385754
v -0.0188558679074049 -0.03527684509754181 0.010000008158385754
v -0.01530733797699213 -0.036955177783966064 0.010000008158385754
v -0.011611385270953178 -0.038277607411146164 0.010000008158385754
v -0.007803610526025295 -0.03923140466213226 0.010000008158385754
v -0.003920683637261391 -0.039807382971048355 0.010000008158385754
v 2.354436645646274e-09 -0.03999999538064003 0.010000008158385754
v 0.003920688293874264 -0.039807382971048355 0.010000008158385754
v 0.007803615648299456 -0.03923140466213226 0.010000008158385754
v 0.011611388996243477 -0.038277607411146164 0.010000008158385754
v 0.015307341702282429 -0.03695517033338547 0.010000008158385754
v 0.018855871632695198 -0.03527683764696121 0.010000008158385754
v 0.022222811356186867 -0.03325877711176872 0.010000008158385754
v 0.025375735014677048 -0.03092040866613388 0.010000000707805157
v 0.02828427404165268 -0.028284261003136635 0.010000000707805157
v 0.030920421704649925 -0.025375721976161003 0.010000000707805157
v 0.033258792012929916 -0.022222798317670822 0.010000000707805157
v 0.035276852548122406 -0.018855858594179153 0.010000000707805157
v 0.03695518523454666 -0.01530732773244381 0.010000000707805157
v 0.03827761486172676 -0.011611375026404858 0.010000000707805157
v 0.03923141211271286 -0.007803601212799549 0.010000000707805157
v 0.03980739042162895 -0.0039206743240356445 0.010000000707805157
v 0.04000000283122063 1.1891179596545953e-08 0.010000000707805157
v 0.03980739042162895 0.00392069760710001 0.010000000707805157
v 0.03923141211271286 0.007803624961525202 0.010000000707805157
v 0.03827761486172676 0.011611398309469223 0.010000000707805157
v 0.036955177783966064 0.015307351015508175 0.010000000707805157
v 0.03527684509754181 0.018855880945920944 0.010000000707805157
v 0.03325878456234932 0.022222820669412613 0.010000000707805157
v 0.030920417979359627 0.025375744327902794 0.010000000707805157
v 0.02828427031636238 0.028284283354878426 0.010000000707805157
v 0.02537573128938675 0.03092043101787567 0.010000000707805157
v 0.02222280763089657 0.03325879946351051 0.00999999325722456
v 0.0188558679074049 0.035276859998703 0.00999999325722456
v 0.01530733797699213 0.03695519268512726 0.00999999325722456
v 0.011611385270953178 0.03827762231230736 0.00999999325722456
v 0.007803610526025295 0.03923141956329346 0.00999999325722456
v 0.003920683637261391 0.03980739787220955 0.00999999325722456
v -2.354439976315348e-09 0.040000010281801224 0.00999999325722456
v -0.003920688293874264 0.03980739787220955 0.00999999325722456
v -0.007803615648299456 0.03923141956329346 0.00999999325722456
v -0.011611388996243477 0.03827762231230736 0.00999999325722456
v -0.015307341702282429 0.03695518523454666 0.00999999325722456
v -0.018855871632695198 0.035276852548122406 0.00999999325722456
v -0.022222811356186867 0.033258792012929916 0.00999999325722456
v -0.025375735014677048 0.030920427292585373 0.010000000707805157
v -0.02828427404165268 0.028284279629588127 0.010000000707805157
v -0.030920421704649925 0.025375740602612495 0.010000000707805157
v -0.033258792012929916 0.022222816944122314 0.010000000707805157
v -0.035276852548122406 0.018855877220630646 0.010000000707805157
v -0.03695518523454666 0.015307347290217876 0.010000000707805157
v -0.03827761486172676 0.011611394584178925 0.010000000707805157
v -0.03923141211271286 0.007803620304912329 0.010000000707805157
v -0.03980739042162895 0.003920693416148424 0.010000000707805157
v -0.029850568622350693 -0.002940017729997635 2.469180860590813e-23
v -0.02999499998986721 6.57911458645799e-09 2.481128159000385e-23
v -0.02941865473985672 -0.005851727910339832 2.4334539812820775e-23
v -0.02870342507958412 -0.008707081899046898 2.374291464428855e-23
v -0.027711762115359306 -0.011478584259748459 2.2922631831490776e-23
v -0.026453226804733276 -0.014139539562165737 2.1881594182975953e-23
v -0.02493993379175663 -0.016664324328303337 2.062982496540582e-23
v -0.023186448961496353 -0.019028622657060623 1.9179377973412155e-23
v -0.02120966836810112 -0.021209660917520523 1.754422393362642e-23
v -0.01902862638235092 -0.023186441510915756 1.574010850971683e-23
v -0.016664328053593636 -0.024939926341176033 1.378440715198178e-23
v -0.01413954421877861 -0.02645321935415268 1.1695954703394326e-23
v -0.011478588916361332 -0.027711758390069008 9.494863961593986e-24
v -0.008707086555659771 -0.028703421354293823 7.202331619104047e-24
v -0.005851733032613993 -0.029418647289276123 4.840437892661645e-24
v -0.002940022386610508 -0.029850561171770096 2.4319276143165653e-24
v 1.7889723036290661e-09 -0.029994992539286613 -3.3530022796188364e-30
v 0.0029400261119008064 -0.029850561171770096 -2.4319343196342597e-24
v 0.0058517358265817165 -0.029418647289276123 -4.840444203548887e-24
v 0.008707091212272644 -0.028703417629003525 -7.202337929991288e-24
v 0.01147859264165163 -0.02771175466477871 -9.494869483620322e-24
v 0.014139547944068909 -0.02645321935415268 -1.1695961014281568e-23
v 0.016664331778883934 -0.024939926341176033 -1.378441346286902e-23
v 0.01902863010764122 -0.023186441510915756 -1.574011482060407e-23
v 0.02120966836810112 -0.021209660917520523 -1.7544227089070042e-23
v 0.023186448961496353 -0.019028618931770325 -1.9179381128855776e-23
v 0.02493993379175663 -0.01666432060301304 -2.0629829698571252e-23
v 0.026453226804733276 -0.014139535836875439 -2.1881597338419574e-23
v 0.027711765840649605 -0.011478579603135586 -2.2922634986934397e-23
v 0.02870342880487442 -0.0087070781737566 -2.3742917799732172e-23
v 0.02941865473985672 -0.0058517251163721085 -2.4334539812820775e-23
v 0.029850568622350693 -0.0029400140047073364 -2.469180860590813e-23
v 0.02999499998986721 1.0110183801259609e-08 -2.481128159000385e-23
v 0.029850568622350693 0.002940034493803978 -2.469180860590813e-23
v 0.02941865473985672 0.005851744208484888 -2.4334539812820775e-23
v 0.02870342507958412 0.008707099594175816 -2.374291464428855e-23
v 0.027711762115359306 0.011478601023554802 -2.2922631831490776e-23
v 0.026453226804733276 0.01413955632597208 -2.1881594182975953e-23
v 0.02493993379175663 0.01666433922946453 -2.062982496540582e-23
v 0.023186448961496353 0.019028637558221817 -1.9179377973412155e-23
v 0.02120966836810112 0.021209675818681717 -1.754422393362642e-23
v 0.01902862638235092 0.02318645641207695 -1.574010850971683e-23
v 0.016664328053593636 0.024939941242337227 -1.378440715198178e-23
v 0.01413954421877861 0.026453234255313873 -1.1695954703394326e-23
v 0.011478588916361332 0.02771177515387535 -9.494863961593986e-24
v 0.008707086555659771 0.028703438118100166 -7.202331619104047e-24
v 0.005851733032613993 0.029418662190437317 -4.840437892661645e-24
v 0.002940022386610508 0.02985057607293129 -2.4319276143165653e-24
v -1.7420966891279477e-09 0.029995007440447807 3.314228645476737e-30
v -0.0029400261119008064 0.02985057607293129 2.4319343196342597e-24
v -0.0058517358265817165 0.029418662190437317 4.840444203548887e-24
v -0.008707091212272644 0.02870343253016472 7.202337929991288e-24
v -0.01147859264165163 0.027711769565939903 9.494869483620322e-24
v -0.014139547944068909 0.026453234255313873 1.1695961014281568e-23
v -0.016664331778883934 0.024939941242337227 1.378441346286902e-23
v -0.01902863010764122 0.02318645641207695 1.574011482060407e-23
v -0.02120966836810112 0.021209675818681717 1.7544227089070042e-23
v -0.023186448961496353 0.01902863383293152 1.9179381128855776e-23
v -0.02493993379175663 0.016664335504174232 2.0629829698571252e-23
v -0.026453226804733276 0.014139552600681782 2.1881597338419574e-23
v -0.027711765840649605 0.011478597298264503 2.2922634986934397e-23
v -0.02870342880487442 0.008707095868885517 2.3742917799732172e-23
v -0.02941865473985672 0.005851740948855877 2.4334539812820775e-23
v -0.029850568622350693 0.0029400307685136795 2.469180860590813e-23
v -0.026453226804733276 -0.014139538630843163 0.010000000707805157
v -0.02120966836810112 0.021209677681326866 0.010000000707805157
v -0.027711762115359306 -0.011478583328425884 0.010000000707805157
v -0.01902863010764122 0.0231864582747221 0.010000000707805157
v -0.02870342507958412 -0.008707080967724323 0.010000000707805157
v -0.016664331778883934 0.024939943104982376 0.010000000707805157
v -0.02941865473985672 -0.00585172651335597 0.010000000707805157
v -0.014139547944068909 0.026453236117959023 0.010000000707805157
v -0.029850568622350693 -0.0029400165658444166 0.010000000707805157
v -0.01147859264165163 0.027711771428585052 0.010000000707805157
v -0.008707091212272644 0.028703436255455017 0.010000000707805157
v -0.0058517358265817165 0.029418664053082466 0.010000000707805157
v -0.0029400261119008064 0.02985057793557644 0.010000000707805157
v -1.7420964670833428e-09 0.029995009303092957 0.010000000707805157
v 0.002940022386610508 0.02985057793557644 0.010000000707805157
v 0.005851733032613993 0.029418664053082466 0.010000000707805157
v 0.008707086555659771 0.028703439980745316 0.010000000707805157
v 0.011478588916361332 0.0277117770165205 0.010000000707805157
v 0.01413954421877861 0.026453236117959023 0.010000000707805157
v 0.016664328053593636 0.024939943104982376 0.010000000707805157
v 0.01902862638235092 0.0231864582747221 0.010000000707805157
v 0.02120966836810112 0.021209677681326866 0.010000000707805157
v 0.023186448961496353 0.019028639420866966 0.010000000707805157
v 0.02493993379175663 0.01666434109210968 0.010000000707805157
v 0.026453226804733276 0.014139557257294655 0.010000000707805157
v 0.027711762115359306 0.011478601954877377 0.010000000707805157
v 0.02870342507958412 0.00870710052549839 0.010000000707805157
v 0.02941865473985672 0.00585174560546875 0.010000000707805157
v 0.029850568622350693 0.0029400356579571962 0.010000000707805157
v 0.02999499998986721 1.1302276448077464e-08 0.010000000707805157
v 0.029850568622350693 -0.002940012840554118 0.010000000707805157
v 0.02941865473985672 -0.005851723253726959 0.010000000707805157
v 0.02870342880487442 -0.008707077242434025 0.010000000707805157
v 0.027711765840649605 -0.011478578671813011 0.010000000707805157
v 0.026453226804733276 -0.014139534905552864 0.010000000707805157
v 0.02493993379175663 -0.01666431874036789 0.010000000707805157
v 0.023186448961496353 -0.019028617069125175 0.010000000707805157
v 0.02120966836810112 -0.021209659054875374 0.010000000707805157
v 0.01902863010764122 -0.023186437785625458 0.010000000707805157
v 0.016664331778883934 -0.024939922615885735 0.010000000707805157
v 0.014139547944068909 -0.02645321749150753 0.010000000707805157
v 0.01147859264165163 -0.02771175280213356 0.010000000707805157
v 0.008707091212272644 -0.028703415766358376 0.010000000707805157
v 0.0058517358265817165 -0.029418645426630974 0.010000000707805157
v 0.0029400261119008064 -0.029850559309124947 0.010000000707805157
v 1.7889723036290661e-09 -0.029994990676641464 0.010000000707805157
v -0.002940022386610508 -0.029850559309124947 0.010000000707805157
v -0.005851733032613993 -0.029418645426630974 0.010000000707805157
v -0.008707086555659771 -0.028703419491648674 0.010000000707805157
v -0.02999499998986721 7.771206789186635e-09 0.010000000707805157
v -0.011478588916361332 -0.02771175652742386 0.010000000707805157
v -0.029850568622350693 0.0029400319326668978 0.010000000707805157
v -0.01413954421877861 -0.02645321749150753 0.010000000707805157
v -0.02941865473985672 0.005851742345839739 0.010000000707805157
v -0.016664328053593636 -0.024939922615885735 0.010000000707805157
v -0.02870342880487442 0.008707096800208092 0.010000000707805157
v -0.01902862638235092 -0.023186437785625458 0.010000000707805157
v -0.027711765840649605 0.011478598229587078 0.010000000707805157
v -0.02120966836810112 -0.021209659054875374 0.010000000707805157
v -0.026453226804733276 0.014139553532004356 0.010000000707805157
v -0.02493993379175663 -0.016664322465658188 0.010000000707805157
v -0.023186448961496353 -0.019028620794415474 0.010000000707805157
v -0.023186448961496353 0.019028635695576668 0.010000000707805157
v -0.02493993379175663 0.01666433736681938 0.010000000707805157
v -0.029850568622350693 -0.002940030535683036 -0.07000000029802322
v -0.02999499998986721 -6.129548424382847e-09 -0.07000000029802322
v -0.02941865473985672 -0.005851740017533302 -0.07000000029802322
v -0.02870342507958412 -0.008707095868885517 -0.07000000029802322
v -0.027711762115359306 -0.011478597298264503 -0.07000000029802322
v -0.026453226804733276 -0.014139551669359207 -0.07000000029802322
v -0.02493993379175663 -0.016664335504174232 -0.07000000029802322
v -0.023186448961496353 -0.01902863383293152 -0.07000000029802322
v -0.02120966836810112 -0.021209673956036568 -0.07000000029802322
v -0.01902862638235092 -0.02318645268678665 -0.07000000029802322
v -0.016664328053593636 -0.02493993751704693 -0.07000000029802322
v -0.01413954421877861 -0.026453232392668724 -0.07000000029802322
v -0.011478588916361332 -0.027711771428585052 -0.07000000029802322
v -0.008707086555659771 -0.02870343253016472 -0.07000000029802322
v -0.005851733032613993 -0.02941865846514702 -0.07000000029802322
v -0.002940022386610508 -0.02985057234764099 -0.07000000029802322
v 1.808151961490978e-09 -0.029995005577802658 -0.07000000029802322
v 0.0029400261119008064 -0.02985057234764099 -0.07000000029802322
v 0.0058517358265817165 -0.02941865846514702 -0.07000000029802322
v 0.008707091212272644 -0.02870342880487442 -0.07000000029802322
v 0.01147859264165163 -0.027711767703294754 -0.07000000029802322
v 0.014139547944068909 -0.026453232392668724 -0.07000000029802322
v 0.016664331778883934 -0.02493993751704693 -0.07000000029802322
v 0.01902863010764122 -0.02318645268678665 -0.07000000029802322
v 0.02120966836810112 -0.021209673956036568 -0.07000000029802322
v 0.023186448961496353 -0.01902863010764122 -0.07000000029802322
v 0.02493993379175663 -0.016664331778883934 -0.07000000029802322
v 0.026453226804733276 -0.014139547944068909 -0.07000000029802322
v 0.027711765840649605 -0.011478593572974205 -0.07000000029802322
v 0.02870342880487442 -0.008707092143595219 -0.07000000029802322
v 0.02941865473985672 -0.0058517372235655785 -0.07000000029802322
v 0.029850568622350693 -0.0029400265775620937 -0.07000000029802322
v 0.02999499998986721 -2.598479653670438e-09 -0.07000000029802322
v 0.029850568622350693 0.0029400219209492207 -0.07000000029802322
v 0.02941865473985672 0.005851731635630131 -0.07000000029802322
v 0.02870342507958412 0.008707086555659771 -0.07000000029802322
v 0.027711762115359306 0.011478588916361332 -0.07000000029802322
v 0.026453226804733276 0.014139543287456036 -0.07000000029802322
v 0.02493993379175663 0.016664326190948486 -0.07000000029802322
v 0.023186448961496353 0.01902862638235092 -0.07000000029802322
v 0.02120966836810112 0.02120966464281082 -0.07000000029802322
v 0.01902862638235092 0.023186445236206055 -0.07000000029802322
v 0.016664328053593636 0.024939928203821182 -0.07000000029802322
v 0.01413954421877861 0.026453223079442978 -0.07000000029802322
v 0.011478588916361332 0.027711762115359306 -0.07000000029802322
v 0.008707086555659771 0.028703423216938972 -0.07000000029802322
v 0.005851733032613993 0.02941865101456642 -0.07000000029802322
v 0.002940022386610508 0.029850564897060394 -0.07000000029802322
v -1.722916587176826e-09 0.029994996264576912 -0.07000000029802322
v -0.0029400261119008064 0.029850564897060394 -0.07000000029802322
v -0.0058517358265817165 0.02941865101456642 -0.07000000029802322
v -0.008707091212272644 0.028703419491648674 -0.07000000029802322
v -0.01147859264165163 0.027711758390069008 -0.07000000029802322
v -0.014139547944068909 0.026453223079442978 -0.07000000029802322
v -0.016664331778883934 0.024939928203821182 -0.07000000029802322
v -0.01902863010764122 0.023186445236206055 -0.07000000029802322
v -0.02120966836810112 0.02120966464281082 -0.07000000029802322
v -0.023186448961496353 0.019028622657060623 -0.07000000029802322
v -0.02493993379175663 0.016664322465658188 -0.07000000029802322
v -0.026453226804733276 0.014139539562165737 -0.07000000029802322
v -0.027711765840649605 0.011478585191071033 -0.07000000029802322
v -0.02870342880487442 0.008707082830369473 -0.07000000029802322
v -0.02941865473985672 0.005851728841662407 -0.07000000029802322
v -0.029850568622350693 0.0029400179628282785 -0.07000000029802322
v -0.029850568622350693 -0.0029400293715298176 -0.06000000238418579
v -0.02999499998986721 -4.937455333475782e-09 -0.06000000238418579
v -0.02941865473985672 -0.005851739086210728 -0.06000000238418579
v -0.02870342507958412 -0.008707094937562943 -0.06000000238418579
v -0.027711762115359306 -0.011478596366941929 -0.06000000238418579
v -0.026453226804733276 -0.014139550738036633 -0.06000000238418579
v -0.02493993379175663 -0.016664333641529083 -0.06000000238418579
v -0.023186448961496353 -0.01902863197028637 -0.06000000238418579
v -0.02120966836810112 -0.02120967209339142 -0.05999999865889549
v -0.01902862638235092 -0.023186450824141502 -0.05999999865889549
v -0.016664328053593636 -0.02493993565440178 -0.05999999865889549
v -0.01413954421877861 -0.026453230530023575 -0.05999999865889549
v -0.011478588916361332 -0.027711769565939903 -0.05999999865889549
v -0.008707086555659771 -0.02870343066751957 -0.05999999865889549
v -0.005851733032613993 -0.02941865660250187 -0.05999999865889549
v -0.002940022386610508 -0.029850570484995842 -0.05999999865889549
v 1.808151739446373e-09 -0.02999500371515751 -0.05999999865889549
v 0.0029400261119008064 -0.029850570484995842 -0.05999999865889549
v 0.0058517358265817165 -0.02941865660250187 -0.05999999865889549
v 0.008707091212272644 -0.02870342694222927 -0.05999999865889549
v 0.01147859264165163 -0.027711765840649605 -0.05999999865889549
v 0.014139547944068909 -0.026453230530023575 -0.05999999865889549
v 0.016664331778883934 -0.02493993565440178 -0.05999999865889549
v 0.01902863010764122 -0.023186450824141502 -0.05999999865889549
v 0.02120966836810112 -0.02120967209339142 -0.05999999865889549
v 0.023186448961496353 -0.01902862824499607 -0.06000000238418579
v 0.02493993379175663 -0.016664329916238785 -0.06000000238418579
v 0.026453226804733276 -0.014139547012746334 -0.06000000238418579
v 0.027711765840649605 -0.01147859264165163 -0.06000000238418579
v 0.02870342880487442 -0.008707091212272644 -0.06000000238418579
v 0.02941865473985672 -0.005851736292243004 -0.06000000238418579
v 0.029850568622350693 -0.0029400254134088755 -0.06000000238418579
v 0.02999499998986721 -1.406387006852583e-09 -0.06000000238418579
v 0.029850568622350693 0.002940023085102439 -0.06000000238418579
v 0.02941865473985672 0.005851732566952705 -0.06000000238418579
v 0.02870342507958412 0.008707087486982346 -0.06000000238418579
v 0.027711762115359306 0.011478589847683907 -0.06000000238418579
v 0.026453226804733276 0.01413954421877861 -0.06000000238418579
v 0.02493993379175663 0.016664328053593636 -0.06000000238418579
v 0.023186448961496353 0.01902862824499607 -0.06000000238418579
v 0.02120966836810112 0.02120966650545597 -0.06000000610947609
v 0.01902862638235092 0.023186447098851204 -0.06000000610947609
v 0.016664328053593636 0.02493993006646633 -0.06000000610947609
v 0.01413954421877861 0.026453224942088127 -0.06000000610947609
v 0.011478588916361332 0.027711763978004456 -0.06000000610947609
v 0.008707086555659771 0.02870342507958412 -0.06000000610947609
v 0.005851733032613993 0.02941865287721157 -0.06000000610947609
v 0.002940022386610508 0.029850566759705544 -0.06000000610947609
v -1.7229170312660358e-09 0.02999499812722206 -0.06000000610947609
v -0.0029400261119008064 0.029850566759705544 -0.06000000610947609
v -0.0058517358265817165 0.02941865287721157 -0.06000000610947609
v -0.008707091212272644 0.028703421354293823 -0.06000000610947609
v -0.01147859264165163 0.027711760252714157 -0.06000000610947609
v -0.014139547944068909 0.026453224942088127 -0.06000000610947609
v -0.016664331778883934 0.02493993006646633 -0.06000000610947609
v -0.01902863010764122 0.023186447098851204 -0.06000000610947609
v -0.02120966836810112 0.02120966650545597 -0.06000000610947609
v -0.023186448961496353 0.019028624519705772 -0.06000000238418579
v -0.02493993379175663 0.016664324328303337 -0.06000000238418579
v -0.026453226804733276 0.014139540493488312 -0.06000000238418579
v -0.027711765840649605 0.011478586122393608 -0.06000000238418579
v -0.02870342880487442 0.008707083761692047 -0.06000000238418579
v -0.02941865473985672 0.0058517297729849815 -0.06000000238418579
v -0.029850568622350693 0.0029400193598121405 -0.06000000238418579
usemtl Alu
f 53 117 116 52
f 27 91 90 26
f 54 118 117 53
f 28 92 91 27
f 2 66 65 1
f 55 119 118 54
f 29 93 92 28
f 3 67 66 2
f 56 120 119 55
f 30 94 93 29
f 4 68 67 3
f 57 121 120 56
f 31 95 94 30
f 5 69 68 4
f 58 122 121 57
f 32 96 95 31
f 6 70 69 5
f 59 123 122 58
f 33 97 96 32
f 7 71 70 6
f 60 124 123 59
f 34 98 97 33
f 8 72 71 7
f 61 125 124 60
f 35 99 98 34
f 9 73 72 8
f 62 126 125 61
f 36 100 99 35
f 10 74 73 9
f 63 127 126 62
f 37 101 100 36
f 11 75 74 10
f 64 128 127 63
f 38 102 101 37
f 12 76 75 11
f 1 65 128 64
f 39 103 102 38
f 13 77 76 12
f 40 104 103 39
f 14 78 77 13
f 41 105 104 40
f 15 79 78 14
f 42 106 105 41
f 16 80 79 15
f 43 107 106 42
f 17 81 80 16
f 44 108 107 43
f 18 82 81 17
f 45 109 108 44
f 19 83 82 18
f 46 110 109 45
f 20 84 83 19
f 47 111 110 46
f 21 85 84 20
f 48 112 111 47
f 22 86 85 21
f 49 113 112 48
f 23 87 86 22
f 50 114 113 49
f 24 88 87 23
f 51 115 114 50
f 25 89 88 24
f 52 116 115 51
f 26 90 89 25
f 181 180 244 245
f 155 154 218 219
f 182 181 245 246
f 156 155 219 220
f 130 129 193 194
f 183 182 246 247
f 157 156 220 221
f 131 130 194 195
f 184 183 247 248
f 158 157 221 222
f 132 131 195 196
f 185 184 248 249
f 159 158 222 223
f 133 132 196 197
f 186 185 249 250
f 160 159 223 224
f 134 133 197 198
f 187 186 250 251
f 161 160 224 225
f 135 134 198 199
f 188 187 251 252
f 162 161 225 226
f 136 135 199 200
f 189 188 252 253
f 163 162 226 227
f 137 136 200 201
f 190 189 253 254
f 164 163 227 228
f 138 137 201 202
f 191 190 254 255
f 165 164 228 229
f 139 138 202 203
f 192 191 255 256
f 166 165 229 230
f 140 139 203 204
f 129 192 256 193
f 167 166 230 231
f 141 140 204 205
f 168 167 231 232
f 142 141 205 206
f 169 168 232 233
f 143 142 206 207
f 170 169 233 234
f 144 143 207 208
f 171 170 234 235
f 145 144 208 209
f 172 171 235 236
f 146 145 209 210
f 173 172 236 237
f 147 146 210 211
f 174 173 237 238
f 148 147 211 212
f 175 174 238 239
f 149 148 212 213
f 176 175 239 240
f 150 149 213 214
f 177 176 240 241
f 151 150 214 215
f 178 177 241 242
f 152 151 215 216
f 179 178 242 243
f 153 152 216 217
f 180 179 243 244
f 154 153 217 218
f 80 81 209 208
f 30 29 157 158
f 81 82 210 209
f 31 30 158 159
f 82 83 211 210
f 32 31 159 160
f 83 84 212 211
f 33 32 160 161
f 84 85 213 212
f 34 33 161 162
f 85 86 214 213
f 35 34 162 163
f 86 87 215 214
f 36 35 163 164
f 87 88 216 215
f 37 36 164 165
f 88 89 217 216
f 38 37 165 166
f 89 90 218 217
f 39 38 166 167
f 90 91 219 218
f 40 39 167 168
f 91 92 220 219
f 41 40 168 169
f 92 93 221 220
f 42 41 169 170
f 93 94 222 221
f 43 42 170 171
f 94 95 223 222
f 44 43 171 172
f 95 96 224 223
f 45 44 172 173
f 96 97 225 224
f 46 45 173 174
f 97 98 226 225
f 47 46 174 175
f 98 99 227 226
f 48 47 175 176
f 99 100 228 227
f 49 48 176 177
f 100 101 229 228
f 50 49 177 178
f 101 102 230 229
f 51 50 178 179
f 102 103 231 230
f 52 51 179 180
f 103 104 232 231
f 53 52 180 181
f 2 1 129 130
f 104 105 233 232
f 54 53 181 182
f 3 2 130 131
f 105 106 234 233
f 55 54 182 183
f 4 3 131 132
f 106 107 235 234
f 56 55 183 184
f 5 4 132 133
f 107 108 236 235
f 57 56 184 185
f 6 5 133 134
f 108 109 237 236
f 58 57 185 186
f 7 6 134 135
f 109 110 238 237
f 59 58 186 187
f 8 7 135 136
f 110 111 239 238
f 60 59 187 188
f 9 8 136 137
f 111 112 240 239
f 61 60 188 189
f 10 9 137 138
f 112 113 241 240
f 62 61 189 190
f 11 10 138 139
f 113 114 242 241
f 63 62 190 191
f 12 11 139 140
f 114 115 243 242
f 64 63 191 192
f 13 12 140 141
f 115 116 244 243
f 1 64 192 129
f 14 13 141 142
f 116 117 245 244
f 65 66 194 193
f 15 14 142 143
f 117 118 246 245
f 66 67 195 194
f 16 15 143 144
f 118 119 247 246
f 67 68 196 195
f 17 16 144 145
f 119 120 248 247
f 68 69 197 196
f 18 17 145 146
f 120 121 249 248
f 69 70 198 197
f 19 18 146 147
f 121 122 250 249
f 70 71 199 198
f 20 19 147 148
f 122 123 251 250
f 71 72 200 199
f 21 20 148 149
f 123 124 252 251
f 72 73 201 200
f 22 21 149 150
f 124 125 253 252
f 73 74 202 201
f 23 22 150 151
f 125 126 254 253
f 74 75 203 202
f 24 23 151 152
f 126 127 255 254
f 75 76 204 203
f 25 24 152 153
f 127 128 256 255
f 76 77 205 204
f 26 25 153 154
f 128 65 193 256
f 77 78 206 205
f 27 26 154 155
f 78 79 207 206
f 28 27 155 156
f 79 80 208 207
f 29 28 156 157
f 309 373 372 308
f 283 347 346 282
f 310 374 373 309
f 284 348 347 283
f 258 322 321 257
f 311 375 374 310
f 285 349 348 284
f 259 323 322 258
f 312 376 375 311
f 286 350 349 285
f 260 324 323 259
f 313 377 376 312
f 287 351 350 286
f 261 325 324 260
f 314 378 377 313
f 288 352 351 287
f 262 326 325 261
f 315 379 378 314
f 289 353 352 288
f 263 327 326 262
f 316 380 379 315
f 290 354 353 289
f 264 328 327 263
f 317 381 380 316
f 291 355 354 290
f 265 329 328 264
f 318 382 381 317
f 292 356 355 291
f 266 330 329 265
f 319 383 382 318
f 293 357 356 292
f 267 331 330 266
f 320 384 383 319
f 294 358 357 293
f 268 332 331 267
f 257 321 384 320
f 295 359 358 294
f 269 333 332 268
f 296 360 359 295
f 270 334 333 269
f 297 361 360 296
f 271 335 334 270
f 298 362 361 297
f 272 336 335 271
f 299 363 362 298
f 273 337 336 272
f 300 364 363 299
f 274 338 337 273
f 301 365 364 300
f 275 339 338 274
f 302 366 365 301
f 276 340 339 275
f 303 367 366 302
f 277 341 340 276
f 304 368 367 303
f 278 342 341 277
f 305 369 368 304
f 279 343 342 278
f 306 370 369 305
f 280 344 343 279
f 307 371 370 306
f 281 345 344 280
f 308 372 371 307
f 282 346 345 281
f 437 436 500 501
f 411 410 474 475
f 438 437 501 502
f 412 411 475 476
f 386 385 449 450
f 439 438 502 503
f 413 412 476 477
f 387 386 450 451
f 440 439 503 504
f 414 413 477 478
f 388 387 451 452
f 441 440 504 505
f 415 414 478 479
f 389 388 452 453
f 442 441 505 506
f 416 415 479 480
f 390 389 453 454
f 443 442 506 507
f 417 416 480 481
f 391 390 454 455
f 444 443 507 508
f 418 417 481 482
f 392 391 455 456
f 445 444 508 509
f 419 418 482 483
f 393 392 456 457
f 446 445 509 510
f 420 419 483 484
f 394 393 457 458
f 447 446 510 511
f 421 420 484 485
f 395 394 458 459
f 448 447 511 512
f 422 421 485 486
f 396 395 459 460
f 385 448 512 449
f 423 422 486 487
f 397 396 460 461
f 424 423 487 488
f 398 397 461 462
f 425 424 488 489
f 399 398 462 463
f 426 425 489 490
f 400 399 463 464
f 427 426 490 491
f 401 400 464 465
f 428 427 491 492
f 402 401 465 466
f 429 428 492 493
f 403 402 466 467
f 430 429 493 494
f 404 403 467 468
f 431 430 494 495
f 405 404 468 469
f 432 431 495 496
f 406 405 469 470
f 433 432 496 497
f 407 406 470 471
f 434 433 497 498
f 408 407 471 472
f 435 434 498 499
f 409 408 472 473
f 436 435 499 500
f 410 409 473 474
f 336 337 465 464
f 286 285 413 414
f 337 338 466 465
f 287 286 414 415
f 338 339 467 466
f 288 287 415 416
f 339 340 468 467
f 289 288 416 417
f 340 341 469 468
f 290 289 417 418
f 341 342 470 469
f 291 290 418 419
f 342 343 471 470
f 292 291 419 420
f 343 344 472 471
f 293 292 420 421
f 344 345 473 472
f 294 293 421 422
f 345 346 474 473
f 295 294 422 423
f 346 347 475 474
f 296 295 423 424
f 347 348 476 475
f 297 296 424 425
f 348 349 477 476
f 298 297 425 426
f 349 350 478 477
f 299 298 426 427
f 350 351 479 478
f 300 299 427 428
f 351 352 480 479
f 301 300 428 429
f 352 353 481 480
f 302 301 429 430
f 353 354 482 481
f 303 302 430 431
f 354 355 483 482
f 304 303 431 432
f 355 356 484 483
f 305 304 432 433
f 356 357 485 484
f 306 305 433 434
f 357 358 486 485
f 307 306 434 435
f 358 359 487 486
f 308 307 435 436
f 359 360 488 487
f 309 308 436 437
f 258 257 385 386
f 360 361 489 488
f 310 309 437 438
f 259 258 386 387
f 361 362 490 489
f 311 310 438 439
f 260 259 387 388
f 362 363 491 490
f 312 311 439 440
f 261 260 388 389
f 363 364 492 491
f 313 312 440 441
f 262 261 389 390
f 364 365 493 492
f 314 313 441 442
f 263 262 390 391
f 365 366 494 493
f 315 314 442 443
f 264 263 391 392
f 366 367 495 494
f 316 315 443 444
f 265 264 392 393
f 367 368 496 495
f 317 316 444 445
f 266 265 393 394
f 368 369 497 496
f 318 317 445 446
f 267 266 394 395
f 369 370 498 497
f 319 318 446 447
f 268 267 395 396
f 370 371 499 498
f 320 319 447 448
f 269 268 396 397
f 371 372 500 499
f 257 320 448 385
f 270 269 397 398
f 372 373 501 500
f 321 322 450 449
f 271 270 398 399
f 373 374 502 501
f 322 323 451 450
f 272 271 399 400
f 374 375 503 502
f 323 324 452 451
f 273 272 400 401
f 375 376 504 503
f 324 325 453 452
f 274 273 401 402
f 376 377 505 504
f 325 326 454 453
f 275 274 402 403
f 377 378 506 505
f 326 327 455 454
f 276 275 403 404
f 378 379 507 506
f 327 328 456 455
f 277 276 404 405
f 379 380 508 507
f 328 329 457 456
f 278 277 405 406
f 380 381 509 508
f 329 330 458 457
f 279 278 406 407
f 381 382 510 509
f 330 331 459 458
f 280 279 407 408
f 382 383 511 510
f 331 332 460 459
f 281 280 408 409
f 383 384 512 511
f 332 333 461 460
f 282 281 409 410
f 384 321 449 512
f 333 334 462 461
f 283 282 410 411
f 334 335 463 462
f 284 283 411 412
f 335 336 464 463
f 285 284 412 413
f 640 577 513
f 514 579 515
f 639 640 576
f 513 578 514
f 638 639 575
f 595 530 594
f 637 638 574
f 514 578 579
f 576 640 513
f 598 533 597
f 515 579 516
f 516 580 581
f 544 608 545
f 516 581 517
f 582 518 517
f 575 639 576
f 517 581 582
f 637 573 636
f 582 519 518
f 574 573 637
f 621 558 557
f 634 635 571
f 636 571 635
f 583 519 582
f 584 520 519
f 572 571 636
f 519 583 584
f 634 570 633
f 585 520 584
f 571 570 634
f 520 585 521
f 632 633 569
f 618 554 553
f 601 537 600
f 521 586 522
f 562 627 563
f 568 632 569
f 605 541 604
f 587 523 586
f 630 631 567
f 616 552 551
f 523 587 588
f 588 524 523
f 566 630 567
f 589 524 588
f 566 629 630
f 589 525 524
f 565 629 566
f 525 589 526
f 628 629 564
f 564 629 565
f 604 539 603
f 591 526 590
f 564 627 628
f 591 527 526
f 563 627 564
f 527 591 528
f 626 627 562
f 586 523 522
f 618 555 554
f 593 528 592
f 562 625 626
f 593 529 528
f 561 625 562
f 594 529 593
f 594 530 529
f 560 625 561
f 560 624 625
f 531 530 595
f 624 560 623
f 526 589 590
f 553 616 617
f 595 532 531
f 558 623 559
f 596 532 595
f 558 622 623
f 533 532 597
f 622 558 621
f 623 560 559
f 614 551 550
f 534 533 598
f 556 621 557
f 600 535 599
f 556 620 621
f 598 535 534
f 555 620 556
f 599 535 598
f 555 619 620
f 536 535 600
f 619 555 618
f 537 536 600
f 632 567 631
f 528 591 592
f 538 537 601
f 618 553 617
f 521 585 586
f 569 633 570
f 539 538 602
f 552 616 553
f 516 579 580
f 602 538 601
f 540 539 604
f 616 551 615
f 541 540 604
f 614 549 613
f 603 539 602
f 615 551 614
f 542 541 605
f 574 638 575
f 597 532 596
f 614 550 549
f 543 542 606
f 612 548 547
f 544 543 607
f 613 549 548
f 607 543 606
f 613 548 612
f 545 609 610
f 513 577 578
f 546 610 611
f 606 542 605
f 611 547 546
f 612 547 611
f 545 610 546
f 607 608 544
f 573 572 636
f 608 609 545
f 568 567 632
f 670 671 799 798
f 722 721 849 850
f 669 670 798 797
f 721 720 848 849
f 668 669 797 796
f 720 719 847 848
f 667 668 796 795
f 719 718 846 847
f 666 667 795 794
f 718 717 845 846
f 705 768 896 833
f 665 666 794 793
f 717 716 844 845
f 768 767 895 896
f 664 665 793 792
f 716 715 843 844
f 767 766 894 895
f 663 664 792 791
f 715 714 842 843
f 766 765 893 894
f 662 663 791 790
f 714 713 841 842
f 765 764 892 893
f 661 662 790 789
f 713 712 840 841
f 764 763 891 892
f 660 661 789 788
f 712 711 839 840
f 763 762 890 891
f 659 660 788 787
f 711 710 838 839
f 762 761 889 890
f 658 659 787 786
f 710 709 837 838
f 761 760 888 889
f 657 658 786 785
f 709 708 836 837
f 760 759 887 888
f 656 657 785 784
f 708 707 835 836
f 759 758 886 887
f 655 656 784 783
f 707 706 834 835
f 758 757 885 886
f 654 655 783 782
f 706 705 833 834
f 757 756 884 885
f 653 654 782 781
f 704 641 769 832
f 756 755 883 884
f 652 653 781 780
f 703 704 832 831
f 755 754 882 883
f 651 652 780 779
f 702 703 831 830
f 754 753 881 882
f 650 651 779 778
f 701 702 830 829
f 753 752 880 881
f 649 650 778 777
f 700 701 829 828
f 752 751 879 880
f 648 649 777 776
f 699 700 828 827
f 751 750 878 879
f 647 648 776 775
f 698 699 827 826
f 750 749 877 878
f 646 647 775 774
f 697 698 826 825
f 749 748 876 877
f 645 646 774 773
f 696 697 825 824
f 748 747 875 876
f 644 645 773 772
f 695 696 824 823
f 747 746 874 875
f 643 644 772 771
f 694 695 823 822
f 746 745 873 874
f 642 643 771 770
f 693 694 822 821
f 745 744 872 873
f 641 642 770 769
f 692 693 821 820
f 744 743 871 872
f 691 692 820 819
f 743 742 870 871
f 690 691 819 818
f 742 741 869 870
f 689 690 818 817
f 741 740 868 869
f 688 689 817 816
f 740 739 867 868
f 687 688 816 815
f 739 738 866 867
f 686 687 815 814
f 738 737 865 866
f 685 686 814 813
f 737 736 864 865
f 684 685 813 812
f 736 735 863 864
f 683 684 812 811
f 735 734 862 863
f 682 683 811 810
f 734 733 861 862
f 681 682 810 809
f 733 732 860 861
f 680 681 809 808
f 732 731 859 860
f 679 680 808 807
f 731 730 858 859
f 678 679 807 806
f 730 729 857 858
f 677 678 806 805
f 729 728 856 857
f 676 677 805 804
f 728 727 855 856
f 675 676 804 803
f 727 726 854 855
f 674 675 803 802
f 726 725 853 854
f 673 674 802 801
f 725 724 852 853
f 672 673 801 800
f 724 723 851 852
f 671 672 800 799
f 723 722 850 851
f 594 593 721 722
f 700 699 1275 1276
f 595 594 722 723
f 648 647 1223 1224
f 596 595 723 724
f 518 519 1159 1158
f 597 596 724 725
f 569 570 1210 1209
f 598 597 725 726
f 699 698 1274 1275
f 599 598 726 727
f 647 646 1222 1223
f 600 599 727 728
f 517 518 1158 1157
f 601 600 728 729
f 568 569 1209 1208
f 602 601 729 730
f 698 697 1273 1274
f 603 602 730 731
f 646 645 1221 1222
f 604 603 731 732
f 516 517 1157 1156
f 605 604 732 733
f 567 568 1208 1207
f 606 605 733 734
f 697 696 1272 1273
f 607 606 734 735
f 645 644 1220 1221
f 608 607 735 736
f 515 516 1156 1155
f 609 608 736 737
f 566 567 1207 1206
f 610 609 737 738
f 696 695 1271 1272
f 611 610 738 739
f 644 643 1219 1220
f 612 611 739 740
f 514 515 1155 1153
f 613 612 740 741
f 565 566 1206 1205
f 614 613 741 742
f 695 694 1270 1271
f 615 614 742 743
f 643 642 1217 1219
f 616 615 743 744
f 513 514 1153 1154
f 564 565 1205 1204
f 617 616 744 745
f 694 693 1269 1270
f 642 641 1218 1217
f 618 617 745 746
f 563 564 1204 1203
f 693 692 1268 1269
f 619 618 746 747
f 562 563 1203 1202
f 692 691 1267 1268
f 620 619 747 748
f 561 562 1202 1201
f 691 690 1266 1267
f 621 620 748 749
f 560 561 1201 1200
f 690 689 1265 1266
f 622 621 749 750
f 559 560 1200 1199
f 689 688 1264 1265
f 623 622 750 751
f 558 559 1199 1198
f 688 687 1263 1264
f 624 623 751 752
f 557 558 1198 1197
f 687 686 1262 1263
f 625 624 752 753
f 556 557 1197 1196
f 686 685 1261 1262
f 626 625 753 754
f 555 556 1196 1195
f 685 684 1260 1261
f 627 626 754 755
f 554 555 1195 1194
f 684 683 1259 1260
f 628 627 755 756
f 553 554 1194 1193
f 683 682 1258 1259
f 629 628 756 757
f 578 577 705 706
f 552 553 1193 1192
f 630 629 757 758
f 579 578 706 707
f 682 681 1257 1258
f 631 630 758 759
f 580 579 707 708
f 551 552 1192 1191
f 632 631 759 760
f 581 580 708 709
f 681 680 1256 1257
f 633 632 760 761
f 582 581 709 710
f 550 551 1191 1190
f 634 633 761 762
f 583 582 710 711
f 680 679 1255 1256
f 635 634 762 763
f 584 583 711 712
f 549 550 1190 1189
f 636 635 763 764
f 585 584 712 713
f 679 678 1254 1255
f 637 636 764 765
f 586 585 713 714
f 548 549 1189 1188
f 638 637 765 766
f 587 586 714 715
f 678 677 1253 1254
f 639 638 766 767
f 588 587 715 716
f 547 548 1188 1187
f 640 639 767 768
f 589 588 716 717
f 677 676 1252 1253
f 577 640 768 705
f 590 589 717 718
f 676 675 1251 1252
f 591 590 718 719
f 546 547 1187 1186
f 592 591 719 720
f 675 674 1250 1251
f 593 592 720 721
f 545 546 1186 1185
f 936 935 1112 1111
f 805 806 1062 1061
f 877 876 1004 1005
f 935 934 1113 1112
f 804 805 1061 1060
f 876 875 1003 1004
f 934 933 1114 1113
f 803 804 1060 1059
f 875 874 1002 1003
f 933 932 1115 1114
f 802 803 1059 1058
f 874 873 1001 1002
f 932 931 1116 1115
f 801 802 1058 1057
f 873 872 1000 1001
f 931 930 1117 1116
f 800 801 1057 1056
f 872 871 999 1000
f 930 929 1118 1117
f 871 870 998 999
f 799 800 1056 1055
f 870 869 997 998
f 929 928 1119 1118
f 869 868 996 997
f 928 927 1120 1119
f 868 867 995 996
f 798 799 1055 1054
f 867 866 994 995
f 927 926 1121 1120
f 866 865 993 994
f 797 798 1054 1053
f 865 864 992 993
f 926 925 1122 1121
f 864 863 991 992
f 796 797 1053 1052
f 863 862 990 991
f 925 924 1123 1122
f 862 861 989 990
f 795 796 1052 1051
f 861 860 988 989
f 924 923 1124 1123
f 860 859 987 988
f 794 795 1051 1050
f 859 858 986 987
f 923 922 1125 1124
f 858 857 985 986
f 793 794 1050 1049
f 857 856 984 985
f 922 921 1126 1125
f 856 855 983 984
f 792 793 1049 1048
f 855 854 982 983
f 921 920 1127 1126
f 854 853 981 982
f 791 792 1048 1047
f 853 852 980 981
f 920 919 1128 1127
f 852 851 979 980
f 790 791 1047 1046
f 851 850 978 979
f 919 918 1129 1128
f 850 849 977 978
f 789 790 1046 1045
f 849 848 976 977
f 918 917 1130 1129
f 848 847 975 976
f 788 789 1045 1044
f 847 846 974 975
f 917 916 1131 1130
f 846 845 973 974
f 833 896 1024 961
f 787 788 1044 1043
f 845 844 972 973
f 896 895 1023 1024
f 916 915 1132 1131
f 844 843 971 972
f 895 894 1022 1023
f 786 787 1043 1042
f 843 842 970 971
f 894 893 1021 1022
f 915 914 1133 1132
f 842 841 969 970
f 893 892 1020 1021
f 785 786 1042 1041
f 841 840 968 969
f 892 891 1019 1020
f 914 913 1134 1133
f 840 839 967 968
f 891 890 1018 1019
f 784 785 1041 1040
f 839 838 966 967
f 890 889 1017 1018
f 913 912 1135 1134
f 838 837 965 966
f 889 888 1016 1017
f 783 784 1040 1039
f 837 836 964 965
f 888 887 1015 1016
f 912 911 1136 1135
f 836 835 963 964
f 887 886 1014 1015
f 782 783 1039 1038
f 835 834 962 963
f 886 885 1013 1014
f 911 910 1137 1136
f 834 833 961 962
f 885 884 1012 1013
f 781 782 1038 1037
f 832 769 1026 1088
f 884 883 1011 1012
f 910 909 1139 1137
f 780 781 1037 1036
f 883 882 1010 1011
f 831 832 1088 1087
f 897 960 1140 1138
f 882 881 1009 1010
f 909 908 1141 1139
f 779 780 1036 1035
f 881 880 1008 1009
f 830 831 1087 1086
f 960 959 1142 1140
f 880 879 1007 1008
f 908 907 1143 1141
f 778 779 1035 1034
f 879 878 1006 1007
f 829 830 1086 1085
f 959 958 1144 1142
f 878 877 1005 1006
f 1024 897 961
f 898 899 963
f 1023 960 1024
f 897 898 962
f 1022 959 1023
f 979 978 914
f 1021 958 1022
f 898 963 962
f 960 897 1024
f 982 981 917
f 899 900 963
f 900 965 964
f 928 929 992
f 900 901 965
f 966 901 902
f 959 960 1023
f 901 966 965
f 1021 1020 957
f 966 902 903
f 958 1021 957
f 1005 941 942
f 1018 955 1019
f 1020 1019 955
f 967 966 903
f 968 903 904
f 956 1020 955
f 903 968 967
f 1018 1017 954
f 969 968 904
f 955 1018 954
f 904 905 969
f 1016 953 1017
f 1002 937 938
f 985 984 921
f 905 906 970
f 946 947 1011
f 952 953 1016
f 989 988 925
f 971 970 907
f 1014 951 1015
f 1000 935 936
f 907 972 971
f 972 907 908
f 950 951 1014
f 973 972 908
f 950 1014 1013
f 973 908 909
f 949 950 1013
f 909 910 973
f 1012 948 1013
f 948 949 1013
f 988 987 923
f 975 974 910
f 948 1012 1011
f 975 910 911
f 947 948 1011
f 911 912 975
f 1010 946 1011
f 970 906 907
f 1002 938 939
f 977 976 912
f 946 1010 1009
f 977 912 913
f 945 946 1009
f 978 977 913
f 978 913 914
f 944 945 1009
f 944 1009 1008
f 915 979 914
f 1008 1007 944
f 910 974 973
f 937 1001 1000
f 979 915 916
f 942 943 1007
f 980 979 916
f 942 1007 1006
f 917 981 916
f 1006 1005 942
f 1007 943 944
f 998 934 935
f 918 982 917
f 940 941 1005
f 984 983 919
f 940 1005 1004
f 982 918 919
f 939 940 1004
f 983 982 919
f 939 1004 1003
f 920 984 919
f 1003 1002 939
f 921 984 920
f 1016 1015 951
f 912 976 975
f 922 985 921
f 1002 1001 937
f 905 970 969
f 953 954 1017
f 923 986 922
f 936 937 1000
f 900 964 963
f 986 985 922
f 924 988 923
f 1000 999 935
f 925 988 924
f 998 997 933
f 987 986 923
f 999 998 935
f 926 989 925
f 958 959 1022
f 981 980 916
f 998 933 934
f 927 990 926
f 996 931 932
f 928 991 927
f 997 932 933
f 991 990 927
f 997 996 932
f 929 994 993
f 897 962 961
f 930 995 994
f 990 989 926
f 995 930 931
f 996 995 931
f 929 930 994
f 991 928 992
f 957 1020 956
f 992 929 993
f 952 1016 951
f 1030 1031 1149 1089
f 1081 1082 1151 1090
f 1029 1030 1089 1091
f 1080 1081 1090 1092
f 1028 1029 1091 1093
f 1079 1080 1092 1094
f 1027 1028 1093 1095
f 1078 1079 1094 1096
f 1025 1027 1095 1097
f 1077 1078 1096 1098
f 1026 1025 1097 1138
f 1076 1077 1098 1099
f 1075 1076 1099 1100
f 1074 1075 1100 1101
f 1073 1074 1101 1102
f 1072 1073 1102 1103
f 1071 1072 1103 1104
f 1070 1071 1104 1105
f 1069 1070 1105 1106
f 1068 1069 1106 1107
f 1067 1068 1107 1108
f 1066 1067 1108 1109
f 1065 1066 1109 1110
f 1064 1065 1110 1111
f 1063 1064 1111 1112
f 1062 1063 1112 1113
f 1061 1062 1113 1114
f 1060 1061 1114 1115
f 1059 1060 1115 1116
f 1058 1059 1116 1117
f 1057 1058 1117 1118
f 1056 1057 1118 1119
f 1055 1056 1119 1120
f 1054 1055 1120 1121
f 1053 1054 1121 1122
f 1052 1053 1122 1123
f 1051 1052 1123 1124
f 1050 1051 1124 1125
f 1049 1050 1125 1126
f 1048 1049 1126 1127
f 1047 1048 1127 1128
f 1046 1047 1128 1129
f 1045 1046 1129 1130
f 1044 1045 1130 1131
f 1043 1044 1131 1132
f 1042 1043 1132 1133
f 1041 1042 1133 1134
f 1040 1041 1134 1135
f 1039 1040 1135 1136
f 1038 1039 1136 1137
f 1037 1038 1137 1139
f 1088 1026 1138 1140
f 1036 1037 1139 1141
f 1087 1088 1140 1142
f 1035 1036 1141 1143
f 1086 1087 1142 1144
f 1034 1035 1143 1145
f 1085 1086 1144 1146
f 1033 1034 1145 1147
f 1084 1085 1146 1148
f 1032 1033 1147 1150
f 1083 1084 1148 1152
f 1031 1032 1150 1149
f 1082 1083 1152 1151
f 806 807 1063 1062
f 937 936 1111 1110
f 807 808 1064 1063
f 938 937 1110 1109
f 808 809 1065 1064
f 939 938 1109 1108
f 809 810 1066 1065
f 940 939 1108 1107
f 810 811 1067 1066
f 941 940 1107 1106
f 811 812 1068 1067
f 942 941 1106 1105
f 812 813 1069 1068
f 943 942 1105 1104
f 813 814 1070 1069
f 944 943 1104 1103
f 814 815 1071 1070
f 945 944 1103 1102
f 815 816 1072 1071
f 946 945 1102 1101
f 816 817 1073 1072
f 947 946 1101 1100
f 817 818 1074 1073
f 948 947 1100 1099
f 818 819 1075 1074
f 949 948 1099 1098
f 819 820 1076 1075
f 898 897 1138 1097
f 950 949 1098 1096
f 820 821 1077 1076
f 769 770 1025 1026
f 899 898 1097 1095
f 951 950 1096 1094
f 821 822 1078 1077
f 770 771 1027 1025
f 900 899 1095 1093
f 952 951 1094 1092
f 822 823 1079 1078
f 771 772 1028 1027
f 901 900 1093 1091
f 953 952 1092 1090
f 823 824 1080 1079
f 772 773 1029 1028
f 902 901 1091 1089
f 954 953 1090 1151
f 824 825 1081 1080
f 903 902 1089 1149
f 773 774 1030 1029
f 955 954 1151 1152
f 825 826 1082 1081
f 904 903 1149 1150
f 774 775 1031 1030
f 956 955 1152 1148
f 826 827 1083 1082
f 905 904 1150 1147
f 775 776 1032 1031
f 957 956 1148 1146
f 827 828 1084 1083
f 906 905 1147 1145
f 776 777 1033 1032
f 958 957 1146 1144
f 828 829 1085 1084
f 907 906 1145 1143
f 777 778 1034 1033
f 1182 1183 1247 1246
f 1183 1184 1248 1247
f 1184 1185 1249 1248
f 1185 1186 1250 1249
f 1186 1187 1251 1250
f 1187 1188 1252 1251
f 1188 1189 1253 1252
f 1189 1190 1254 1253
f 1190 1191 1255 1254
f 1191 1192 1256 1255
f 1192 1193 1257 1256
f 1193 1194 1258 1257
f 1194 1195 1259 1258
f 1195 1196 1260 1259
f 1196 1197 1261 1260
f 1197 1198 1262 1261
f 1198 1199 1263 1262
f 1199 1200 1264 1263
f 1200 1201 1265 1264
f 1201 1202 1266 1265
f 1202 1203 1267 1266
f 1203 1204 1268 1267
f 1204 1205 1269 1268
f 1154 1153 1217 1218
f 1205 1206 1270 1269
f 1153 1155 1219 1217
f 1206 1207 1271 1270
f 1155 1156 1220 1219
f 1207 1208 1272 1271
f 1156 1157 1221 1220
f 1208 1209 1273 1272
f 1157 1158 1222 1221
f 1209 1210 1274 1273
f 1158 1159 1223 1222
f 1210 1211 1275 1274
f 1159 1160 1224 1223
f 1211 1212 1276 1275
f 1160 1161 1225 1224
f 1212 1213 1277 1276
f 1161 1162 1226 1225
f 1213 1214 1278 1277
f 1162 1163 1227 1226
f 1214 1215 1279 1278
f 1163 1164 1228 1227
f 1215 1216 1280 1279
f 1164 1165 1229 1228
f 1216 1154 1218 1280
f 1165 1166 1230 1229
f 1166 1167 1231 1230
f 1167 1168 1232 1231
f 1168 1169 1233 1232
f 1169 1170 1234 1233
f 1170 1171 1235 1234
f 1171 1172 1236 1235
f 1172 1173 1237 1236
f 1173 1174 1238 1237
f 1174 1175 1239 1238
f 1175 1176 1240 1239
f 1176 1177 1241 1240
f 1177 1178 1242 1241
f 1178 1179 1243 1242
f 1179 1180 1244 1243
f 1180 1181 1245 1244
f 1181 1182 1246 1245
f 570 571 1211 1210
f 519 520 1160 1159
f 649 648 1224 1225
f 701 700 1276 1277
f 571 572 1212 1211
f 520 521 1161 1160
f 650 649 1225 1226
f 702 701 1277 1278
f 572 573 1213 1212
f 521 522 1162 1161
f 651 650 1226 1227
f 703 702 1278 1279
f 573 574 1214 1213
f 522 523 1163 1162
f 652 651 1227 1228
f 704 703 1279 1280
f 574 575 1215 1214
f 523 524 1164 1163
f 653 652 1228 1229
f 641 704 1280 1218
f 575 576 1216 1215
f 524 525 1165 1164
f 654 653 1229 1230
f 576 513 1154 1216
f 525 526 1166 1165
f 655 654 1230 1231
f 526 527 1167 1166
f 656 655 1231 1232
f 527 528 1168 1167
f 657 656 1232 1233
f 658 657 1233 1234
f 528 529 1169 1168
f 659 658 1234 1235
f 529 530 1170 1169
f 660 659 1235 1236
f 530 531 1171 1170
f 661 660 1236 1237
f 531 532 1172 1171
f 662 661 1237 1238
f 532 533 1173 1172
f 533 534 1174 1173
f 663 662 1238 1239
f 534 535 1175 1174
f 664 663 1239 1240
f 535 536 1176 1175
f 665 664 1240 1241
f 536 537 1177 1176
f 666 665 1241 1242
f 537 538 1178 1177
f 667 666 1242 1243
f 538 539 1179 1178
f 668 667 1243 1244
f 539 540 1180 1179
f 669 668 1244 1245
f 540 541 1181 1180
f 670 669 1245 1246
f 541 542 1182 1181
f 671 670 1246 1247
f 542 543 1183 1182
f 672 671 1247 1248
f 543 544 1184 1183
f 673 672 1248 1249
f 544 545 1185 1184
f 674 673 1249 1250
