mtllib Circle_021.mtl
v -0.03499998897314072 0.17300012707710266 -3.5882006699239355e-08
v -0.0348314568400383 0.17300012707710266 -0.003430639160797
v -0.03432747349143028 0.17300012707710266 -0.006828191690146923
v -0.03349290415644646 0.17300012707710266 -0.010159994475543499
v -0.03233576938509941 0.17300012707710266 -0.01339395809918642
v -0.030867230147123337 0.17300011217594147 -0.016498923301696777
v -0.029101423919200897 0.17300011217594147 -0.01944499835371971
v -0.027055352926254272 0.17300011217594147 -0.022203803062438965
v -0.024748725816607475 0.17300011217594147 -0.024748770520091057
v -0.022203752771019936 0.17300011217594147 -0.027055395767092705
v -0.019444946199655533 0.17300011217594147 -0.029101477935910225
v -0.016498873010277748 0.17300011217594147 -0.030867286026477814
v -0.013393906876444817 0.17300011217594147 -0.03233582153916359
v -0.010159949772059917 0.17300009727478027 -0.03349294140934944
v -0.006828149314969778 0.17300011217594147 -0.03432752192020416
v -0.003430586773902178 0.17300011217594147 -0.03483150154352188
v 1.3061126402647005e-08 0.17300011217594147 -0.0350000374019146
v 0.003430613549426198 0.17300011217594147 -0.03483150154352188
v 0.006828173995018005 0.17300011217594147 -0.03432752192020416
v 0.01015997864305973 0.17300009727478027 -0.03349294140934944
v 0.01339393574744463 0.17300011217594147 -0.03233582153916359
v 0.016498900949954987 0.17300011217594147 -0.030867286026477814
v 0.019444972276687622 0.17300011217594147 -0.029101477935910225
v 0.022203780710697174 0.17300009727478027 -0.027055395767092705
v 0.024748751893639565 0.17300009727478027 -0.024748770520091057
v 0.02705537900328636 0.17300009727478027 -0.022203803062438965
v 0.029101451858878136 0.17300009727478027 -0.01944499835371971
v 0.030867258086800575 0.17300009727478027 -0.016498923301696777
v 0.0323357954621315 0.17300009727478027 -0.01339395809918642
v 0.03349292650818825 0.17300009727478027 -0.010159994475543499
v 0.03432749584317207 0.17300009727478027 -0.006828191690146923
v 0.03483147919178009 0.17300009727478027 -0.003430639160797
v 0.03500001132488251 0.17300009727478027 -3.5882006699239355e-08
v 0.03483147919178009 0.17300009727478027 0.003430567216128111
v 0.03432749584317207 0.17300009727478027 0.006828135345131159
v 0.03349292650818825 0.17300009727478027 0.010159937664866447
v 0.0323357954621315 0.17300009727478027 0.0133938854560256
v 0.030867258086800575 0.17300011217594147 0.016498850658535957
v 0.029101451858878136 0.17300011217594147 0.01944492571055889
v 0.02705537900328636 0.17300011217594147 0.022203730419278145
v 0.024748751893639565 0.17300011217594147 0.024748697876930237
v 0.022203780710697174 0.17300011217594147 0.027055323123931885
v 0.019444972276687622 0.17300011217594147 0.029101405292749405
v 0.016498900949954987 0.17300011217594147 0.030867213383316994
v 0.01339393574744463 0.17300011217594147 0.03233575075864792
v 0.01015997864305973 0.17300012707710266 0.033492885529994965
v 0.006828173995018005 0.17300011217594147 0.03432745113968849
v 0.003430613549426198 0.17300011217594147 0.03483143448829651
v 1.3061131731717524e-08 0.17300011217594147 0.034999966621398926
v -0.003430586773902178 0.17300011217594147 0.03483143448829651
v -0.006828149314969778 0.17300011217594147 0.03432745113968849
v -0.010159949772059917 0.17300012707710266 0.033492885529994965
v -0.013393906876444817 0.17300011217594147 0.03233575075864792
v -0.016498873010277748 0.17300011217594147 0.030867213383316994
v -0.019444946199655533 0.17300011217594147 0.029101405292749405
v -0.022203752771019936 0.17300012707710266 0.027055323123931885
v -0.024748725816607475 0.17300012707710266 0.024748697876930237
v -0.027055352926254272 0.17300012707710266 0.022203730419278145
v -0.029101423919200897 0.17300012707710266 0.01944492571055889
v -0.030867230147123337 0.17300012707710266 0.016498850658535957
v -0.03233576938509941 0.17300012707710266 0.0133938854560256
v -0.03349290415644646 0.17300012707710266 0.010159937664866447
v -0.03432747349143028 0.17300012707710266 0.006828135345131159
v -0.0348314568400383 0.17300012707710266 0.003430567216128111
v -0.03999999165534973 0.17300012707710266 -3.5882006699239355e-08
v -0.03980737924575806 0.17300012707710266 -0.003920720890164375
v -0.039231400936841965 0.17300012707710266 -0.007803640328347683
v -0.038277603685855865 0.17300012707710266 -0.011611426249146461
v -0.03695517033338547 0.17300012707710266 -0.015307379886507988
v -0.03527683764696121 0.17300012707710266 -0.018855903297662735
v -0.03325877711176872 0.17300011217594147 -0.022222846746444702
v -0.03092040680348873 0.17300011217594147 -0.025375770404934883
v -0.028284259140491486 0.17300011217594147 -0.028284309431910515
v -0.025375720113515854 0.17300012707710266 -0.030920447781682014
v -0.022222796455025673 0.17300011217594147 -0.0332588255405426
v -0.018855856731534004 0.17300009727478027 -0.0352768748998642
v -0.015307324938476086 0.17300011217594147 -0.03695520758628845
v -0.011611372232437134 0.17300011217594147 -0.038277655839920044
v -0.007803600747138262 0.17300011217594147 -0.039231449365615845
v -0.003920672461390495 0.17300011217594147 -0.03980742394924164
v 1.3061126402647005e-08 0.17300011217594147 -0.04000003635883331
v 0.003920699469745159 0.17300011217594147 -0.03980742394924164
v 0.007803625427186489 0.17300011217594147 -0.039231449365615845
v 0.011611401103436947 0.17300011217594147 -0.038277655839920044
v 0.015307353809475899 0.17300011217594147 -0.03695520758628845
v 0.018855882808566093 0.17300009727478027 -0.0352768748998642
v 0.022222822532057762 0.17300009727478027 -0.0332588255405426
v 0.025375746190547943 0.17300009727478027 -0.030920447781682014
v 0.028284285217523575 0.17300009727478027 -0.028284309431910515
v 0.03092043288052082 0.17300009727478027 -0.025375770404934883
v 0.03325879946351051 0.17300009727478027 -0.022222846746444702
v 0.035276859998703 0.17300009727478027 -0.018855903297662735
v 0.03695519268512726 0.17300009727478027 -0.015307379886507988
v 0.038277626037597656 0.17300009727478027 -0.011611426249146461
v 0.039231423288583755 0.17300009727478027 -0.007803640328347683
v 0.03980740159749985 0.17300009727478027 -0.003920720890164375
v 0.04000001400709152 0.17300009727478027 -3.5882006699239355e-08
v 0.03980740159749985 0.17300009727478027 0.00392064917832613
v 0.039231423288583755 0.17300009727478027 0.007803583983331919
v 0.038277626037597656 0.17300009727478027 0.011611353605985641
v 0.03695519268512726 0.17300009727478027 0.015307307243347168
v 0.035276859998703 0.17300009727478027 0.018855830654501915
v 0.03325879946351051 0.17300011217594147 0.022222774103283882
v 0.03092043288052082 0.17300011217594147 0.025375697761774063
v 0.028284285217523575 0.17300011217594147 0.028284236788749695
v 0.025375746190547943 0.17300009727478027 0.03092039003968239
v 0.022222822532057762 0.17300011217594147 0.03325875476002693
v 0.018855882808566093 0.17300012707710266 0.03527682274580002
v 0.015307353809475899 0.17300011217594147 0.036955151706933975
v 0.011611401103436947 0.17300011217594147 0.03827758505940437
v 0.007803625427186489 0.17300011217594147 0.03923138231039047
v 0.003920699469745159 0.17300011217594147 0.039807356894016266
v 1.3061131731717524e-08 0.17300011217594147 0.03999996930360794
v -0.003920672461390495 0.17300011217594147 0.039807356894016266
v -0.007803600747138262 0.17300011217594147 0.03923138231039047
v -0.011611372232437134 0.17300011217594147 0.03827758505940437
v -0.015307324938476086 0.17300011217594147 0.036955151706933975
v -0.018855856731534004 0.17300012707710266 0.03527682274580002
v -0.022222796455025673 0.17300012707710266 0.03325875476002693
v -0.025375720113515854 0.17300012707710266 0.03092039003968239
v -0.028284259140491486 0.17300012707710266 0.028284236788749695
v -0.03092040680348873 0.17300012707710266 0.025375697761774063
v -0.03325877711176872 0.17300012707710266 0.022222774103283882
v -0.03527683764696121 0.17300012707710266 0.018855830654501915
v -0.03695517033338547 0.17300012707710266 0.015307307243347168
v -0.038277603685855865 0.17300012707710266 0.011611353605985641
v -0.039231400936841965 0.17300012707710266 0.007803583983331919
v -0.03980737924575806 0.17300012707710266 0.00392064917832613
v -0.034999992698431015 0.16300013661384583 -3.468991138788624e-08
v -0.0348314605653286 0.16300013661384583 -0.0034306379966437817
v -0.03432747721672058 0.16300013661384583 -0.0068281907588243484
v -0.033492907881736755 0.16300013661384583 -0.01015999261289835
v -0.03233577683568001 0.16300013661384583 -0.013393956236541271
v -0.030867232009768486 0.16300012171268463 -0.016498921439051628
v -0.029101425781846046 0.16300012171268463 -0.019444981589913368
v -0.02705535478889942 0.16300012171268463 -0.022203801199793816
v -0.024748727679252625 0.16300012171268463 -0.024748768657445908
v -0.022203754633665085 0.16300012171268463 -0.027055393904447556
v -0.019444948062300682 0.16300012171268463 -0.029101476073265076
v -0.016498874872922897 0.16300012171268463 -0.03086726926267147
v -0.01339390967041254 0.16300012171268463 -0.03233582153916359
v -0.010159952566027641 0.16300009191036224 -0.03349294140934944
v -0.00682815071195364 0.16300012171268463 -0.03432752192020416
v -0.0034305888693779707 0.16300012171268463 -0.03483150154352188
v 1.0962558860683203e-08 0.16300012171268463 -0.0350000374019146
v 0.0034306112211197615 0.16300012171268463 -0.03483150154352188
v 0.0068281725980341434 0.16300012171268463 -0.03432752192020416
v 0.010159975849092007 0.16300009191036224 -0.03349294140934944
v 0.013393932953476906 0.16300012171268463 -0.03233582153916359
v 0.016498899087309837 0.16300012171268463 -0.03086726926267147
v 0.019444970414042473 0.16300012171268463 -0.029101476073265076
v 0.022203778848052025 0.16300009191036224 -0.027055393904447556
v 0.024748750030994415 0.16300009191036224 -0.024748768657445908
v 0.027055377140641212 0.16300009191036224 -0.022203801199793816
v 0.029101449996232986 0.16300009191036224 -0.019444981589913368
v 0.030867256224155426 0.16300009191036224 -0.016498921439051628
v 0.0323357917368412 0.16300009191036224 -0.013393956236541271
v 0.03349292278289795 0.16300009191036224 -0.01015999261289835
v 0.034327492117881775 0.16300009191036224 -0.0068281907588243484
v 0.03483147546648979 0.16300009191036224 -0.0034306379966437817
v 0.03500000759959221 0.16300009191036224 -3.468991138788624e-08
v 0.03483147546648979 0.16300009191036224 0.003430568380281329
v 0.034327492117881775 0.16300009191036224 0.0068281362764537334
v 0.03349292278289795 0.16300009191036224 0.010159939527511597
v 0.0323357917368412 0.16300009191036224 0.01339388731867075
v 0.030867256224155426 0.16300012171268463 0.016498852521181107
v 0.029101449996232986 0.16300012171268463 0.01944492757320404
v 0.027055377140641212 0.16300012171268463 0.022203732281923294
v 0.024748750030994415 0.16300012171268463 0.02474871650338173
v 0.022203778848052025 0.16300012171268463 0.027055341750383377
v 0.019444970414042473 0.16300012171268463 0.029101407155394554
v 0.016498899087309837 0.16300012171268463 0.030867215245962143
v 0.013393932953476906 0.16300012171268463 0.03233575075864792
v 0.010159975849092007 0.16300013661384583 0.033492885529994965
v 0.0068281725980341434 0.16300012171268463 0.03432745113968849
v 0.0034306112211197615 0.16300012171268463 0.03483143448829651
v 1.096256418975372e-08 0.16300012171268463 0.034999966621398926
v -0.0034305888693779707 0.16300012171268463 0.03483143448829651
v -0.00682815071195364 0.16300012171268463 0.03432745113968849
v -0.010159952566027641 0.16300013661384583 0.033492885529994965
v -0.01339390967041254 0.16300012171268463 0.03233575075864792
v -0.016498874872922897 0.16300012171268463 0.030867215245962143
v -0.019444948062300682 0.16300012171268463 0.029101407155394554
v -0.022203754633665085 0.16300013661384583 0.027055341750383377
v -0.024748727679252625 0.16300013661384583 0.02474871650338173
v -0.02705535478889942 0.16300013661384583 0.022203732281923294
v -0.029101425781846046 0.16300013661384583 0.01944492757320404
v -0.030867232009768486 0.16300013661384583 0.016498852521181107
v -0.03233577683568001 0.16300013661384583 0.01339388731867075
v -0.033492907881736755 0.16300013661384583 0.010159939527511597
v -0.03432747721672058 0.16300013661384583 0.0068281362764537334
v -0.0348314605653286 0.16300013661384583 0.003430568380281329
v -0.03999999538064003 0.16300013661384583 -3.468991138788624e-08
v -0.039807382971048355 0.16300013661384583 -0.003920719958841801
v -0.03923140466213226 0.16300013661384583 -0.007803639397025108
v -0.038277607411146164 0.16300013661384583 -0.011611424386501312
v -0.036955174058675766 0.16300013661384583 -0.015307378023862839
v -0.03527684137225151 0.16300013661384583 -0.018855901435017586
v -0.03325878083705902 0.16300012171268463 -0.022222844883799553
v -0.03092040866613388 0.16300012171268463 -0.025375768542289734
v -0.028284261003136635 0.16300012171268463 -0.028284307569265366
v -0.025375721976161003 0.16300013661384583 -0.030920445919036865
v -0.022222798317670822 0.16300012171268463 -0.0332588255405426
v -0.018855858594179153 0.16300009191036224 -0.0352768748998642
v -0.01530732773244381 0.16300012171268463 -0.03695521503686905
v -0.011611375026404858 0.16300012171268463 -0.03827764838933945
v -0.007803602144122124 0.16300012171268463 -0.03923144191503525
v -0.003920674789696932 0.16300012171268463 -0.03980742394924164
v 1.0962558860683203e-08 0.16300012171268463 -0.04000003635883331
v 0.003920697141438723 0.16300012171268463 -0.03980742394924164
v 0.007803624030202627 0.16300012171268463 -0.03923144191503525
v 0.011611398309469223 0.16300012171268463 -0.03827764838933945
v 0.015307351015508175 0.16300012171268463 -0.03695521503686905
v 0.018855880945920944 0.16300009191036224 -0.0352768748998642
v 0.022222820669412613 0.16300009191036224 -0.0332588255405426
v 0.025375744327902794 0.16300009191036224 -0.030920445919036865
v 0.028284283354878426 0.16300009191036224 -0.028284307569265366
v 0.03092043101787567 0.16300009191036224 -0.025375768542289734
v 0.033258795738220215 0.16300009191036224 -0.022222844883799553
v 0.035276856273412704 0.16300009191036224 -0.018855901435017586
v 0.03695518895983696 0.16300009191036224 -0.015307378023862839
v 0.03827762231230736 0.16300009191036224 -0.011611424386501312
v 0.03923141956329346 0.16300009191036224 -0.007803639397025108
v 0.03980739787220955 0.16300009191036224 -0.003920719958841801
v 0.040000010281801224 0.16300009191036224 -3.468991138788624e-08
v 0.03980739787220955 0.16300009191036224 0.0039206501096487045
v 0.03923141956329346 0.16300009191036224 0.007803584914654493
v 0.03827762231230736 0.16300009191036224 0.01161135546863079
v 0.03695518895983696 0.16300009191036224 0.015307309105992317
v 0.035276856273412704 0.16300009191036224 0.018855832517147064
v 0.033258795738220215 0.16300012171268463 0.02222277596592903
v 0.03092043101787567 0.16300012171268463 0.025375699624419212
v 0.028284283354878426 0.16300012171268463 0.028284238651394844
v 0.025375744327902794 0.16300009191036224 0.030920391902327538
v 0.022222820669412613 0.16300012171268463 0.03325875476002693
v 0.018855880945920944 0.16300012171268463 0.03527682274580002
v 0.015307351015508175 0.16300012171268463 0.036955151706933975
v 0.011611398309469223 0.16300012171268463 0.03827758505940437
v 0.007803624030202627 0.16300012171268463 0.03923138231039047
v 0.003920697141438723 0.16300012171268463 0.039807356894016266
v 1.096256418975372e-08 0.16300012171268463 0.03999996930360794
v -0.003920674789696932 0.16300012171268463 0.039807356894016266
v -0.007803602144122124 0.16300012171268463 0.03923138231039047
v -0.011611375026404858 0.16300012171268463 0.03827758505940437
v -0.01530732773244381 0.16300012171268463 0.036955151706933975
v -0.018855858594179153 0.16300013661384583 0.03527682274580002
v -0.022222798317670822 0.16300013661384583 0.03325875476002693
v -0.025375721976161003 0.16300013661384583 0.030920391902327538
v -0.028284261003136635 0.16300013661384583 0.028284238651394844
v -0.03092040866613388 0.16300013661384583 0.025375699624419212
v -0.03325878083705902 0.16300013661384583 0.02222277596592903
v -0.03527684137225151 0.16300013661384583 0.018855832517147064
v -0.036955174058675766 0.16300013661384583 0.015307309105992317
v -0.038277607411146164 0.16300013661384583 0.01161135546863079
v -0.03923140466213226 0.16300013661384583 0.007803584914654493
v -0.039807382971048355 0.16300013661384583 0.0039206501096487045
v -0.03500000387430191 0.10300011187791824 -1.9907963277887575e-08
v -0.03483147174119949 0.10300011187791824 -0.0034306233283132315
v -0.034327488392591476 0.10300011187791824 -0.0068281833082437515
v -0.03349291905760765 0.10300011187791824 -0.010159986093640327
v -0.0323357880115509 0.10300011187791824 -0.013393941335380077
v -0.03086724504828453 0.10300011187791824 -0.016498906537890434
v -0.02910143882036209 0.10300010442733765 -0.01944497413933277
v -0.027055365964770317 0.10300011932849884 -0.022203786298632622
v -0.02474873885512352 0.10300012677907944 -0.02474876120686531
v -0.02220376767218113 0.10300011932849884 -0.02705538645386696
v -0.019444959238171577 0.10300011187791824 -0.029101453721523285
v -0.016498886048793793 0.10300011932849884 -0.030867261812090874
v -0.01339392364025116 0.10300010442733765 -0.0323357991874218
v -0.010159965604543686 0.10300009697675705 -0.033492933958768845
v -0.006828163284808397 0.10300010442733765 -0.03432750329375267
v -0.003430601442232728 0.10300010442733765 -0.03483148664236069
v -1.6288450588319847e-09 0.10300010442733765 -0.0350000225007534
v 0.003430598648265004 0.10300010442733765 -0.03483148664236069
v 0.006828159559518099 0.10300008952617645 -0.03432750329375267
v 0.010159961879253387 0.10300009697675705 -0.033492933958768845
v 0.013393919914960861 0.10300008952617645 -0.0323357991874218
v 0.016498886048793793 0.10300010442733765 -0.030867261812090874
v 0.019444959238171577 0.10300009697675705 -0.029101453721523285
v 0.02220376767218113 0.10300010442733765 -0.02705538645386696
v 0.02474873885512352 0.10300011187791824 -0.02474876120686531
v 0.027055365964770317 0.10300010442733765 -0.022203786298632622
v 0.02910143882036209 0.10300010442733765 -0.01944497413933277
v 0.03086724504828453 0.10300011187791824 -0.016498906537890434
v 0.032335780560970306 0.10300011187791824 -0.013393941335380077
v 0.033492911607027054 0.10300011187791824 -0.010159986093640327
v 0.03432748094201088 0.10300011187791824 -0.0068281833082437515
v 0.034831464290618896 0.10300011187791824 -0.0034306233283132315
v 0.034999996423721313 0.10300011187791824 -1.9907961501530735e-08
v 0.034831464290618896 0.10300011187791824 0.0034305830486118793
v 0.03432748094201088 0.10300011187791824 0.006828143261373043
v 0.033492911607027054 0.10300011187791824 0.010159946046769619
v 0.032335780560970306 0.10300011187791824 0.013393901288509369
v 0.03086724504828453 0.10300011187791824 0.0164988674223423
v 0.02910143882036209 0.10300011932849884 0.019444935023784637
v 0.027055365964770317 0.10300010442733765 0.022203747183084488
v 0.02474873885512352 0.10300009697675705 0.024748723953962326
v 0.02220376767218113 0.10300010442733765 0.027055349200963974
v 0.019444959238171577 0.10300011187791824 0.02910141460597515
v 0.016498886048793793 0.10300011187791824 0.03086722269654274
v 0.013393919914960861 0.10300011932849884 0.032335758209228516
v 0.010159961879253387 0.10300011932849884 0.03349289298057556
v 0.006828159559518099 0.10300011932849884 0.03432745859026909
v 0.003430598648265004 0.10300011932849884 0.0348314568400383
v -1.6288422832744232e-09 0.10300011932849884 0.03499997407197952
v -0.003430601442232728 0.10300011932849884 0.0348314568400383
v -0.006828163284808397 0.10300012677907944 0.03432745859026909
v -0.010159965604543686 0.10300012677907944 0.03349289298057556
v -0.01339392364025116 0.10300013422966003 0.032335758209228516
v -0.016498886048793793 0.10300011932849884 0.03086722269654274
v -0.019444959238171577 0.10300012677907944 0.02910141460597515
v -0.02220376767218113 0.10300011932849884 0.027055349200963974
v -0.02474873885512352 0.10300011187791824 0.024748723953962326
v -0.027055365964770317 0.10300011932849884 0.022203747183084488
v -0.02910143882036209 0.10300011932849884 0.019444935023784637
v -0.03086724504828453 0.10300011187791824 0.0164988674223423
v -0.0323357880115509 0.10300011187791824 0.013393901288509369
v -0.03349291905760765 0.10300011187791824 0.010159946046769619
v -0.034327488392591476 0.10300011187791824 0.006828143261373043
v -0.03483147174119949 0.10300011187791824 0.0034305830486118793
v -0.040000006556510925 0.10300011187791824 -1.9907963277887575e-08
v -0.03980739414691925 0.10300011187791824 -0.003920705057680607
v -0.03923141583800316 0.10300011187791824 -0.007803631946444511
v -0.03827761858701706 0.10300011187791824 -0.011611409485340118
v -0.03695518523454666 0.10300010442733765 -0.015307355672121048
v -0.035276852548122406 0.10300011932849884 -0.01885589398443699
v -0.033258792012929916 0.10300011187791824 -0.02222282811999321
v -0.030920419842004776 0.10300011932849884 -0.02537575177848339
v -0.02828427217900753 0.10300012677907944 -0.028284290805459023
v -0.0253757331520319 0.10300011932849884 -0.03092043846845627
v -0.022222809493541718 0.10300010442733765 -0.03325880318880081
v -0.01885586977005005 0.10300009697675705 -0.0352768674492836
v -0.015307341702282429 0.10300010442733765 -0.03695519641041756
v -0.011611388996243477 0.10300010442733765 -0.03827763348817825
v -0.007803615182638168 0.10300010442733765 -0.03923143073916435
v -0.003920687362551689 0.10300010442733765 -0.039807409048080444
v -1.6288450588319847e-09 0.10300010442733765 -0.04000002145767212
v 0.003920684568583965 0.10300010442733765 -0.039807409048080444
v 0.0078036109916865826 0.10300008952617645 -0.03923143073916435
v 0.011611385270953178 0.10300008952617645 -0.03827763348817825
v 0.01530733797699213 0.10300008952617645 -0.03695519641041756
v 0.01885586977005005 0.10300009697675705 -0.0352768674492836
v 0.022222809493541718 0.10300008952617645 -0.03325880318880081
v 0.0253757331520319 0.10300010442733765 -0.03092043846845627
v 0.02828427217900753 0.10300009697675705 -0.028284290805459023
v 0.030920419842004776 0.10300010442733765 -0.02537575177848339
v 0.03325878456234932 0.10300011187791824 -0.02222282811999321
v 0.03527684509754181 0.10300011932849884 -0.01885589398443699
v 0.036955177783966064 0.10300010442733765 -0.015307355672121048
v 0.03827761113643646 0.10300011187791824 -0.011611409485340118
v 0.03923140838742256 0.10300011187791824 -0.007803631946444511
v 0.039807386696338654 0.10300011187791824 -0.003920705057680607
v 0.03999999910593033 0.10300011187791824 -1.9907961501530735e-08
v 0.039807386696338654 0.10300011187791824 0.003920665010809898
v 0.03923140838742256 0.10300011187791824 0.007803591899573803
v 0.03827761113643646 0.10300011187791824 0.01161136943846941
v 0.036955177783966064 0.10300011932849884 0.01530731562525034
v 0.03527684509754181 0.10300010442733765 0.018855854868888855
v 0.03325878456234932 0.10300011187791824 0.022222790867090225
v 0.030920419842004776 0.10300011187791824 0.02537570707499981
v 0.02828427217900753 0.10300010442733765 0.02828424610197544
v 0.0253757331520319 0.10300010442733765 0.030920399352908134
v 0.022222809493541718 0.10300011932849884 0.03325876221060753
v 0.01885586977005005 0.10300011932849884 0.035276830196380615
v 0.01530733797699213 0.10300011932849884 0.03695515915751457
v 0.011611385270953178 0.10300011932849884 0.03827759250998497
v 0.0078036109916865826 0.10300011932849884 0.03923138976097107
v 0.003920684568583965 0.10300011932849884 0.03980737924575806
v -1.6288422832744232e-09 0.10300011932849884 0.03999997675418854
v -0.003920687362551689 0.10300012677907944 0.03980737924575806
v -0.007803615182638168 0.10300012677907944 0.03923138976097107
v -0.011611388996243477 0.10300013422966003 0.03827759250998497
v -0.015307341702282429 0.10300013422966003 0.03695515915751457
v -0.01885586977005005 0.10300012677907944 0.035276830196380615
v -0.022222809493541718 0.10300013422966003 0.03325876221060753
v -0.0253757331520319 0.10300011932849884 0.030920399352908134
v -0.02828427217900753 0.10300011932849884 0.02828424610197544
v -0.030920419842004776 0.10300011187791824 0.02537570707499981
v -0.033258792012929916 0.10300011187791824 0.022222790867090225
v -0.035276852548122406 0.10300010442733765 0.018855854868888855
v -0.03695518523454666 0.10300011932849884 0.01530731562525034
v -0.03827761858701706 0.10300011187791824 0.01161136943846941
v -0.03923141583800316 0.10300011187791824 0.007803591899573803
v -0.03980739414691925 0.10300011187791824 0.003920665010809898
v -0.03500000014901161 0.09300011396408081 -1.87158697428913e-08
v -0.034831468015909195 0.09300011396408081 -0.0034306144807487726
v -0.03432748466730118 0.09300011396408081 -0.00682818191125989
v -0.03349291533231735 0.09300011396408081 -0.010159985162317753
v -0.032335784286260605 0.09300011396408081 -0.013393940404057503
v -0.03086724877357483 0.09300011396408081 -0.016498906537890434
v -0.02910144254565239 0.09300010651350021 -0.01944497413933277
v -0.027055369690060616 0.09300012141466141 -0.022203786298632622
v -0.02474874258041382 0.093000128865242 -0.02474876120686531
v -0.022203771397471428 0.09300012141466141 -0.02705538645386696
v -0.019444962963461876 0.09300011396408081 -0.029101457446813583
v -0.01649889163672924 0.09300011396408081 -0.030867261812090874
v -0.013393925502896309 0.09300010651350021 -0.0323358029127121
v -0.010159967467188835 0.09300010651350021 -0.033492933958768845
v -0.0068281651474535465 0.09300010651350021 -0.03432750329375267
v -0.0034306037705391645 0.09300010651350021 -0.03483148664236069
v -3.7274126007957875e-09 0.09300010651350021 -0.0350000225007534
v 0.0034305965527892113 0.09300010651350021 -0.03483148664236069
v 0.00682815769687295 0.09300009906291962 -0.03432750329375267
v 0.010159960016608238 0.09300009906291962 -0.033492933958768845
v 0.013393918052315712 0.09300009161233902 -0.0323358029127121
v 0.016498882323503494 0.09300010651350021 -0.030867261812090874
v 0.01944495551288128 0.09300009906291962 -0.029101457446813583
v 0.02220376394689083 0.09300010651350021 -0.02705538645386696
v 0.02474873512983322 0.09300011396408081 -0.02474876120686531
v 0.02705536223948002 0.09300010651350021 -0.022203786298632622
v 0.029101435095071793 0.09300010651350021 -0.01944497413933277
v 0.030867241322994232 0.09300011396408081 -0.016498906537890434
v 0.032335784286260605 0.09300011396408081 -0.013393940404057503
v 0.03349291533231735 0.09300011396408081 -0.010159985162317753
v 0.03432748466730118 0.09300011396408081 -0.00682818191125989
v 0.034831468015909195 0.09300011396408081 -0.0034306144807487726
v 0.03500000014901161 0.09300011396408081 -1.871586796653446e-08
v 0.034831468015909195 0.09300011396408081 0.0034305844455957413
v 0.03432748466730118 0.09300011396408081 0.006828144658356905
v 0.03349291533231735 0.09300011396408081 0.010159946978092194
v 0.032335784286260605 0.09300011396408081 0.013393902219831944
v 0.030867241322994232 0.09300011396408081 0.0164988674223423
v 0.029101435095071793 0.09300012141466141 0.019444935023784637
v 0.02705536223948002 0.09300010651350021 0.022203747183084488
v 0.02474873512983322 0.09300009906291962 0.024748723953962326
v 0.02220376394689083 0.09300010651350021 0.027055349200963974
v 0.01944495551288128 0.09300011396408081 0.02910141460597515
v 0.016498882323503494 0.09300011396408081 0.03086722269654274
v 0.013393918052315712 0.09300012141466141 0.032335758209228516
v 0.010159960016608238 0.09300012141466141 0.03349289298057556
v 0.00682815769687295 0.09300012141466141 0.034327466040849686
v 0.0034305965527892113 0.09300012141466141 0.0348314493894577
v -3.7274094921713186e-09 0.09300012141466141 0.03499998152256012
v -0.0034306037705391645 0.09300012141466141 0.0348314493894577
v -0.0068281651474535465 0.093000128865242 0.034327466040849686
v -0.010159967467188835 0.093000128865242 0.03349289298057556
v -0.013393925502896309 0.093000128865242 0.032335758209228516
v -0.01649889163672924 0.09300012141466141 0.03086722269654274
v -0.019444962963461876 0.09300012141466141 0.02910141460597515
v -0.022203771397471428 0.09300012141466141 0.027055349200963974
v -0.02474874258041382 0.09300011396408081 0.024748723953962326
v -0.027055369690060616 0.09300012141466141 0.022203747183084488
v -0.02910144254565239 0.09300012141466141 0.019444935023784637
v -0.03086724877357483 0.09300011396408081 0.0164988674223423
v -0.032335784286260605 0.09300011396408081 0.013393902219831944
v -0.03349291533231735 0.09300011396408081 0.010159946978092194
v -0.03432748466730118 0.09300011396408081 0.006828144658356905
v -0.034831468015909195 0.09300011396408081 0.0034305844455957413
v -0.04000000283122063 0.09300011396408081 -1.87158697428913e-08
v -0.03980739042162895 0.09300011396408081 -0.003920703660696745
v -0.03923141211271286 0.09300011396408081 -0.0078036305494606495
v -0.03827761486172676 0.09300011396408081 -0.011611401103436947
v -0.03695518150925636 0.09300010651350021 -0.015307354740798473
v -0.03527684882283211 0.09300012141466141 -0.01885589398443699
v -0.03325878828763962 0.09300011396408081 -0.02222282811999321
v -0.030920423567295074 0.09300011396408081 -0.02537575177848339
v -0.02828427590429783 0.09300012141466141 -0.028284290805459023
v -0.025375736877322197 0.09300012141466141 -0.03092043846845627
v -0.022222813218832016 0.09300010651350021 -0.03325880691409111
v -0.018855873495340347 0.09300009906291962 -0.0352768674492836
v -0.015307343564927578 0.09300010651350021 -0.036955200135707855
v -0.011611390858888626 0.09300010651350021 -0.03827763721346855
v -0.0078036170452833176 0.09300010651350021 -0.03923143073916435
v -0.003920689690858126 0.09300010651350021 -0.039807409048080444
v -3.7274126007957875e-09 0.09300010651350021 -0.04000002145767212
v 0.003920682240277529 0.09300010651350021 -0.039807409048080444
v 0.007803609129041433 0.09300009161233902 -0.03923143073916435
v 0.01161138340830803 0.09300009161233902 -0.03827763721346855
v 0.015307335183024406 0.09300009161233902 -0.036955200135707855
v 0.01885586604475975 0.09300009906291962 -0.0352768674492836
v 0.02222280576825142 0.09300009161233902 -0.03325880691409111
v 0.0253757294267416 0.09300010651350021 -0.03092043846845627
v 0.028284268453717232 0.09300010651350021 -0.028284290805459023
v 0.030920416116714478 0.09300011396408081 -0.02537575177848339
v 0.03325878828763962 0.09300011396408081 -0.02222282811999321
v 0.03527684882283211 0.09300012141466141 -0.01885589398443699
v 0.03695518150925636 0.09300010651350021 -0.015307354740798473
v 0.03827761486172676 0.09300011396408081 -0.011611401103436947
v 0.03923141211271286 0.09300011396408081 -0.0078036305494606495
v 0.03980739042162895 0.09300011396408081 -0.003920703660696745
v 0.04000000283122063 0.09300011396408081 -1.871586796653446e-08
v 0.03980739042162895 0.09300011396408081 0.003920665942132473
v 0.03923141211271286 0.09300011396408081 0.007803593296557665
v 0.03827761486172676 0.09300011396408081 0.011611370369791985
v 0.03695518150925636 0.09300012141466141 0.015307324007153511
v 0.03527684882283211 0.09300010651350021 0.018855854868888855
v 0.03325878828763962 0.09300011396408081 0.022222790867090225
v 0.030920416116714478 0.09300011396408081 0.025375714525580406
v 0.028284268453717232 0.09300010651350021 0.028284253552556038
v 0.0253757294267416 0.09300010651350021 0.030920399352908134
v 0.02222280576825142 0.09300012141466141 0.03325876221060753
v 0.01885586604475975 0.09300012141466141 0.035276830196380615
v 0.015307335183024406 0.09300012141466141 0.03695515915751457
v 0.01161138340830803 0.09300012141466141 0.03827759250998497
v 0.007803609129041433 0.09300012141466141 0.03923138976097107
v 0.003920682240277529 0.09300012141466141 0.03980737924575806
v -3.7274094921713186e-09 0.09300012141466141 0.03999997675418854
v -0.003920689690858126 0.093000128865242 0.03980737924575806
v -0.0078036170452833176 0.093000128865242 0.03923138976097107
v -0.011611390858888626 0.093000128865242 0.03827759250998497
v -0.015307343564927578 0.093000128865242 0.03695515915751457
v -0.018855873495340347 0.093000128865242 0.035276830196380615
v -0.022222813218832016 0.093000128865242 0.03325876221060753
v -0.025375736877322197 0.09300012141466141 0.030920399352908134
v -0.02828427590429783 0.09300012141466141 0.028284253552556038
v -0.030920423567295074 0.09300011396408081 0.025375714525580406
v -0.03325878828763962 0.09300011396408081 0.022222790867090225
v -0.03527684882283211 0.09300010651350021 0.018855854868888855
v -0.03695518150925636 0.09300012141466141 0.015307324007153511
v -0.03827761486172676 0.09300011396408081 0.011611370369791985
v -0.03923141211271286 0.09300011396408081 0.007803593296557665
v -0.03980739042162895 0.09300011396408081 0.003920665942132473
v -0.029850568622350693 0.10300011187791824 -0.0029400454368442297
v -0.02999499998986721 0.10300011187791824 -1.9907963277887575e-08
v -0.02941865473985672 0.10300011932849884 -0.005851758178323507
v -0.02870342694222927 0.10300010442733765 -0.008707105182111263
v -0.027711763978004456 0.10300011932849884 -0.011478612199425697
v -0.026453226804733276 0.10300012677907944 -0.0141395702958107
v -0.02493993379175663 0.10300011932849884 -0.016664348542690277
v -0.023186448961496353 0.10300011932849884 -0.019028645008802414
v -0.02120966836810112 0.10300011187791824 -0.021209683269262314
v -0.01902862824499607 0.10300011187791824 -0.023186467587947845
v -0.016664329916238785 0.10300011187791824 -0.02493995428085327
v -0.014139547944068909 0.10300011932849884 -0.02645324543118477
v -0.01147859264165163 0.10300011187791824 -0.027711782604455948
v -0.008707091212272644 0.10300011187791824 -0.028703443706035614
v -0.005851736292243004 0.10300011187791824 -0.02941867522895336
v -0.002940025646239519 0.10300011187791824 -0.029850583523511887
v -1.6054036988677467e-09 0.10300011187791824 -0.029995022341609
v 0.0029400228522717953 0.10300011187791824 -0.029850583523511887
v 0.005851732566952705 0.10300011187791824 -0.02941867522895336
v 0.008707086555659771 0.10300009697675705 -0.028703443706035614
v 0.011478588916361332 0.10300011187791824 -0.027711782604455948
v 0.01413954421877861 0.10300010442733765 -0.02645324543118477
v 0.016664329916238785 0.10300010442733765 -0.02493995428085327
v 0.01902862824499607 0.10300010442733765 -0.023186467587947845
v 0.02120966836810112 0.10300009697675705 -0.021209683269262314
v 0.023186448961496353 0.10300010442733765 -0.019028645008802414
v 0.02493993379175663 0.10300010442733765 -0.016664348542690277
v 0.026453226804733276 0.10300011187791824 -0.0141395702958107
v 0.027711763978004456 0.10300010442733765 -0.011478612199425697
v 0.02870342694222927 0.10300010442733765 -0.008707105182111263
v 0.02941865473985672 0.10300011932849884 -0.005851758178323507
v 0.029850568622350693 0.10300011187791824 -0.0029400454368442297
v 0.02999499998986721 0.10300011187791824 -1.9907961501530735e-08
v 0.029850568622350693 0.10300011187791824 0.0029400053899735212
v 0.02941865473985672 0.10300010442733765 0.005851718131452799
v 0.02870342694222927 0.10300011932849884 0.008707065135240555
v 0.027711763978004456 0.10300010442733765 0.011478572152554989
v 0.026453226804733276 0.10300009697675705 0.014139530248939991
v 0.02493993379175663 0.10300010442733765 0.016664311289787292
v 0.023186448961496353 0.10300010442733765 0.01902860775589943
v 0.02120966836810112 0.10300011187791824 0.02120964601635933
v 0.01902862824499607 0.10300011187791824 0.02318642847239971
v 0.016664329916238785 0.10300011187791824 0.024939915165305138
v 0.01413954421877861 0.10300011187791824 0.026453206315636635
v 0.011478588916361332 0.10300011187791824 0.02771175093948841
v 0.008707086555659771 0.10300011187791824 0.02870340459048748
v 0.005851732566952705 0.10300011187791824 0.02941863052546978
v 0.0029400228522717953 0.10300011187791824 0.029850546270608902
v -1.6054055862468886e-09 0.10300011187791824 0.029994985088706017
v -0.002940025646239519 0.10300011187791824 0.029850546270608902
v -0.005851736292243004 0.10300011187791824 0.02941863052546978
v -0.008707091212272644 0.10300012677907944 0.02870340459048748
v -0.01147859264165163 0.10300011932849884 0.02771175093948841
v -0.014139547944068909 0.10300011932849884 0.026453206315636635
v -0.016664329916238785 0.10300011932849884 0.024939915165305138
v -0.01902862824499607 0.10300011932849884 0.02318642847239971
v -0.02120966836810112 0.10300012677907944 0.02120964601635933
v -0.023186448961496353 0.10300011932849884 0.01902860775589943
v -0.02493993379175663 0.10300011932849884 0.016664311289787292
v -0.026453226804733276 0.10300011187791824 0.014139530248939991
v -0.027711763978004456 0.10300011932849884 0.011478572152554989
v -0.02870342694222927 0.10300011932849884 0.008707065135240555
v -0.02941865473985672 0.10300010442733765 0.005851718131452799
v -0.029850568622350693 0.10300011187791824 0.0029400053899735212
v -0.026453230530023575 0.093000128865242 -0.014139560982584953
v -0.02120967209339142 0.093000128865242 0.02120964601635933
v -0.027711767703294754 0.09300012141466141 -0.011478611268103123
v -0.01902863197028637 0.09300012141466141 0.02318642847239971
v -0.02870343066751957 0.09300010651350021 -0.008707104250788689
v -0.016664333641529083 0.09300012141466141 0.024939915165305138
v -0.02941865846514702 0.09300012141466141 -0.0058517493307590485
v -0.014139549806714058 0.09300012141466141 0.026453206315636635
v -0.02985057234764099 0.09300011396408081 -0.0029400442726910114
v -0.01147859450429678 0.09300012141466141 0.027711743488907814
v -0.008707093074917793 0.093000128865242 0.02870340459048748
v -0.005851738154888153 0.09300011396408081 0.029418637976050377
v -0.002940027741715312 0.09300011396408081 0.029850546270608902
v -3.7039729061660864e-09 0.09300011396408081 0.029994985088706017
v 0.0029400207567960024 0.09300011396408081 0.029850546270608902
v 0.005851730704307556 0.09300011396408081 0.029418637976050377
v 0.008707084693014622 0.09300011396408081 0.02870340459048748
v 0.011478587053716183 0.09300011396408081 0.027711743488907814
v 0.014139542356133461 0.09300011396408081 0.026453206315636635
v 0.016664326190948486 0.09300011396408081 0.024939915165305138
v 0.019028624519705772 0.09300011396408081 0.02318642847239971
v 0.02120966464281082 0.09300011396408081 0.02120964601635933
v 0.023186445236206055 0.09300010651350021 0.01902860775589943
v 0.02493993006646633 0.09300010651350021 0.016664311289787292
v 0.026453223079442978 0.09300009906291962 0.014139531180262566
v 0.027711760252714157 0.09300010651350021 0.011478573083877563
v 0.028703423216938972 0.09300012141466141 0.008707073517143726
v 0.02941865101456642 0.09300010651350021 0.005851719528436661
v 0.029850564897060394 0.09300011396408081 0.0029400065541267395
v 0.029994996264576912 0.09300011396408081 -1.871586796653446e-08
v 0.029850564897060394 0.09300011396408081 -0.0029400442726910114
v 0.02941865101456642 0.09300012141466141 -0.0058517493307590485
v 0.028703423216938972 0.09300010651350021 -0.008707104250788689
v 0.027711760252714157 0.09300010651350021 -0.011478611268103123
v 0.026453223079442978 0.09300011396408081 -0.014139560982584953
v 0.02493993006646633 0.09300010651350021 -0.016664348542690277
v 0.023186445236206055 0.09300010651350021 -0.019028645008802414
v 0.02120966464281082 0.09300009906291962 -0.021209683269262314
v 0.019028624519705772 0.09300010651350021 -0.023186467587947845
v 0.016664326190948486 0.09300010651350021 -0.02493995428085327
v 0.014139542356133461 0.09300010651350021 -0.02645324543118477
v 0.011478587053716183 0.09300010651350021 -0.027711782604455948
v 0.008707084693014622 0.09300009906291962 -0.028703443706035614
v 0.005851730704307556 0.09300011396408081 -0.02941867522895336
v 0.0029400207567960024 0.09300011396408081 -0.029850587248802185
v -3.703970907764642e-09 0.09300011396408081 -0.029995018616318703
v -0.002940027741715312 0.09300011396408081 -0.029850587248802185
v -0.005851738154888153 0.09300011396408081 -0.02941867522895336
v -0.008707093074917793 0.09300011396408081 -0.028703443706035614
v -0.02999500371515751 0.09300011396408081 -1.87158697428913e-08
v -0.01147859450429678 0.09300011396408081 -0.027711782604455948
v -0.02985057234764099 0.09300011396408081 0.0029400065541267395
v -0.014139549806714058 0.09300011396408081 -0.02645324543118477
v -0.02941865846514702 0.09300010651350021 0.005851719528436661
v -0.016664333641529083 0.09300011396408081 -0.02493995428085327
v -0.02870343066751957 0.09300012141466141 0.008707073517143726
v -0.01902863197028637 0.09300011396408081 -0.023186467587947845
v -0.027711767703294754 0.09300012141466141 0.011478573083877563
v -0.02120967209339142 0.09300011396408081 -0.021209683269262314
v -0.026453230530023575 0.09300011396408081 0.014139531180262566
v -0.02493993751704693 0.09300012141466141 -0.016664348542690277
v -0.02318645268678665 0.09300012141466141 -0.019028645008802414
v -0.02318645268678665 0.09300012141466141 0.01902860775589943
v -0.02493993751704693 0.09300012141466141 0.016664311289787292
v -0.029850555583834648 0.17300012707710266 -0.0029400691855698824
v -0.029994986951351166 0.17300012707710266 -3.5882006699239355e-08
v -0.029418641701340675 0.17300011217594147 -0.005851766560226679
v -0.028703413903713226 0.17300011217594147 -0.008707129396498203
v -0.02771175093948841 0.17300011217594147 -0.01147862896323204
v -0.026453213766217232 0.17300009727478027 -0.014139578677713871
v -0.024939918890595436 0.17300011217594147 -0.016664374619722366
v -0.02318643406033516 0.17300011217594147 -0.019028661772608757
v -0.021209655329585075 0.17300011217594147 -0.021209707483649254
v -0.019028615206480026 0.17300011217594147 -0.02318648435175419
v -0.01666431687772274 0.17300011217594147 -0.02493997849524021
v -0.01413953211158514 0.17300011217594147 -0.02645326964557171
v -0.011478575877845287 0.17300012707710266 -0.02771179936826229
v -0.008707074448466301 0.17300011217594147 -0.028703467920422554
v -0.005851721856743097 0.17300011217594147 -0.029418693855404854
v -0.002940010977908969 0.17300011217594147 -0.029850607737898827
v 1.3103747420473155e-08 0.17300011217594147 -0.029995033517479897
v 0.0029400375206023455 0.17300011217594147 -0.029850607737898827
v 0.005851747002452612 0.17300011217594147 -0.029418693855404854
v 0.008707103319466114 0.17300011217594147 -0.028703467920422554
v 0.0114786047488451 0.17300012707710266 -0.02771179936826229
v 0.014139560051262379 0.17300011217594147 -0.02645326964557171
v 0.01666434295475483 0.17300011217594147 -0.02493997849524021
v 0.019028641283512115 0.17300011217594147 -0.02318648435175419
v 0.021209681406617165 0.17300011217594147 -0.021209707483649254
v 0.023186462000012398 0.17300009727478027 -0.019028661772608757
v 0.024939946830272675 0.17300009727478027 -0.016664374619722366
v 0.02645323984324932 0.17300009727478027 -0.014139578677713871
v 0.02771177887916565 0.17300009727478027 -0.01147862896323204
v 0.028703441843390465 0.17300009727478027 -0.008707129396498203
v 0.029418667778372765 0.17300009727478027 -0.005851766560226679
v 0.029850581660866737 0.17300009727478027 -0.0029400691855698824
v 0.029995013028383255 0.17300009727478027 -3.5882006699239355e-08
v 0.029850581660866737 0.17300009727478027 0.002939981874078512
v 0.029418667778372765 0.17300011217594147 0.0058516948483884335
v 0.028703441843390465 0.17300012707710266 0.008707056753337383
v 0.02771177887916565 0.17300011217594147 0.01147855632007122
v 0.02645323984324932 0.17300011217594147 0.014139506034553051
v 0.024939946830272675 0.17300011217594147 0.016664287075400352
v 0.023186462000012398 0.17300011217594147 0.019028590992093086
v 0.021209681406617165 0.17300009727478027 0.021209636703133583
v 0.019028641283512115 0.17300011217594147 0.02318641170859337
v 0.01666434295475483 0.17300011217594147 0.024939890950918198
v 0.014139560051262379 0.17300011217594147 0.026453182101249695
v 0.0114786047488451 0.17300011217594147 0.02771172672510147
v 0.008707103319466114 0.17300011217594147 0.028703395277261734
v 0.005851747002452612 0.17300011217594147 0.029418621212244034
v 0.0029400375206023455 0.17300009727478027 0.029850535094738007
v 1.3103745644116316e-08 0.17300011217594147 0.029994960874319077
v -0.002940010977908969 0.17300009727478027 0.029850535094738007
v -0.005851721856743097 0.17300011217594147 0.029418621212244034
v -0.008707074448466301 0.17300011217594147 0.028703395277261734
v -0.011478575877845287 0.17300011217594147 0.02771172672510147
v -0.01413953211158514 0.17300011217594147 0.026453182101249695
v -0.01666431687772274 0.17300011217594147 0.024939890950918198
v -0.019028615206480026 0.17300011217594147 0.02318641170859337
v -0.021209655329585075 0.17300009727478027 0.021209636703133583
v -0.02318643406033516 0.17300012707710266 0.019028590992093086
v -0.024939918890595436 0.17300012707710266 0.016664287075400352
v -0.026453213766217232 0.17300012707710266 0.014139506034553051
v -0.02771175093948841 0.17300012707710266 0.01147855632007122
v -0.028703413903713226 0.17300012707710266 0.008707056753337383
v -0.029418641701340675 0.17300012707710266 0.0058516948483884335
v -0.029850555583834648 0.17300012707710266 0.002939981874078512
v -0.029850557446479797 0.16300013661384583 -0.002940068021416664
v -0.029994988813996315 0.16300013661384583 -3.468991138788624e-08
v -0.029418643563985825 0.16300012171268463 -0.005851765628904104
v -0.028703415766358376 0.16300012171268463 -0.00870712660253048
v -0.02771175280213356 0.16300012171268463 -0.011478627100586891
v -0.02645321562886238 0.16300009191036224 -0.014139576815068722
v -0.024939920753240585 0.16300012171268463 -0.016664372757077217
v -0.02318643592298031 0.16300012171268463 -0.019028659909963608
v -0.021209657192230225 0.16300012171268463 -0.021209705621004105
v -0.019028617069125175 0.16300012171268463 -0.02318648248910904
v -0.01666431874036789 0.16300012171268463 -0.02493996173143387
v -0.014139534905552864 0.16300012171268463 -0.02645326778292656
v -0.011478578671813011 0.16300013661384583 -0.02771179750561714
v -0.008707077242434025 0.16300012171268463 -0.028703466057777405
v -0.005851723253726959 0.16300012171268463 -0.029418691992759705
v -0.002940013073384762 0.16300012171268463 -0.029850605875253677
v 1.1005178990330933e-08 0.16300012171268463 -0.029995031654834747
v 0.0029400354251265526 0.16300012171268463 -0.029850605875253677
v 0.00585174560546875 0.16300012171268463 -0.029418691992759705
v 0.00870710052549839 0.16300012171268463 -0.028703466057777405
v 0.011478601954877377 0.16300013661384583 -0.02771179750561714
v 0.014139557257294655 0.16300012171268463 -0.02645326778292656
v 0.01666434109210968 0.16300012171268463 -0.02493996173143387
v 0.019028639420866966 0.16300012171268463 -0.02318648248910904
v 0.021209679543972015 0.16300012171268463 -0.021209705621004105
v 0.02318646013736725 0.16300009191036224 -0.019028659909963608
v 0.024939944967627525 0.16300009191036224 -0.016664372757077217
v 0.026453237980604172 0.16300009191036224 -0.014139576815068722
v 0.0277117770165205 0.16300009191036224 -0.011478627100586891
v 0.028703439980745316 0.16300009191036224 -0.00870712660253048
v 0.029418665915727615 0.16300009191036224 -0.005851765628904104
v 0.029850579798221588 0.16300009191036224 -0.002940068021416664
v 0.029995011165738106 0.16300009191036224 -3.468991138788624e-08
v 0.029850579798221588 0.16300009191036224 0.0029399830382317305
v 0.029418665915727615 0.16300012171268463 0.005851695779711008
v 0.028703439980745316 0.16300013661384583 0.008707058615982533
v 0.0277117770165205 0.16300012171268463 0.01147855818271637
v 0.026453237980604172 0.16300012171268463 0.0141395078971982
v 0.024939944967627525 0.16300012171268463 0.0166642889380455
v 0.02318646013736725 0.16300012171268463 0.019028592854738235
v 0.021209679543972015 0.16300009191036224 0.021209638565778732
v 0.019028639420866966 0.16300012171268463 0.023186413571238518
v 0.01666434109210968 0.16300012171268463 0.024939892813563347
v 0.014139557257294655 0.16300012171268463 0.026453198865056038
v 0.011478601954877377 0.16300012171268463 0.02771172858774662
v 0.00870710052549839 0.16300012171268463 0.028703397139906883
v 0.00585174560546875 0.16300012171268463 0.029418623074889183
v 0.0029400354251265526 0.16300009191036224 0.029850536957383156
v 1.1005177213974093e-08 0.16300012171268463 0.029994962736964226
v -0.002940013073384762 0.16300009191036224 0.029850536957383156
v -0.005851723253726959 0.16300012171268463 0.029418623074889183
v -0.008707077242434025 0.16300012171268463 0.028703397139906883
v -0.011478578671813011 0.16300012171268463 0.02771172858774662
v -0.014139534905552864 0.16300012171268463 0.026453198865056038
v -0.01666431874036789 0.16300012171268463 0.024939892813563347
v -0.019028617069125175 0.16300012171268463 0.023186413571238518
v -0.021209657192230225 0.16300009191036224 0.021209638565778732
v -0.02318643592298031 0.16300013661384583 0.019028592854738235
v -0.024939920753240585 0.16300013661384583 0.0166642889380455
v -0.02645321562886238 0.16300013661384583 0.0141395078971982
v -0.02771175280213356 0.16300013661384583 0.01147855818271637
v -0.028703415766358376 0.16300013661384583 0.008707058615982533
v -0.029418643563985825 0.16300013661384583 0.005851695779711008
v -0.029850557446479797 0.16300013661384583 0.0029399830382317305
v 0.01666710339486599 -0.021999891847372055 0.024944044649600983
v 0.019031796604394913 -0.021999895572662354 0.023190271109342575
v 0.021213198080658913 -0.021999893710017204 0.021213160827755928
v 0.02319030836224556 -0.02199987880885601 0.01903175376355648
v 0.024944083765149117 -0.02199987880885601 0.016667062416672707
v 0.026457633823156357 -0.02199988253414631 0.014141859486699104
v 0.02771637961268425 -0.02199987880885601 0.011480461806058884
v 0.028708206489682198 -0.02199988253414631 0.008708497509360313
v 0.029423553496599197 -0.021999884396791458 0.00585266575217247
v 0.02985553629696369 -0.021999884396791458 0.0029404705855995417
v 0.029999995604157448 -0.021999884396791458 -4.506112816216046e-08
v 0.02985553629696369 -0.021999884396791458 -0.0029405588284134865
v 0.029423553496599197 -0.021999884396791458 -0.0058527542278170586
v 0.028708206489682198 -0.021999886259436607 -0.008708583191037178
v 0.02771637961268425 -0.021999886259436607 -0.011480546556413174
v 0.026457633823156357 -0.021999886259436607 -0.014141946099698544
v 0.024944083765149117 -0.021999886259436607 -0.01666715182363987
v 0.02319030836224556 -0.021999886259436607 -0.019031843170523643
v 0.021213198080658913 -0.021999888122081757 -0.021213248372077942
v 0.019031792879104614 -0.021999888122081757 -0.023190360516309738
v 0.01666709966957569 -0.021999888122081757 -0.024944132193922997
v -0.016667114570736885 -0.021999865770339966 -0.024944132193922997
v -0.019031807780265808 -0.021999862045049667 -0.023190360516309738
v -0.021213209256529808 -0.021999862045049667 -0.021213248372077942
v -0.023190319538116455 -0.02199987694621086 -0.019031843170523643
v -0.024944094941020012 -0.02199987694621086 -0.01666715182363987
v -0.026457644999027252 -0.02199987694621086 -0.014141942374408245
v -0.027716392651200294 -0.02199987694621086 -0.011480546556413174
v -0.028708217665553093 -0.021999875083565712 -0.008708581328392029
v -0.029423564672470093 -0.021999873220920563 -0.005852752365171909
v -0.029855547472834587 -0.021999873220920563 -0.0029405569657683372
v -0.030000006780028343 -0.021999873220920563 -4.124643027125785e-08
v -0.029855547472834587 -0.021999873220920563 0.002940472448244691
v -0.029423564672470093 -0.021999873220920563 0.005852667614817619
v -0.028708217665553093 -0.021999871358275414 0.008708499372005463
v -0.027716392651200294 -0.021999871358275414 0.011480463668704033
v -0.026457644999027252 -0.021999871358275414 0.014141861349344254
v -0.024944094941020012 -0.021999871358275414 0.016667066141963005
v -0.023190319538116455 -0.021999871358275414 0.01903175748884678
v -0.021213209256529808 -0.021999871358275414 0.021213160827755928
v -0.01903180405497551 -0.021999869495630264 0.023190271109342575
v -0.016667110845446587 -0.021999869495630264 0.024944044649600983
v 0.015859829261898994 -0.02199987880885601 0.019325217232108116
v 0.017677664756774902 -0.02199988253414631 0.01767762564122677
v 0.0193252544850111 -0.02199988067150116 0.01585979200899601
v 0.02078673429787159 -0.02199988067150116 0.013889214023947716
v 0.02204802632331848 -0.02199988253414631 0.011784876696765423
v 0.023096982389688492 -0.02199987880885601 0.009567043744027615
v 0.02392350509762764 -0.02199988253414631 0.007257073186337948
v 0.024519626051187515 -0.02199988253414631 0.004877215251326561
v 0.024879613891243935 -0.02199988253414631 0.002450384898111224
v 0.024999994784593582 -0.021999884396791458 -4.506112816216046e-08
v 0.024879613891243935 -0.021999884396791458 -0.002450473140925169
v 0.024519626051187515 -0.021999884396791458 -0.004877301864326
v 0.02392350509762764 -0.021999884396791458 -0.007257162127643824
v 0.023096982389688492 -0.021999886259436607 -0.009567128494381905
v 0.02204802632331848 -0.021999886259436607 -0.011784963309764862
v 0.02078673429787159 -0.021999886259436607 -0.013889298774302006
v 0.0193252544850111 -0.021999886259436607 -0.015859875828027725
v 0.017677664756774902 -0.021999886259436607 -0.01767771504819393
v 0.015859827399253845 -0.021999886259436607 -0.01932530477643013
v -0.01585984043776989 -0.02199987880885601 -0.01932530477643013
v -0.017677675932645798 -0.02199987694621086 -0.01767771504819393
v -0.019325267523527145 -0.02199987694621086 -0.015859875828027725
v -0.020786745473742485 -0.02199987694621086 -0.013889298774302006
v -0.022048037499189377 -0.02199987694621086 -0.011784959584474564
v -0.023096993565559387 -0.02199987694621086 -0.009567128494381905
v -0.023923516273498535 -0.021999875083565712 -0.007257160264998674
v -0.02451963722705841 -0.021999875083565712 -0.004877301864326
v -0.02487962506711483 -0.021999873220920563 -0.0024504712782800198
v -0.025000007823109627 -0.021999873220920563 -4.124643027125785e-08
v -0.02487962506711483 -0.021999873220920563 0.002450386993587017
v -0.02451963722705841 -0.021999873220920563 0.004877215251326561
v -0.023923516273498535 -0.021999873220920563 0.007257075048983097
v -0.023096993565559387 -0.021999871358275414 0.009567045606672764
v -0.022048037499189377 -0.021999871358275414 0.011784878559410572
v -0.020786745473742485 -0.021999873220920563 0.013889215886592865
v -0.019325267523527145 -0.021999873220920563 0.01585979387164116
v -0.017677675932645798 -0.021999871358275414 0.01767762564122677
v -0.01585983857512474 -0.021999871358275414 0.019325217232108116
v 2.94444557624729e-08 0.10300011932849884 0.02999996766448021
v 0.002940543694421649 0.10300011932849884 0.02985551208257675
v 0.005852739792317152 0.10300011932849884 0.02942351996898651
v 0.008708569221198559 0.10300011932849884 0.02870817296206951
v 0.011480533517897129 0.10300011932849884 0.02771635167300701
v 0.01414193119853735 0.10300011932849884 0.026457607746124268
v 0.016667138785123825 0.10300011932849884 0.024944059550762177
v 0.0190318301320076 0.10300011932849884 0.02319028228521347
v 0.021213233470916748 0.10300011187791824 0.021213170140981674
v 0.023190343752503395 0.10300011187791824 0.019031766802072525
v 0.024944117292761803 0.10300011187791824 0.016667073592543602
v 0.026457667350769043 0.10300011187791824 0.014141872525215149
v 0.027716415002942085 0.10300011187791824 0.011480472050607204
v 0.028708240017294884 0.10300011932849884 0.00870850682258606
v 0.029423587024211884 0.10300012677907944 0.005852671805769205
v 0.029855571687221527 0.10300012677907944 0.002940478501841426
v 0.030000029131770134 0.10300012677907944 -3.5166753065141165e-08
v 0.029855571687221527 0.10300012677907944 -0.002940549049526453
v 0.029423587024211884 0.10300012677907944 -0.005852742586284876
v 0.028708240017294884 0.10300012677907944 -0.00870857760310173
v 0.027716415002942085 0.10300012677907944 -0.011480542831122875
v 0.026457667350769043 0.10300011932849884 -0.014141934923827648
v 0.024944117292761803 0.10300011932849884 -0.016667142510414124
v 0.023190343752503395 0.10300011932849884 -0.019031833857297897
v 0.021213233470916748 0.10300012677907944 -0.021213239058852196
v 0.0190318264067173 0.10300012677907944 -0.023190343752503395
v 0.016667133197188377 0.10300012677907944 -0.024944119155406952
v 0.0141419293358922 0.10300013422966003 -0.026457669213414192
v 0.01148053165525198 0.10300012677907944 -0.027716420590877533
v 0.00870856735855341 0.10300012677907944 -0.028708241879940033
v 0.005852736532688141 0.10300014168024063 -0.029423588886857033
v 0.0029405413661152124 0.10300013422966003 -0.029855573549866676
v 2.6821771470508793e-08 0.10300012677907944 -0.03000003658235073
v -0.0029404875822365284 0.10300013422966003 -0.029855573549866676
v -0.005852683447301388 0.10300014168024063 -0.029423588886857033
v -0.008708513341844082 0.10300014168024063 -0.028708241879940033
v -0.011480477638542652 0.10300012677907944 -0.027716420590877533
v -0.014141876250505447 0.10300013422966003 -0.026457669213414192
v -0.0166670810431242 0.10300013422966003 -0.024944119155406952
v -0.019031774252653122 0.10300014168024063 -0.023190343752503395
v -0.021213175728917122 0.10300014168024063 -0.021213239058852196
v -0.02319028601050377 0.10300014168024063 -0.019031833857297897
v -0.024944061413407326 0.10300014168024063 -0.016667133197188377
v -0.026457609608769417 0.10300014168024063 -0.014141934923827648
v -0.02771635726094246 0.10300014168024063 -0.011480535380542278
v -0.028708182275295258 0.10300013422966003 -0.008708570152521133
v -0.029423529282212257 0.10300012677907944 -0.005852742586284876
v -0.0298555139452219 0.10300012677907944 -0.002940549049526453
v -0.029999973252415657 0.10300012677907944 -3.5166756617854844e-08
v -0.0298555139452219 0.10300012677907944 0.002940478501841426
v -0.029423529282212257 0.10300012677907944 0.005852679722011089
v -0.028708182275295258 0.10300012677907944 0.00870850682258606
v -0.02771635726094246 0.10300013422966003 0.011480472050607204
v -0.026457609608769417 0.10300013422966003 0.014141872525215149
v -0.024944061413407326 0.10300014168024063 0.016667073592543602
v -0.02319028601050377 0.10300012677907944 0.019031774252653122
v -0.021213175728917122 0.10300012677907944 0.021213170140981674
v -0.019031770527362823 0.10300012677907944 0.02319028228521347
v -0.0166670773178339 0.10300012677907944 0.024944059550762177
v -0.014141874387860298 0.10300012677907944 0.026457607746124268
v -0.011480475775897503 0.10300012677907944 0.02771635167300701
v -0.008708511479198933 0.10300012677907944 0.02870817296206951
v -0.005852680653333664 0.10300011932849884 0.02942351996898651
v -0.002940485253930092 0.10300011932849884 0.02985551208257675
v 2.922589992238045e-08 0.10300011932849884 0.024999966844916344
v 0.0024504580069333315 0.10300012677907944 0.024879589676856995
v 0.004877287428826094 0.10300011932849884 0.024519598111510277
v 0.007257146295160055 0.10300011187791824 0.023923475295305252
v 0.00956711545586586 0.10300011187791824 0.023096950724720955
v 0.011784948408603668 0.10300011932849884 0.02204800210893154
v 0.013889285735785961 0.10300011932849884 0.02078671008348465
v 0.01585986278951168 0.10300011932849884 0.01932523027062416
v 0.01767769828438759 0.10300011932849884 0.017677640542387962
v 0.019325289875268936 0.10300011187791824 0.015859797596931458
v 0.020786769688129425 0.10300011187791824 0.013889224268496037
v 0.022048059850931168 0.10300011187791824 0.011784885078668594
v 0.023097015917301178 0.10300011187791824 0.009567050263285637
v 0.023923538625240326 0.10300011932849884 0.007257083430886269
v 0.0245196595788002 0.10300011932849884 0.004877223167568445
v 0.02487964741885662 0.10300011932849884 0.002450396539643407
v 0.025000030174851418 0.10300011932849884 -3.5166753065141165e-08
v 0.02487964741885662 0.10300012677907944 -0.0024504673201590776
v 0.0245196595788002 0.10300011932849884 -0.004877293948084116
v 0.023923538625240326 0.10300011932849884 -0.007257153745740652
v 0.023097015917301178 0.10300011932849884 -0.009567121043801308
v 0.022048059850931168 0.10300011932849884 -0.011784955859184265
v 0.020786769688129425 0.10300012677907944 -0.013889295049011707
v 0.019325289875268936 0.10300011932849884 -0.01585986837744713
v 0.01767769828438759 0.10300011932849884 -0.017677700147032738
v 0.01585986092686653 0.10300012677907944 -0.019325291737914085
v 0.013889283873140812 0.10300012677907944 -0.020786771550774574
v 0.011784945614635944 0.10300012677907944 -0.022048061713576317
v 0.00956711359322071 0.10300012677907944 -0.023097019642591476
v 0.007257144432514906 0.10300013422966003 -0.023923542350530624
v 0.0048772855661809444 0.10300013422966003 -0.02451966516673565
v 0.0024504554457962513 0.10300013422966003 -0.02487965114414692
v 2.7040327310601242e-08 0.10300012677907944 -0.025000035762786865
v -0.0024504016619175673 0.10300013422966003 -0.02487965114414692
v -0.004877231549471617 0.10300013422966003 -0.02451966516673565
v -0.007257089950144291 0.10300013422966003 -0.023923542350530624
v -0.009567059576511383 0.10300013422966003 -0.023097019642591476
v -0.011784892529249191 0.10300013422966003 -0.022048061713576317
v -0.013889230787754059 0.10300013422966003 -0.020786771550774574
v -0.015859806910157204 0.10300013422966003 -0.019325291737914085
v -0.01767764240503311 0.10300013422966003 -0.017677700147032738
v -0.01932523213326931 0.10300014168024063 -0.01585986837744713
v -0.0207867119461298 0.10300014168024063 -0.01388928759843111
v -0.02204800397157669 0.10300014168024063 -0.011784948408603668
v -0.0230969600379467 0.10300014168024063 -0.009567121043801308
v -0.02392348274588585 0.10300014168024063 -0.007257153745740652
v -0.024519603699445724 0.10300013422966003 -0.004877293948084116
v -0.024879589676856995 0.10300013422966003 -0.002450459636747837
v -0.02499997243285179 0.10300013422966003 -3.5166756617854844e-08
v -0.024879589676856995 0.10300013422966003 0.002450396539643407
v -0.024519603699445724 0.10300013422966003 0.004877223167568445
v -0.02392348274588585 0.10300013422966003 0.007257083430886269
v -0.0230969600379467 0.10300014168024063 0.009567050263285637
v -0.02204800397157669 0.10300013422966003 0.011784885078668594
v -0.0207867119461298 0.10300013422966003 0.013889224268496037
v -0.01932523213326931 0.10300012677907944 0.015859805047512054
v -0.01767764240503311 0.10300013422966003 0.017677640542387962
v -0.015859805047512054 0.10300012677907944 0.01932523027062416
v -0.01388922892510891 0.10300012677907944 0.02078671008348465
v -0.011784890666604042 0.10300012677907944 0.02204800210893154
v -0.009567057713866234 0.10300012677907944 0.023096950724720955
v -0.007257088087499142 0.10300011187791824 0.023923475295305252
v -0.00487722922116518 0.10300011932849884 0.024519598111510277
v -0.0024503993336111307 0.10300012677907944 0.024879589676856995
v -0.028037497773766518 0.005656879395246506 -0.01058309804648161
v -0.022616470232605934 0.005656879395246506 -0.010583097115159035
v 0.022616473957896233 0.005656884983181953 -0.010583098977804184
v 0.028037499636411667 0.005656883120536804 -0.010583099909126759
v -0.028764130547642708 0.0084854019805789 -0.008485324680805206
v -0.028708212077617645 0.008239078335464 -0.008708580397069454
v -0.023484066128730774 0.008485402911901474 -0.008485324680805206
v 0.023484066128730774 0.008485406637191772 -0.008485326543450356
v 0.028764134272933006 0.008485405705869198 -0.008485326543450356
v -0.028982697054743767 0.009276250377297401 -0.007612762041389942
v 0.02379627153277397 0.009276238270103931 -0.007612765766680241
v -0.02379627153277397 0.009276249445974827 -0.0076127625070512295
v 0.028982697054743767 0.009276237338781357 -0.007612766232341528
v -0.029942214488983154 0.011942343786358833 -0.0011762480717152357
v 0.024942219257354736 0.011942332610487938 -0.001176251913420856
v 0.029942220076918602 0.011942330747842789 -0.001176251913420856
v -0.02494220621883869 0.01194234099239111 -0.0011762480717152357
v -0.023923510685563087 0.009539982303977013 -0.007257157005369663
v -0.029452629387378693 0.01058318093419075 -0.005656803492456675
v -0.029423559084534645 0.010465733706951141 -0.005852749105542898
v -0.02432437799870968 0.010583180002868176 -0.005656804423779249
v 0.02432437427341938 0.01058316882699728 -0.005656807217746973
v 0.029452621936798096 0.010583169758319855 -0.005656808149069548
v 0.024519633501768112 0.010951852425932884 -0.004877300001680851
v -0.029219627380371094 0.00997775699943304 -0.006666884757578373
v -0.02407137118279934 0.00997775699943304 -0.006666885688900948
v 0.024071363732218742 0.009977761656045914 -0.006666888482868671
v 0.029423559084534645 0.010465736500918865 -0.005852752365171909
v 0.029219629243016243 0.009977759793400764 -0.006666888948529959
v -0.029610542580485344 0.011086675338447094 -0.004592243582010269
v 0.024561919271945953 0.011086679063737392 -0.004592247772961855
v 0.029610538855195045 0.011086679063737392 -0.004592248238623142
v -0.024561917409300804 0.011086675338447094 -0.0045922440476715565
v 0.023923512548208237 0.009539972059428692 -0.007257159799337387
v -0.024519631639122963 0.01095186360180378 -0.004877299070358276
v -0.028254127129912376 0.0066669657826423645 -0.009977679699659348
v 0.02309698797762394 0.007220529485493898 -0.009567128494381905
v -0.02290281280875206 0.0066669657826423645 -0.009977678768336773
v 0.02290281280875206 0.006666955538094044 -0.009977679699659348
v 0.028254123404622078 0.006666953209787607 -0.009977680630981922
v -0.028505124151706696 0.007612843532115221 -0.009276168420910835
v -0.02320108935236931 0.007612843532115221 -0.009276168420910835
v -0.02309698797762394 0.007220539730042219 -0.009567126631736755
v 0.023201096802949905 0.007612832821905613 -0.009276170283555984
v 0.028505124151706696 0.007612830959260464 -0.009276170283555984
v 0.028708212077617645 0.00823906809091568 -0.008708582259714603
v -0.02985554002225399 0.011619390919804573 -0.002940553240478039
v -0.02988499216735363 0.0117695527151227 -0.002341127023100853
v 0.024884993210434914 0.011769542470574379 -0.002341129817068577
v 0.02487962134182453 0.011742153204977512 -0.002450470579788089
v 0.02988499216735363 0.011769541539251804 -0.0023411307483911514
v -0.024879617616534233 0.011742145754396915 -0.002450467785820365
v -0.024884987622499466 0.011769551783800125 -0.002341127023100853
v -0.02977500669658184 0.011483404785394669 -0.0034834586549550295
v 0.024726392701268196 0.011483409442007542 -0.0034834626130759716
v 0.02985554374754429 0.011619393713772297 -0.0029405562672764063
v 0.029775012284517288 0.011483407579362392 -0.0034834619145840406
v -0.024726388975977898 0.011483404785394669 -0.003483459120616317
v -0.02771507389843464 0.0034835394471883774 -0.011483325622975826
v -0.022190693765878677 0.003483537817373872 -0.011483325622975826
v 0.02771506831049919 0.003483527572825551 -0.011483327485620975
v 0.022190691903233528 0.0034835292026400566 -0.011483327485620975
v -0.027716387063264847 0.0034913215786218643 -0.01148054376244545
v 0.027716387063264847 0.0034913094714283943 -0.011480545625090599
v -0.02785734459757805 0.004592319019138813 -0.011086596176028252
v -0.02237832546234131 0.004592318087816238 -0.011086596176028252
v 0.022378332912921906 0.004592324141412973 -0.011086598038673401
v 0.02785734459757805 0.004592324141412973 -0.011086598969995975
v -0.030000006780028343 0.012000128626823425 -4.2438522029897285e-08
v 0.02500000223517418 0.01200011745095253 -4.625321992079989e-08
v 0.030000003054738045 0.012000116519629955 -4.625321992079989e-08
v -0.02500000223517418 0.01200012769550085 -4.2438522029897285e-08
v -0.029942218214273453 0.011942344717681408 0.0011761632049456239
v 0.024942221119999886 0.011942333541810513 0.0011761594796553254
v -0.02494220994412899 0.01194234099239111 0.0011761632049456239
v 0.02994222193956375 0.011942331679165363 0.0011761594796553254
v -0.027498014271259308 0.0011763342190533876 -0.011942258104681969
v -0.021953748539090157 0.001176332705654204 -0.011942258104681969
v 0.02749801240861416 0.0011763222282752395 -0.011942259967327118
v 0.021953752264380455 0.001176323858089745 -0.011942259967327118
v 0.024561919271945953 0.011086680926382542 0.004592156037688255
v 0.024519633501768112 0.010951854288578033 0.004877216182649136
v -0.029610540717840195 0.011086678132414818 0.004592159762978554
v 0.029610540717840195 0.011086680926382542 0.004592154175043106
v -0.024561908096075058 0.011086677201092243 0.004592158831655979
v -0.02985554002225399 0.011619407683610916 0.0029404752422124147
v 0.024726390838623047 0.011483408510684967 0.0034833704121410847
v -0.02977500669658184 0.011483405716717243 0.003483373438939452
v 0.029775014147162437 0.011483408510684967 0.0034833704121410847
v -0.02472638711333275 0.011483404785394669 0.003483373438939452
v -0.02988499216735363 0.0117695527151227 0.0023410420399159193
v 0.024884993210434914 0.011769542470574379 0.002341038314625621
v 0.02487962134182453 0.011742153204977512 0.0024503865279257298
v -0.024884985759854317 0.011769551783800125 0.0023410411085933447
v -0.024879617616534233 0.011742163449525833 0.0024503886234015226
v 0.02985554374754429 0.011619394645094872 0.0029404722154140472
v 0.02988499216735363 0.011769541539251804 0.002341038314625621
v -0.02921963483095169 0.009977760724723339 0.0066668009385466576
v 0.029219631105661392 0.009977763518691063 0.006666797213256359
v -0.023923510685563087 0.009539985097944736 0.007257077377289534
v -0.024071374908089638 0.009977759793400764 0.0066668009385466576
v 0.02407136559486389 0.009977764450013638 0.006666797213256359
v -0.029452629387378693 0.010583183728158474 0.0056567201390862465
v 0.029423559084534645 0.010465724393725395 0.005852667614817619
v 0.029452625662088394 0.010583171620965004 0.0056567140854895115
v -0.024324383586645126 0.0105831827968359 0.005656718276441097
v 0.02432437613606453 0.010583172552287579 0.005656715948134661
v -0.027579745277762413 0.0023412054870277643 -0.011769465170800686
v -0.02204803191125393 0.0022367422934621572 -0.011784958653151989
v -0.022055355831980705 0.0023412040900439024 -0.011769464239478111
v 0.027579735964536667 0.002341193612664938 -0.01176946610212326
v 0.022055359557271004 0.0023411950096488 -0.01176946610212326
v 0.02204803191125393 0.002236748579889536 -0.011784960515797138
v -0.024519629776477814 0.010951850563287735 0.0048772189766168594
v -0.029423559084534645 0.010465721599757671 0.005852671340107918
v -0.027579741552472115 -0.002340954262763262 -0.011769464239478111
v -0.02204803191125393 -0.0022364938631653786 -0.011784961447119713
v -0.022055361419916153 -0.0023409556597471237 -0.011769464239478111
v 0.027579737827181816 -0.002340966137126088 -0.01176946610212326
v 0.022055363282561302 -0.0023409647401422262 -0.01176946610212326
v 0.02204803191125393 -0.002236502943560481 -0.011784962378442287
v -0.027498014271259308 -0.0011760828783735633 -0.011942258104681969
v -0.021953750401735306 -0.0011760845081880689 -0.011942258104681969
v 0.02749801240861416 -0.0011760948691517115 -0.011942259967327118
v 0.021953750401735306 -0.0011760932393372059 -0.011942259967327118
v -0.027470679953694344 1.2569857688049524e-07 -0.012000042013823986
v -0.021919118240475655 1.241179887756516e-07 -0.012000042013823986
v 0.027470683678984642 1.1367367847014975e-07 -0.012000043876469135
v 0.021919116377830505 1.1525425946956602e-07 -0.012000043876469135
v -0.028982708230614662 0.009276253171265125 0.007612679619342089
v 0.028982698917388916 0.009276241064071655 0.007612674031406641
v -0.02379627712070942 0.00927625223994255 0.0076126777566969395
v 0.02379627525806427 0.00927624199539423 0.007612674031406641
v 0.023923512548208237 0.009539974853396416 0.007257075514644384
v -0.027715075761079788 -0.003483288222923875 -0.011483325622975826
v -0.022190695628523827 -0.0034832898527383804 -0.011483324691653252
v 0.02771507203578949 -0.003483300097286701 -0.011483327485620975
v 0.022190693765878677 -0.0034832984674721956 -0.011483326554298401
v -0.027716387063264847 -0.003491070121526718 -0.011480545625090599
v 0.027716387063264847 -0.003491066861897707 -0.011480547487735748
v -0.02785734459757805 -0.004592083860188723 -0.011086593382060528
v -0.022378334775567055 -0.00459208432585001 -0.011086594313383102
v 0.022378331050276756 -0.004592078737914562 -0.011086596176028252
v 0.02785734087228775 -0.0045920792035758495 -0.011086596176028252
v -0.028708212077617645 0.008239082992076874 0.008708499372005463
v -0.023201100528240204 0.0076128458604216576 0.00927608273923397
v 0.028505127876996994 0.007612834218889475 0.009276080876588821
v -0.028505127876996994 0.0076128472574055195 0.00927608273923397
v 0.023201096802949905 0.007612835615873337 0.009276080876588821
v 0.02309698984026909 0.007220516912639141 0.00956704467535019
v -0.02290280908346176 0.006666968576610088 0.009977592155337334
v -0.02309698797762394 0.007220527157187462 0.009567046537995338
v 0.028254125267267227 0.006666958332061768 0.009977592155337334
v -0.028254127129912376 0.006666969507932663 0.009977592155337334
v 0.02290281467139721 0.006666958797723055 0.009977592155337334
v -0.028764134272933006 0.008485405705869198 0.008485238067805767
v 0.028764134272933006 0.008485409431159496 0.008485236205160618
v -0.023484062403440475 0.008485404774546623 0.008485238067805767
v 0.023484067991375923 0.008485393598675728 0.008485236205160618
v -0.028505127876996994 -0.007612590212374926 -0.009276164695620537
v -0.023201093077659607 -0.0076125916093587875 -0.009276164695620537
v 0.023201096802949905 -0.007612601853907108 -0.009276166558265686
v 0.02309698797762394 -0.007220282685011625 -0.009567128494381905
v 0.028505126014351845 -0.00761260325089097 -0.009276166558265686
v -0.028708212077617645 -0.008238826878368855 -0.00870857946574688
v 0.028708212077617645 0.008239070884883404 0.008708499372005463
v -0.028037505224347115 -0.005656643770635128 -0.010583095252513885
v -0.022616470232605934 -0.005656644236296415 -0.010583095252513885
v 0.022616470232605934 -0.005656639114022255 -0.010583097115159035
v 0.028037497773766518 -0.005656639579683542 -0.010583097115159035
v -0.028254130855202675 -0.006666713859885931 -0.009977675974369049
v -0.02290281280875206 -0.006666714325547218 -0.009977675974369049
v 0.02290281094610691 -0.006666724570095539 -0.009977675974369049
v 0.02825411967933178 -0.006666725501418114 -0.009977675974369049
v -0.028764134272933006 -0.008485165424644947 -0.008485320955514908
v -0.023484062403440475 -0.008485149592161179 -0.008485320955514908
v 0.023484067991375923 -0.0084851598367095 -0.008485322818160057
v 0.028708212077617645 -0.008238838985562325 -0.008708583191037178
v 0.028764134272933006 -0.008485160768032074 -0.008485322818160057
v -0.02309698797762394 -0.007220288272947073 -0.009567126631736755
v 0.028037501499056816 0.005656887777149677 0.01058301143348217
v -0.022616470232605934 0.005656883120536804 0.01058301329612732
v -0.028037497773766518 0.0056568835861980915 0.01058301329612732
v 0.022616473957896233 0.005656888242810965 0.01058301143348217
v 0.027857346460223198 0.004592327866703272 0.011086509563028812
v -0.022378331050276756 0.004592323210090399 0.011086512356996536
v -0.027857346460223198 0.004592323675751686 0.011086513288319111
v 0.022378334775567055 0.004592328332364559 0.011086510494351387
v 0.027716387063264847 0.00349129899404943 0.011480463668704033
v -0.022190695628523827 0.0034835427068173885 0.01148324366658926
v 0.02771507203578949 0.0034835324622690678 0.011483240872621536
v -0.027716387063264847 0.0034913111012429 0.011480465531349182
v -0.027715075761079788 0.003483544336631894 0.011483244597911835
v 0.022190695628523827 0.0034835340920835733 0.011483240872621536
v -0.022055357694625854 0.0023412087466567755 0.011769382283091545
v 0.027579737827181816 0.002341198269277811 0.011769380420446396
v -0.027579737827181816 0.0023412101436406374 0.011769382283091545
v 0.022055363282561302 0.002341199666261673 0.011769380420446396
v -0.021919116377830505 1.2888637002106407e-07 0.011999959126114845
v 0.027470681816339493 1.1844205261013485e-07 0.011999957263469696
v -0.02747068740427494 1.3046694391505298e-07 0.011999959126114845
v 0.021919118240475655 1.2002263360955112e-07 0.011999957263469696
v -0.021953750401735306 0.001176337362267077 0.011942176148295403
v 0.027498014271259308 0.0011763270013034344 0.011942174285650253
v -0.027498016133904457 0.0011763389920815825 0.011942176148295403
v 0.021953754127025604 0.00117632863111794 0.011942174285650253
v -0.02204803191125393 0.002236731816083193 0.011784880422055721
v 0.02204803191125393 0.0022367227356880903 0.011784878559410572
v -0.028982695192098618 -0.009275997057557106 -0.007612757850438356
v -0.023923510685563087 -0.009539730846881866 -0.0072571574710309505
v -0.023796269670128822 -0.00927599798887968 -0.007612760178744793
v 0.02379627339541912 -0.009276008233428001 -0.007612762041389942
v 0.028982698917388916 -0.009276009164750576 -0.007612762041389942
v -0.029452625662088394 -0.010582927614450455 -0.005656798370182514
v -0.02432437613606453 -0.01058292854577303 -0.005656800232827663
v 0.02432437613606453 -0.01058293879032135 -0.005656802095472813
v 0.029452621936798096 -0.010582939721643925 -0.005656802095472813
v 0.029423559084534645 -0.010465492494404316 -0.005852753296494484
v -0.024519633501768112 -0.010951610282063484 -0.004877299070358276
v -0.029610540717840195 -0.011086436919867992 -0.0045922379940748215
v 0.024561911821365356 -0.011086433194577694 -0.004592242185026407
v 0.029610533267259598 -0.011086434125900269 -0.0045922440476715565
v -0.024561919271945953 -0.011086436919867992 -0.004592239856719971
v -0.029423559084534645 -0.010465480387210846 -0.005852751433849335
v -0.029219631105661392 -0.009977519512176514 -0.0066668810322880745
v -0.024071374908089638 -0.009977520443499088 -0.0066668810322880745
v 0.02407136559486389 -0.009977515786886215 -0.006666884757578373
v 0.02921963296830654 -0.00997751671820879 -0.006666884757578373
v 0.024519629776477814 -0.010951606556773186 -0.004877300933003426
v -0.022190691903233528 -0.0034832851961255074 0.01148324366658926
v 0.02771507017314434 -0.003483295440673828 0.011483241803944111
v -0.02771507389843464 -0.003483283333480358 0.01148324366658926
v 0.022190695628523827 -0.0034832938108593225 0.011483241803944111
v -0.029884986579418182 -0.011769297532737255 -0.00234112236648798
v 0.024884989485144615 -0.011769307777285576 -0.0023411251604557037
v 0.02988499030470848 -0.01176930870860815 -0.0023411260917782784
v -0.024884989485144615 -0.01176929846405983 -0.00234112236648798
v 0.023923512548208237 -0.009539741091430187 -0.007257159799337387
v -0.021953752264380455 -0.001176079735159874 0.011942176148295403
v 0.027498014271259308 -0.0011760900961235166 0.011942174285650253
v -0.02749801240861416 -0.0011760781053453684 0.011942176148295403
v 0.021953752264380455 -0.001176088466309011 0.011942174285650253
v -0.022055359557271004 -0.002340950770303607 0.011769382283091545
v -0.02204803191125393 -0.0022364892065525055 0.011784879490733147
v 0.027579737827181816 -0.0023409612476825714 0.011769380420446396
v -0.027579734101891518 -0.0023409647401422262 0.011769382283091545
v 0.02204803004860878 -0.002236498286947608 0.011784876696765423
v 0.022055359557271004 -0.0023409598506987095 0.011769380420446396
v 0.024879617616534233 -0.01174191851168871 -0.0024504715111106634
v 0.02985554188489914 -0.011619147844612598 -0.0029405581299215555
v -0.02487962134182453 -0.011741908267140388 -0.002450469648465514
v -0.02985554374754429 -0.011619150638580322 -0.0029405553359538317
v -0.029775016009807587 -0.011483164504170418 -0.0034834544640034437
v 0.02472638711333275 -0.01148316077888012 -0.0034834572579711676
v 0.02977500855922699 -0.011483161710202694 -0.0034834572579711676
v -0.024726390838623047 -0.011483164504170418 -0.0034834544640034437
v 0.02785734087228775 -0.004592075012624264 0.011086512356996536
v -0.022378336638212204 -0.004592079669237137 0.011086514219641685
v -0.027857350185513496 -0.004592078737914562 0.011086514219641685
v 0.022378331050276756 -0.004592074081301689 0.011086512356996536
v -0.030000003054738045 -0.011999872513115406 -3.7670151442625865e-08
v 0.02499999850988388 -0.011999883688986301 -4.148484933352847e-08
v 0.029999999329447746 -0.011999884620308876 -4.148484933352847e-08
v -0.025000007823109627 -0.01199987344443798 -3.7670151442625865e-08
v -0.0299422238022089 -0.011942087672650814 -0.0011762434151023626
v 0.024942215532064438 -0.011942097917199135 -0.001176247140392661
v 0.029942216351628304 -0.011942099779844284 -0.001176247140392661
v -0.02494220994412899 -0.011942088603973389 -0.0011762434151023626
v 0.027716387063264847 -0.003491062205284834 0.011480461806058884
v -0.027716387063264847 -0.003491065464913845 0.011480463668704033
v -0.028982702642679214 -0.009275992400944233 0.0076126824133098125
v 0.028982698917388916 -0.009276006370782852 0.0076126777566969395
v -0.02379627898335457 -0.009275995194911957 0.007612681481987238
v 0.023923510685563087 -0.009539738297462463 0.0072570741176605225
v 0.02379627339541912 -0.009276005439460278 0.007612678222358227
v -0.028764141723513603 -0.008485160768032074 0.00848524272441864
v 0.028764134272933006 -0.008485157042741776 0.008485239930450916
v -0.02348407357931137 -0.008485162630677223 0.00848524272441864
v 0.023484066128730774 -0.00848515797406435 0.008485239930450916
v -0.02921963669359684 -0.009977515786886215 0.006666805129498243
v 0.029219629243016243 -0.009977512992918491 0.0066668009385466576
v -0.023923510685563087 -0.009539727121591568 0.007257075980305672
v -0.024071363732218742 -0.009977517649531364 0.006666804663836956
v 0.02407136559486389 -0.009977512992918491 0.006666801869869232
v -0.029942212626338005 -0.01194208674132824 0.0011761679779738188
v 0.024942215532064438 -0.01194209698587656 0.0011761642526835203
v -0.024942219257354736 -0.011942088603973389 0.0011761679779738188
v 0.029942218214273453 -0.01194209884852171 0.0011761642526835203
v 0.028037497773766518 -0.005656634923070669 0.010583014227449894
v -0.022616473957896233 -0.005656640976667404 0.010583015158772469
v -0.028037505224347115 -0.0056566400453448296 0.010583015158772469
v 0.022616470232605934 -0.005656634923070669 0.01058301329612732
v 0.024519629776477814 -0.010951620526611805 0.004877215716987848
v -0.029452625662088394 -0.010582925751805305 0.005656724330037832
v 0.029452627524733543 -0.0105829369276762 0.0056567201390862465
v -0.02432437799870968 -0.01058292668312788 0.005656723864376545
v 0.02432437613606453 -0.010582935996353626 0.0056567201390862465
v 0.024561913684010506 -0.011086431331932545 0.004592159762978554
v -0.029610538855195045 -0.011086435057222843 0.004592164419591427
v 0.029610533267259598 -0.011086431331932545 0.0045921592973172665
v -0.024519633501768112 -0.01095160935074091 0.0048772175796329975
v -0.024561915546655655 -0.011086434125900269 0.004592163488268852
v -0.029884982854127884 -0.011769297532737255 0.002341046929359436
v 0.024884987622499466 -0.01176930870860815 0.0023410432040691376
v -0.024884991347789764 -0.011769299395382404 0.002341046929359436
v 0.02988499030470848 -0.01176930870860815 0.0023410432040691376
v -0.029423559084534645 -0.01046549342572689 0.005852669943124056
v -0.02985554374754429 -0.011619149707257748 0.002940473146736622
v 0.024879617616534233 -0.011741919443011284 0.002450385596603155
v -0.02487962134182453 -0.011741908267140388 0.002450387692078948
v 0.029423559084534645 -0.010465490631759167 0.005852666683495045
v 0.02472638711333275 -0.011483161710202694 0.003483374835923314
v -0.029775014147162437 -0.011483163572847843 0.0034833780955523252
v 0.02977500855922699 -0.01148316077888012 0.003483374835923314
v 0.02985554188489914 -0.011619146913290024 0.0029404712840914726
v -0.024726392701268196 -0.011483164504170418 0.0034833780955523252
v -0.02309698984026909 -0.007220285478979349 0.009567046537995338
v -0.023201100528240204 -0.007612588815391064 0.009276086464524269
v 0.028505124151706696 -0.0076125990599393845 0.00927608460187912
v -0.028505131602287292 -0.0076125869527459145 0.009276086464524269
v 0.023201094940304756 -0.0076125990599393845 0.00927608460187912
v 0.02825411967933178 -0.00666672270745039 0.009977594949305058
v -0.02290281653404236 -0.006666711997240782 0.009977596811950207
v -0.028254127129912376 -0.0066667101345956326 0.009977597743272781
v 0.02290281094610691 -0.006666721776127815 0.009977594949305058
v 0.02309698797762394 -0.0072202784940600395 0.00956704467535019
v 0.028708212077617645 -0.0082388361915946 0.008708498440682888
v -0.028708212077617645 -0.008238822221755981 0.008708500303328037
v -0.015100004151463509 -0.021999865770339966 -0.025883421301841736
v -0.015100003220140934 -0.02199987880885601 -0.01988883875310421
v -0.015100001357495785 -0.021999871358275414 0.019888751208782196
v -0.01510000228881836 -0.021999869495630264 0.02401445247232914
v -0.01510000228881836 -0.021999871358275414 0.021352583542466164
v -0.01510000228881836 -0.021999871358275414 0.022598696872591972
v -0.015100004151463509 -0.021999863907694817 -0.021352671086788177
v -0.015100003220140934 -0.021999863907694817 -0.022598784416913986
v -0.015100003220140934 -0.021999865770339966 -0.024014540016651154
v 0.015099998563528061 -0.021999891847372055 0.025883330032229424
v 0.015099996700882912 -0.021999886259436607 -0.019888831302523613
v 0.015099998563528061 -0.02199987694621086 0.01988874562084675
v 0.015099998563528061 -0.021999893710017204 0.022598708048462868
v 0.015099998563528061 -0.021999893710017204 0.024014458060264587
v 0.015099998563528061 -0.021999893710017204 0.021352587267756462
v 0.015099996700882912 -0.021999886259436607 -0.02259879559278488
v 0.015099997632205486 -0.021999888122081757 -0.0240145456045866
v 0.015099997632205486 -0.021999886259436607 -0.021352674812078476
v -0.015099998563528061 1.299890897143996e-07 0.025883333757519722
v -0.01510000228881836 -0.021999869495630264 0.025883333757519722
v -0.015100001357495785 1.2000332105799316e-07 -0.025883419439196587
v -0.015100001357495785 1.207179280982018e-07 -0.019888833165168762
v -0.015099998563528061 1.2927449688504566e-07 0.019888751208782196
v 0.01510000042617321 1.2413730132720957e-07 0.025883333757519722
v 0.015099999494850636 1.1415153267080314e-07 -0.025883419439196587
v 0.015099996700882912 -0.021999888122081757 -0.025883417576551437
v 0.015099999494850636 1.1486613971101178e-07 -0.019888833165168762
v 0.01510000042617321 1.2342269428700092e-07 0.019888751208782196
v -0.01480985525995493 0.002945992164313793 0.02605724148452282
v -0.014809857122600079 0.002945982152596116 -0.026057325303554535
v -0.014809857122600079 0.002945982851088047 -0.020104020833969116
v -0.01480985525995493 0.0029459914658218622 0.0201039370149374
v -0.008389106951653957 0.012555323541164398 0.028788184747099876
v -0.008708536624908447 0.012318413704633713 0.028708171099424362
v -0.008389108814299107 0.012555310502648354 -0.023518512025475502
v -0.008389108814299107 0.012555309571325779 -0.028788264840841293
v -0.008389106951653957 0.012555320747196674 0.023518439382314682
v -0.014449799433350563 0.004383431281894445 0.026273051276803017
v -0.014449801295995712 0.004383420571684837 -0.02627313882112503
v -0.014449801295995712 0.004383421503007412 -0.020371051505208015
v -0.014449798502027988 0.004383430350571871 0.020370975136756897
v -0.015027287416160107 0.0014801869401708245 0.025926915928721428
v -0.01502729021012783 0.0014801769284531474 -0.02592700719833374
v -0.01502729021012783 0.0014801776269450784 -0.019942762330174446
v -0.015027287416160107 0.0014801861252635717 0.01994267664849758
v 0.014809858985245228 0.0029459858778864145 0.02605724148452282
v 0.014809857122600079 0.0029459758661687374 -0.026057325303554535
v 0.014809857122600079 0.0029459765646606684 -0.020104020833969116
v 0.014809858985245228 0.0029459851793944836 0.0201039370149374
v -0.007118090055882931 0.013317134231328964 -0.02395838126540184
v -0.007257114164531231 0.013233806006610394 -0.02392355352640152
v -0.007118087727576494 0.01331713143736124 0.02910655550658703
v -0.007118087727576494 0.013317130506038666 0.023958289995789528
v -0.007257112301886082 0.013233818113803864 0.023923467844724655
v -0.007118090521544218 0.013317137025296688 -0.029106639325618744
v 0.008389110676944256 0.012555306777358055 -0.023518508300185204
v 0.008389112539589405 0.01255531795322895 0.028788184747099876
v 0.008389110676944256 0.01255530584603548 -0.028788268566131592
v 0.008389112539589405 0.012555315159261227 0.023518439382314682
v 0.015027289278805256 0.0014801808865740895 0.025926915928721428
v 0.015027288347482681 0.0014801708748564124 -0.02592700719833374
v 0.015027288347482681 0.0014801715733483434 -0.019942762330174446
v 0.015027289278805256 0.0014801801880821586 0.01994267664849758
v 0.008708542212843895 0.012318397872149944 -0.02870825119316578
v 0.009579339064657688 0.011672568507492542 -0.023091237992048264
v 0.009567088447511196 0.011681662872433662 -0.023097027093172073
v 0.008708544075489044 0.012318409979343414 0.028708171099424362
v 0.009579340927302837 0.011672581546008587 0.028396595269441605
v 0.009579340927302837 0.011672579683363438 0.023091156035661697
v 0.009567090310156345 0.011681674048304558 0.023096945136785507
v 0.009579339064657688 0.011672569438815117 -0.028396671637892723
v 0.011672459542751312 0.009579460136592388 -0.02210126258432865
v 0.011784922331571579 0.009427818469703197 -0.02204807475209236
v 0.011672461405396461 0.009579470381140709 0.02762555703520775
v 0.011672461405396461 0.009579470381140709 0.022101180627942085
v 0.011784924194216728 0.009427828714251518 0.022047987207770348
v 0.011672458611428738 0.009579462930560112 -0.027625640854239464
v 0.012555193156003952 0.008389239199459553 0.027208052575588226
v 0.012555191293358803 0.008389228954911232 -0.02720813825726509
v 0.012555191293358803 0.008389230817556381 -0.021586382761597633
v 0.012555192224681377 0.008389239199459553 0.021586308255791664
v 0.014449799433350563 0.00438342522829771 0.026273051276803017
v 0.014449797570705414 0.004383415915071964 -0.020371051505208015
v 0.014449797570705414 0.00438341498374939 -0.026273127645254135
v 0.014449799433350563 0.004383424296975136 0.020370975136756897
v 0.014141902327537537 0.005243929568678141 0.02645759843289852
v 0.011480509303510189 0.009791246615350246 0.027716346085071564
v 0.013950581662356853 0.005778643302619457 0.02654808945953846
v 0.013950579799711704 0.0057786330580711365 -0.026548175141215324
v 0.014141900464892387 0.00524391932412982 -0.02645767852663994
v 0.013950579799711704 0.005778633989393711 -0.02074129693210125
v 0.013950581662356853 0.005778642371296883 0.02074122056365013
v 0.01067731250077486 0.010677424259483814 -0.02257193624973297
v 0.01067731436342001 0.010677434504032135 0.028003733605146408
v 0.01067731436342001 0.010677432641386986 0.022571848705410957
v 0.01067731250077486 0.01067742332816124 -0.028003813698887825
v 0.011480508372187614 0.009791252203285694 -0.02771642804145813
v 0.013889256864786148 0.005908287595957518 -0.02078677900135517
v 0.013889258727431297 0.0059082964435219765 0.020786700770258904
v -0.0058527071960270405 0.013915615156292915 -0.029423600062727928
v -0.009579338133335114 0.011672585271298885 0.028396595269441605
v -0.009567084722220898 0.01168167032301426 -0.023097027093172073
v -0.009579339064657688 0.011672576889395714 -0.023091228678822517
v -0.009579339064657688 0.01167257409542799 -0.028396671637892723
v -0.008708538487553596 0.012318401597440243 -0.02870825119316578
v -0.009567082859575748 0.011681679636240005 0.023096945136785507
v -0.009579337202012539 0.011672585271298885 0.023091156035661697
v 0.007257120218127966 0.013233806006610394 -0.02392355352640152
v 0.00711809191852808 0.013317134231328964 -0.02395838126540184
v 0.007118093781173229 0.013317127712070942 0.029106559231877327
v 0.007118093781173229 0.013317142613232136 0.023958293721079826
v 0.007257122080773115 0.01323381345719099 0.023923467844724655
v 0.007118091452866793 0.013317129574716091 -0.029106639325618744
v -0.010677310638129711 0.010677436366677284 0.028003733605146408
v -0.01067731250077486 0.010677426122128963 -0.022571932524442673
v -0.01067731250077486 0.010677425190806389 -0.028003809973597527
v -0.010677309706807137 0.010677436366677284 0.022571848705410957
v -0.013950579799711704 0.005778649356216192 0.02654808945953846
v -0.013950581662356853 0.005778638646006584 -0.026548167690634727
v -0.013889256864786148 0.005908293649554253 -0.02078677900135517
v -0.013950581662356853 0.005778639577329159 -0.02074129320681095
v -0.013950579799711704 0.00577864795923233 0.020741218701004982
v -0.013889255933463573 0.005908302031457424 0.020786700770258904
v -0.013317008502781391 0.00711821811273694 0.02684774063527584
v -0.01331701036542654 0.00711820600554347 -0.026847820729017258
v -0.01331701036542654 0.007118208799511194 -0.02112976834177971
v -0.013317008502781391 0.007118217181414366 0.02112969197332859
v 0.005852715577930212 0.013915609568357468 0.029423514381051064
v -0.011480499058961868 0.009791250340640545 0.027716342359781265
v -0.014141901396214962 0.005243935156613588 0.02645759843289852
v -0.01167245302349329 0.009579474106431007 0.02762555703520775
v -0.011672455817461014 0.009579464793205261 -0.027625640854239464
v -0.011480501852929592 0.009791241027414799 -0.02771642617881298
v -0.011672455817461014 0.00957946665585041 -0.02210126630961895
v -0.011672452092170715 0.009579459205269814 0.022101182490587234
v -0.014141902327537537 0.005243940278887749 -0.02645767852663994
v -0.011784916743636131 0.009427824057638645 -0.02204807475209236
v -0.011784915812313557 0.009427833370864391 0.022047989070415497
v -0.0043832953087985516 0.01444992795586586 0.029641486704349518
v -0.004383297171443701 0.01444991771131754 -0.02459295466542244
v -0.004383297637104988 0.014449916779994965 -0.029641564935445786
v -0.0043832953087985516 0.01444992609322071 0.024592863395810127
v -0.0029458608478307724 0.014809989370405674 0.029854705557227135
v -0.002945863176137209 0.014809978194534779 -0.024806169793009758
v -0.002945863176137209 0.014809975400567055 -0.029854791238904
v -0.0029458608478307724 0.0148099884390831 0.024806082248687744
v 0.004877263680100441 0.014273183420300484 0.02451959066092968
v 0.005778523162007332 0.013950705528259277 0.029434524476528168
v 0.005778520833700895 0.013950693421065807 -0.024293920025229454
v 0.0057785226963460445 0.013950703665614128 0.024293838068842888
v 0.005778520368039608 0.013950692489743233 -0.029434602707624435
v 0.004383300896733999 0.01444992609322071 0.024592863395810127
v 0.004877261817455292 0.014273173175752163 -0.024519674479961395
v 0.0043833013623952866 0.014449927024543285 0.029641486704349518
v 0.00438329903408885 0.01444991584867239 -0.024592941626906395
v 0.004383298568427563 0.014449914917349815 -0.029641572386026382
v -0.00487725343555212 0.014273183420300484 0.02451959066092968
v -0.005778518971055746 0.013950695283710957 -0.024293920025229454
v -0.005852704402059317 0.013915611431002617 0.029423514381051064
v -0.0057785166427493095 0.013950706459581852 0.029434524476528168
v -0.005778519436717033 0.013950694352388382 -0.029434602707624435
v -0.005778517108410597 0.013950705528259277 0.024293838068842888
v -0.0014800580684095621 0.015027415938675404 -0.024927332997322083
v -0.0014800556236878037 0.015027427114546299 0.029927246272563934
v -0.0014800583012402058 0.015027416869997978 -0.0299273282289505
v -0.0014800558565184474 0.015027410350739956 0.024927249178290367
v -0.0024504228495061398 0.014883475378155708 0.02487957663834095
v 0.002450434258207679 0.014883473515510559 0.02487957663834095
v 0.0029458669014275074 0.01480998657643795 0.024806085973978043
v 0.0029458669014275074 0.0148099884390831 0.029854705557227135
v 0.0029405204113572836 0.014810781925916672 0.029855499044060707
v 0.002945864573121071 0.014809978194534779 -0.024806169793009758
v 0.0029405178502202034 0.014810768887400627 -0.02985558472573757
v 0.002945864573121071 0.014809975400567055 -0.029854791238904
v -0.01255518663674593 0.008389244787395 0.027208052575588226
v -0.012555189430713654 0.00838923454284668 -0.02720813825726509
v -0.012555189430713654 0.00838923454284668 -0.021586382761597633
v -0.012555187568068504 0.008389243856072426 0.021586306393146515
v 0.01331701222807169 0.007118212524801493 0.02684774063527584
v 0.01331701036542654 0.007118204142898321 -0.026847820729017258
v 0.01331701036542654 0.0071182032115757465 -0.02112976834177971
v 0.01331701222807169 0.007118211593478918 0.02112969383597374
v -0.004877255763858557 0.014273175038397312 -0.024519674479961395
v -0.0024504251778125763 0.014883464202284813 -0.024879660457372665
v -0.002940508769825101 0.014810782857239246 0.029855499044060707
v -0.0029405110981315374 0.014810768887400627 -0.02985558472573757
v 7.072701313504126e-10 0.015100126154720783 -0.025000043213367462
v 2.892841743928898e-09 0.01510013360530138 0.024999961256980896
v 3.1113991383335815e-09 0.015100134536623955 0.02999996207654476
v 4.8871323654609e-10 0.01510012149810791 -0.030000047758221626
v 0.005852712783962488 0.013915613293647766 -0.029423600062727928
v 0.0014800617936998606 0.015027410350739956 0.024927249178290367
v 0.0014800596982240677 0.015027415938675404 -0.024927325546741486
v 0.0014800620265305042 0.01502741128206253 0.029927246272563934
v 0.001480059465393424 0.01502741314470768 -0.029927335679531097
v 0.0024504319299012423 0.014883462339639664 -0.024879662320017815
v -0.05000003054738045 0.040000151842832565 -1.239778324446661e-08
v -0.030000029131770134 0.04000014811754227 -1.6212480247190797e-08
v 0.04999997466802597 0.040000129491090775 -2.3841872476282333e-08
v 0.029999973252415657 0.04000013321638107 -2.3841874252639172e-08
v 0.04999997466802597 0.0398075208067894 0.0039206612855196
v 0.029999973252415657 0.0398075208067894 0.003920665010809898
v 0.04999997466802597 0.039231546223163605 0.0078035881742835045
v 0.029999973252415657 0.039231546223163605 0.007803591899573803
v 0.04999997466802597 0.038277748972177505 0.011611361987888813
v 0.029999971389770508 0.038277748972177505 0.011611365713179111
v 0.04999997839331627 0.03695531561970711 0.015307311899960041
v 0.029999971389770508 0.036955300718545914 0.015307319350540638
v 0.04999997466802597 0.03527699038386345 0.018855851143598557
v 0.029999973252415657 0.03527699038386345 0.018855851143598557
v 0.04999997466802597 0.03325892239809036 0.022222787141799927
v 0.029999975115060806 0.03325892239809036 0.022222787141799927
v 0.04999997839331627 0.030920544639229774 0.025375714525580406
v 0.029999976977705956 0.030920548364520073 0.025375714525580406
v 0.04999997839331627 0.028284406289458275 0.028284253552556038
v 0.029999976977705956 0.028284410014748573 0.028284253552556038
v 0.04999997839331627 0.025375867262482643 0.030920391902327538
v 0.029999976977705956 0.02537587098777294 0.030920399352908134
v 0.04999997466802597 0.022222943603992462 0.03325876221060753
v 0.029999975115060806 0.02222294732928276 0.03325876593589783
v 0.04999997094273567 0.018856000155210495 0.03527682274580002
v 0.029999980702996254 0.018856003880500793 0.03527682647109032
v 0.04999997094273567 0.015307476744055748 0.03695516288280487
v 0.029999976977705956 0.015307481400668621 0.03695516660809517
v 0.04999997839331627 0.011611523106694221 0.03827759623527527
v 0.029999976977705956 0.011611529625952244 0.03827759996056557
v 0.04999997839331627 0.007803753484040499 0.03923139348626137
v 0.029999975115060806 0.007803742308169603 0.039231397211551666
v 0.04999997466802597 0.00392081867903471 0.03980737552046776
v 0.029999978840351105 0.003920825198292732 0.03980737924575806
v 0.04999997466802597 1.3359642991872533e-07 0.03999998793005943
v 0.029999976977705956 1.4004861270677793e-07 0.03999999165534973
v 0.04999997466802597 -0.003920551389455795 0.03980737552046776
v 0.029999975115060806 -0.003920544870197773 0.03980737924575806
v 0.04999997094273567 -0.007803486194461584 0.03923139348626137
v 0.029999978840351105 -0.007803480140864849 0.039231397211551666
v 0.04999997094273567 -0.011611255817115307 0.03827759623527527
v 0.029999976977705956 -0.011611249297857285 0.03827759996056557
v 0.04999997839331627 -0.015307209454476833 0.03695516288280487
v 0.029999973252415657 -0.015307202935218811 0.03695516660809517
v 0.04999997839331627 -0.018855731934309006 0.035276830196380615
v 0.02999996952712536 -0.018855726346373558 0.035276833921670914
v 0.04999997466802597 -0.022222677245736122 0.033258773386478424
v 0.029999973252415657 -0.022222669795155525 0.03325877711176872
v 0.04999997094273567 -0.025375602766871452 0.030920403078198433
v 0.029999971389770508 -0.025375597178936005 0.03092041239142418
v 0.04999997094273567 -0.028284141793847084 0.028284264728426933
v 0.029999971389770508 -0.028284134343266487 0.028284264728426933
v 0.04999997094273567 -0.030920280143618584 0.0253757257014513
v 0.029999971389770508 -0.03092028945684433 0.0253757257014513
v 0.049999967217445374 -0.03325865417718887 0.022222798317670822
v 0.029999975115060806 -0.03325865790247917 0.022222798317670822
v 0.049999967217445374 -0.03527671843767166 0.018855854868888855
v 0.029999973252415657 -0.03527672216296196 0.018855862319469452
v 0.049999963492155075 -0.036955054849386215 0.015307332389056683
v 0.029999975115060806 -0.036955058574676514 0.015307334251701832
v 0.049999967217445374 -0.03827749565243721 0.011611375026404858
v 0.029999971389770508 -0.03827749192714691 0.01161138154566288
v 0.049999967217445374 -0.03923128545284271 0.007803601678460836
v 0.02999996952712536 -0.03923128545284271 0.007803607266396284
v 0.049999967217445374 -0.039807260036468506 0.0039206743240356445
v 0.02999996952712536 -0.039807260036468506 0.00392067851498723
v 0.049999967217445374 -0.03999987617135048 -1.0490433410836886e-08
v 0.02999996952712536 -0.03999987244606018 -6.675736852201908e-09
v 0.049999967217445374 -0.039807263761758804 -0.003920695278793573
v 0.02999996952712536 -0.039807260036468506 -0.003920695278793573
v 0.049999967217445374 -0.03923128917813301 -0.007803622633218765
v 0.02999996952712536 -0.03923128545284271 -0.007803622633218765
v 0.049999967217445374 -0.03827749565243721 -0.011611396446824074
v 0.029999971389770508 -0.03827749192714691 -0.011611392721533775
v 0.049999963492155075 -0.03695506229996681 -0.0153073500841856
v 0.029999973252415657 -0.036955058574676514 -0.015307346358895302
v 0.049999967217445374 -0.03527671843767166 -0.018855880945920944
v 0.029999971389770508 -0.03527672961354256 -0.018855877220630646
v 0.049999963492155075 -0.03325866907835007 -0.022222820669412613
v 0.02999996580183506 -0.03325866907835007 -0.022222820669412613
v 0.049999967217445374 -0.030920304358005524 -0.025375744327902794
v 0.02999996580183506 -0.030920300632715225 -0.025375744327902794
v 0.049999967217445374 -0.02828415110707283 -0.028284283354878426
v 0.02999996580183506 -0.028284147381782532 -0.028284283354878426
v 0.04999995976686478 -0.0253756120800972 -0.03092043101787567
v 0.02999996580183506 -0.0253756083548069 -0.03092043101787567
v 0.049999967217445374 -0.022222688421607018 -0.03325880318880081
v 0.02999996393918991 -0.02222268655896187 -0.03325879946351051
v 0.049999967217445374 -0.01885574497282505 -0.0352768637239933
v 0.02999996393918991 -0.0188557431101799 -0.035276859998703
v 0.04999997094273567 -0.015307223424315453 -0.036955200135707855
v 0.02999996393918991 -0.015307220630347729 -0.03695519641041756
v 0.049999963492155075 -0.011611269786953926 -0.03827763721346855
v 0.02999996580183506 -0.011611266992986202 -0.03827763348817825
v 0.049999963492155075 -0.007803499698638916 -0.03923143073916435
v 0.02999996766448021 -0.0078034973703324795 -0.039231427013874054
v 0.04999997094273567 -0.003920564893633127 -0.039807409048080444
v 0.02999996766448021 -0.003920562099665403 -0.039807405322790146
v 0.04999997094273567 1.202449908532799e-07 -0.04000002145767212
v 0.02999996952712536 1.2288246864500252e-07 -0.04000001773238182
v 0.04999997094273567 0.003920805174857378 -0.039807409048080444
v 0.029999971389770508 0.003920807968825102 -0.039807405322790146
v 0.04999997094273567 0.007803739979863167 -0.03923143073916435
v 0.02999996393918991 0.007803726941347122 -0.039231427013874054
v 0.04999997094273567 0.011611510068178177 -0.03827763721346855
v 0.02999996580183506 0.0116115128621459 -0.03827763348817825
v 0.049999963492155075 0.015307463705539703 -0.036955200135707855
v 0.02999996766448021 0.015307466499507427 -0.03695519641041756
v 0.04999995976686478 0.0188559889793396 -0.0352768711745739
v 0.029999975115060806 0.01885599084198475 -0.0352768674492836
v 0.049999967217445374 0.022222932428121567 -0.03325881063938141
v 0.02999996766448021 0.022222934290766716 -0.03325880691409111
v 0.049999967217445374 0.0253758542239666 -0.030920442193746567
v 0.02999996952712536 0.025375861674547195 -0.030920440331101418
v 0.04999997466802597 0.02828439325094223 -0.02828429639339447
v 0.02999996952712536 0.028284400701522827 -0.028284292668104172
v 0.04999997466802597 0.03092053160071373 -0.02537575736641884
v 0.02999996952712536 0.030920539051294327 -0.02537575550377369
v 0.04999997839331627 0.03325891122221947 -0.022222833707928658
v 0.02999996580183506 0.03325891122221947 -0.02222282998263836
v 0.04999997466802597 0.035276979207992554 -0.01885589398443699
v 0.029999971389770508 0.03527698293328285 -0.01885589025914669
v 0.04999997839331627 0.03695531189441681 -0.015307363122701645
v 0.02999996952712536 0.03695531561970711 -0.015307361260056496
v 0.04999997466802597 0.03827774524688721 -0.011611409485340118
v 0.029999971389770508 0.038277748972177505 -0.011611409485340118
v 0.04999997466802597 0.039231542497873306 -0.007803638000041246
v 0.029999973252415657 0.039231546223163605 -0.007803636137396097
v 0.04999997466802597 0.0398075170814991 -0.003920708782970905
v 0.029999973252415657 0.0398075208067894 -0.003920708782970905
v -0.030000029131770134 0.0398075208067894 0.003920672461390495
v -0.05000003054738045 0.0398075245320797 0.003920672461390495
v -0.030000029131770134 0.039231546223163605 0.007803599815815687
v -0.05000003054738045 0.0392315499484539 0.007803599815815687
v -0.030000032857060432 0.0382777638733387 0.01161136943846941
v -0.05000003054738045 0.038277752697467804 0.011611373163759708
v -0.03000003471970558 0.03695531561970711 0.015307323075830936
v -0.05000002682209015 0.036955319344997406 0.015307326801121235
v -0.030000032857060432 0.03527699038386345 0.018855854868888855
v -0.05000003054738045 0.03527699410915375 0.018855858594179153
v -0.030000025406479836 0.03325892612338066 0.022222798317670822
v -0.05000002682209015 0.03325892612338066 0.022222798317670822
v -0.030000025406479836 0.03092055954039097 0.025375721976161003
v -0.05000003054738045 0.030920565128326416 0.025375721976161003
v -0.030000025406479836 0.02828442119061947 0.028284261003136635
v -0.05000003054738045 0.028284410014748573 0.028284261003136635
v -0.030000025406479836 0.025375882163643837 0.03092040866613388
v -0.05000002309679985 0.02537587098777294 0.03092040866613388
v -0.030000023543834686 0.02222294546663761 0.03325877711176872
v -0.05000003054738045 0.02222294732928276 0.03325878083705902
v -0.030000023543834686 0.018856016919016838 0.03527683764696121
v -0.05000003054738045 0.018856018781661987 0.03527684137225151
v -0.030000023543834686 0.015307479538023472 0.036955174058675766
v -0.050000034272670746 0.015307482331991196 0.036955177783966064
v -0.030000025406479836 0.011611525900661945 0.038277607411146164
v -0.05000002682209015 0.01161152869462967 0.03827761113643646
v -0.030000027269124985 0.00780375674366951 0.03923140466213226
v -0.05000002682209015 0.007803759071975946 0.03923140838742256
v -0.030000027269124985 0.003920836839824915 0.039807382971048355
v -0.050000034272670746 0.003920824266970158 0.039807386696338654
v -0.030000029131770134 1.5177573686742107e-07 0.03999999538064003
v -0.050000034272670746 1.3915442309553328e-07 0.03999999910593033
v -0.030000032857060432 -0.0039205485954880714 0.039807382971048355
v -0.050000034272670746 -0.003920545801520348 0.039807386696338654
v -0.030000023543834686 -0.007803467568010092 0.03923140466213226
v -0.050000034272670746 -0.007803465239703655 0.03923140838742256
v -0.030000025406479836 -0.01161123812198639 0.038277607411146164
v -0.050000034272670746 -0.011611235328018665 0.03827761113643646
v -0.030000027269124985 -0.015307191759347916 0.036955174058675766
v -0.05000002682209015 -0.015307188965380192 0.036955177783966064
v -0.03000003658235073 -0.018855730071663857 0.03527684509754181
v -0.05000002309679985 -0.018855728209018707 0.03527684882283211
v -0.030000027269124985 -0.022222675383090973 0.03325878456234932
v -0.05000003054738045 -0.022222671657800674 0.03325878828763962
v -0.03000003471970558 -0.02537558600306511 0.030920417979359627
v -0.05000003054738045 -0.025375595316290855 0.030920419842004776
v -0.03000003471970558 -0.02828412503004074 0.02828427031636238
v -0.050000037997961044 -0.028284132480621338 0.02828427217900753
v -0.03000003471970558 -0.030920280143618584 0.02537573128938675
v -0.050000037997961044 -0.030920272693037987 0.0253757331520319
v -0.030000025406479836 -0.03325863927602768 0.02222280763089657
v -0.05000004172325134 -0.03325863927602768 0.022222809493541718
v -0.030000032857060432 -0.035276707261800766 0.0188558679074049
v -0.050000037997961044 -0.03527670353651047 0.01885586977005005
v -0.030000029131770134 -0.03695503994822502 0.015307338908314705
v -0.05000004172325134 -0.03695503622293472 0.015307340770959854
v -0.030000032857060432 -0.03827747702598572 0.011611387133598328
v -0.050000037997961044 -0.03827747330069542 0.011611387133598328
v -0.03000003471970558 -0.03923127055168152 0.007803612854331732
v -0.050000037997961044 -0.03923126682639122 0.007803615182638168
v -0.03000003471970558 -0.039807260036468506 0.003920685965567827
v -0.050000037997961044 -0.03980725631117821 0.003920685965567827
v -0.03000003471970558 -0.03999985754489899 9.536561540457456e-10
v -0.050000037997961044 -0.03999985381960869 9.536552658673259e-10
v -0.03000003471970558 -0.03980724513530731 -0.0039206878282129765
v -0.050000037997961044 -0.039807260036468506 -0.003920684102922678
v -0.03000003471970558 -0.03923127055168152 -0.007803615182638168
v -0.050000037997961044 -0.03923127055168152 -0.0078036109916865826
v -0.030000032857060432 -0.03827747702598572 -0.011611388996243477
v -0.050000037997961044 -0.03827747702598572 -0.011611385270953178
v -0.030000032857060432 -0.03695503994822502 -0.015307342633605003
v -0.05000004172325134 -0.03695503994822502 -0.015307334251701832
v -0.03000003471970558 -0.03527671471238136 -0.018855873495340347
v -0.050000037997961044 -0.03527671471238136 -0.018855873495340347
v -0.03000003658235073 -0.033258650451898575 -0.022222809493541718
v -0.050000037997961044 -0.033258650451898575 -0.022222809493541718
v -0.03000004030764103 -0.03092028945684433 -0.025375736877322197
v -0.05000004172325134 -0.03092028573155403 -0.025375736877322197
v -0.03000004030764103 -0.028284134343266487 -0.02828427590429783
v -0.05000004172325134 -0.028284147381782532 -0.02828427590429783
v -0.03000004030764103 -0.0253756120800972 -0.030920423567295074
v -0.05000004172325134 -0.0253756083548069 -0.030920416116714478
v -0.03000003844499588 -0.022222671657800674 -0.033258792012929916
v -0.050000037997961044 -0.02222268469631672 -0.03325878828763962
v -0.03000004217028618 -0.01885574497282505 -0.03527684882283211
v -0.050000034272670746 -0.018855741247534752 -0.03527684509754181
v -0.03000003844499588 -0.01530720666050911 -0.03695518895983696
v -0.050000034272670746 -0.015307202003896236 -0.03695518523454666
v -0.03000003844499588 -0.011611254885792732 -0.03827762231230736
v -0.05000004172325134 -0.01161124836653471 -0.03827761858701706
v -0.03000003658235073 -0.007803482934832573 -0.03923141956329346
v -0.05000004172325134 -0.007803478743880987 -0.03923141583800316
v -0.03000004030764103 -0.003920550458133221 -0.03980740159749985
v -0.050000037997961044 -0.0039205593056976795 -0.03980739787220955
v -0.03000003844499588 1.3460960701650038e-07 -0.04000001400709152
v -0.050000037997961044 1.2580298403008783e-07 -0.040000010281801224
v -0.03000003658235073 0.0039208196103572845 -0.03980740159749985
v -0.050000037997961044 0.003920810762792826 -0.03980739787220955
v -0.03000004030764103 0.0078037395142018795 -0.03923141956329346
v -0.050000034272670746 0.0078037455677986145 -0.03923141583800316
v -0.03000003844499588 0.011611509136855602 -0.03827762231230736
v -0.050000034272670746 0.011611515656113625 -0.03827761858701706
v -0.03000003471970558 0.015307462774217129 -0.03695518895983696
v -0.05000004172325134 0.015307469293475151 -0.03695518523454666
v -0.030000029131770134 0.018856002017855644 -0.035276856273412704
v -0.05000004172325134 0.018856007605791092 -0.035276852548122406
v -0.03000003471970558 0.02222294546663761 -0.03325879946351051
v -0.050000037997961044 0.022222936153411865 -0.033258795738220215
v -0.030000032857060432 0.025375856086611748 -0.03092043474316597
v -0.050000034272670746 0.025375861674547195 -0.030920427292585373
v -0.030000032857060432 0.028284410014748573 -0.028284287080168724
v -0.050000034272670746 0.028284400701522827 -0.028284287080168724
v -0.030000032857060432 0.030920548364520073 -0.025375748053193092
v -0.050000034272670746 0.03092055395245552 -0.025375748053193092
v -0.03000003658235073 0.033258914947509766 -0.022222820669412613
v -0.05000003054738045 0.03325891122221947 -0.022222820669412613
v -0.03000003471970558 0.03527698293328285 -0.018855884671211243
v -0.05000003054738045 0.035276979207992554 -0.018855877220630646
v -0.03000003658235073 0.03695531561970711 -0.015307357534766197
v -0.05000002682209015 0.03695531189441681 -0.015307355672121048
v -0.030000032857060432 0.038277748972177505 -0.01161140389740467
v -0.05000003054738045 0.038277752697467804 -0.011611398309469223
v -0.030000029131770134 0.039231546223163605 -0.007803630083799362
v -0.05000003054738045 0.039231546223163605 -0.0078036244958639145
v -0.030000029131770134 0.03980753570795059 -0.003920701332390308
v -0.05000003054738045 0.0398075208067894 -0.00392069760710001
usemtl Alu
f 128 65 1
f 2 67 3
f 127 128 64
f 1 66 2
f 126 127 63
f 83 18 82
f 125 126 62
f 2 66 67
f 64 128 1
f 86 21 85
f 3 67 4
f 4 68 69
f 32 96 33
f 4 69 5
f 70 6 5
f 63 127 64
f 5 69 70
f 125 61 124
f 70 7 6
f 62 61 125
f 109 46 45
f 122 123 59
f 124 59 123
f 71 7 70
f 72 8 7
f 60 59 124
f 7 71 72
f 122 58 121
f 73 8 72
f 59 58 122
f 8 73 9
f 120 121 57
f 106 42 41
f 89 25 88
f 9 74 10
f 50 115 51
f 56 120 57
f 93 29 92
f 75 11 74
f 118 119 55
f 104 40 39
f 11 75 76
f 76 12 11
f 54 118 55
f 77 12 76
f 54 117 118
f 77 13 12
f 53 117 54
f 13 77 14
f 116 117 52
f 52 117 53
f 92 27 91
f 79 14 78
f 52 115 116
f 79 15 14
f 51 115 52
f 15 79 16
f 114 115 50
f 74 11 10
f 106 43 42
f 81 16 80
f 50 113 114
f 81 17 16
f 49 113 50
f 82 17 81
f 82 18 17
f 48 113 49
f 48 112 113
f 19 18 83
f 112 48 111
f 14 77 78
f 41 104 105
f 83 20 19
f 46 111 47
f 84 20 83
f 46 110 111
f 21 20 85
f 110 46 109
f 111 48 47
f 102 39 38
f 22 21 86
f 44 109 45
f 88 23 87
f 44 108 109
f 86 23 22
f 43 108 44
f 87 23 86
f 43 107 108
f 24 23 88
f 107 43 106
f 25 24 88
f 120 55 119
f 16 79 80
f 26 25 89
f 106 41 105
f 9 73 74
f 57 121 58
f 27 26 90
f 40 104 41
f 4 67 68
f 90 26 89
f 28 27 92
f 104 39 103
f 29 28 92
f 102 37 101
f 91 27 90
f 103 39 102
f 30 29 93
f 62 126 63
f 85 20 84
f 102 38 37
f 31 30 94
f 100 36 35
f 32 31 95
f 101 37 36
f 95 31 94
f 101 36 100
f 33 97 98
f 1 65 66
f 34 98 99
f 94 30 93
f 99 35 34
f 100 35 99
f 33 98 34
f 95 96 32
f 61 60 124
f 96 97 33
f 56 55 120
f 158 159 287 286
f 210 209 337 338
f 157 158 286 285
f 209 208 336 337
f 156 157 285 284
f 208 207 335 336
f 155 156 284 283
f 207 206 334 335
f 154 155 283 282
f 206 205 333 334
f 193 256 384 321
f 153 154 282 281
f 205 204 332 333
f 256 255 383 384
f 152 153 281 280
f 204 203 331 332
f 255 254 382 383
f 151 152 280 279
f 203 202 330 331
f 254 253 381 382
f 150 151 279 278
f 202 201 329 330
f 253 252 380 381
f 149 150 278 277
f 201 200 328 329
f 252 251 379 380
f 148 149 277 276
f 200 199 327 328
f 251 250 378 379
f 147 148 276 275
f 199 198 326 327
f 250 249 377 378
f 146 147 275 274
f 198 197 325 326
f 249 248 376 377
f 145 146 274 273
f 197 196 324 325
f 248 247 375 376
f 144 145 273 272
f 196 195 323 324
f 247 246 374 375
f 143 144 272 271
f 195 194 322 323
f 246 245 373 374
f 142 143 271 270
f 194 193 321 322
f 245 244 372 373
f 141 142 270 269
f 192 129 257 320
f 244 243 371 372
f 140 141 269 268
f 191 192 320 319
f 243 242 370 371
f 139 140 268 267
f 190 191 319 318
f 242 241 369 370
f 138 139 267 266
f 189 190 318 317
f 241 240 368 369
f 137 138 266 265
f 188 189 317 316
f 240 239 367 368
f 136 137 265 264
f 187 188 316 315
f 239 238 366 367
f 135 136 264 263
f 186 187 315 314
f 238 237 365 366
f 134 135 263 262
f 185 186 314 313
f 237 236 364 365
f 133 134 262 261
f 184 185 313 312
f 236 235 363 364
f 132 133 261 260
f 183 184 312 311
f 235 234 362 363
f 131 132 260 259
f 182 183 311 310
f 234 233 361 362
f 130 131 259 258
f 181 182 310 309
f 233 232 360 361
f 129 130 258 257
f 180 181 309 308
f 232 231 359 360
f 179 180 308 307
f 231 230 358 359
f 178 179 307 306
f 230 229 357 358
f 177 178 306 305
f 229 228 356 357
f 176 177 305 304
f 228 227 355 356
f 175 176 304 303
f 227 226 354 355
f 174 175 303 302
f 226 225 353 354
f 173 174 302 301
f 225 224 352 353
f 172 173 301 300
f 224 223 351 352
f 171 172 300 299
f 223 222 350 351
f 170 171 299 298
f 222 221 349 350
f 169 170 298 297
f 221 220 348 349
f 168 169 297 296
f 220 219 347 348
f 167 168 296 295
f 219 218 346 347
f 166 167 295 294
f 218 217 345 346
f 165 166 294 293
f 217 216 344 345
f 164 165 293 292
f 216 215 343 344
f 163 164 292 291
f 215 214 342 343
f 162 163 291 290
f 214 213 341 342
f 161 162 290 289
f 213 212 340 341
f 160 161 289 288
f 212 211 339 340
f 159 160 288 287
f 211 210 338 339
f 82 81 209 210
f 188 187 763 764
f 83 82 210 211
f 136 135 711 712
f 84 83 211 212
f 6 7 647 646
f 85 84 212 213
f 57 58 698 697
f 86 85 213 214
f 187 186 762 763
f 87 86 214 215
f 135 134 710 711
f 88 87 215 216
f 5 6 646 645
f 89 88 216 217
f 56 57 697 696
f 90 89 217 218
f 186 185 761 762
f 91 90 218 219
f 134 133 709 710
f 92 91 219 220
f 4 5 645 644
f 93 92 220 221
f 55 56 696 695
f 94 93 221 222
f 185 184 760 761
f 95 94 222 223
f 133 132 708 709
f 96 95 223 224
f 3 4 644 643
f 97 96 224 225
f 54 55 695 694
f 98 97 225 226
f 184 183 759 760
f 99 98 226 227
f 132 131 707 708
f 100 99 227 228
f 2 3 643 641
f 101 100 228 229
f 53 54 694 693
f 102 101 229 230
f 183 182 758 759
f 103 102 230 231
f 131 130 705 707
f 104 103 231 232
f 1 2 641 642
f 52 53 693 692
f 105 104 232 233
f 182 181 757 758
f 130 129 706 705
f 106 105 233 234
f 51 52 692 691
f 181 180 756 757
f 107 106 234 235
f 50 51 691 690
f 180 179 755 756
f 108 107 235 236
f 49 50 690 689
f 179 178 754 755
f 109 108 236 237
f 48 49 689 688
f 178 177 753 754
f 110 109 237 238
f 47 48 688 687
f 177 176 752 753
f 111 110 238 239
f 46 47 687 686
f 176 175 751 752
f 112 111 239 240
f 45 46 686 685
f 175 174 750 751
f 113 112 240 241
f 44 45 685 684
f 174 173 749 750
f 114 113 241 242
f 43 44 684 683
f 173 172 748 749
f 115 114 242 243
f 42 43 683 682
f 172 171 747 748
f 116 115 243 244
f 41 42 682 681
f 171 170 746 747
f 117 116 244 245
f 66 65 193 194
f 40 41 681 680
f 118 117 245 246
f 67 66 194 195
f 170 169 745 746
f 119 118 246 247
f 68 67 195 196
f 39 40 680 679
f 120 119 247 248
f 69 68 196 197
f 169 168 744 745
f 121 120 248 249
f 70 69 197 198
f 38 39 679 678
f 122 121 249 250
f 71 70 198 199
f 168 167 743 744
f 123 122 250 251
f 72 71 199 200
f 37 38 678 677
f 124 123 251 252
f 73 72 200 201
f 167 166 742 743
f 125 124 252 253
f 74 73 201 202
f 36 37 677 676
f 126 125 253 254
f 75 74 202 203
f 166 165 741 742
f 127 126 254 255
f 76 75 203 204
f 35 36 676 675
f 128 127 255 256
f 77 76 204 205
f 165 164 740 741
f 65 128 256 193
f 78 77 205 206
f 164 163 739 740
f 79 78 206 207
f 34 35 675 674
f 80 79 207 208
f 163 162 738 739
f 81 80 208 209
f 33 34 674 673
f 424 423 600 599
f 293 294 550 549
f 365 364 492 493
f 423 422 601 600
f 292 293 549 548
f 364 363 491 492
f 422 421 602 601
f 291 292 548 547
f 363 362 490 491
f 421 420 603 602
f 290 291 547 546
f 362 361 489 490
f 420 419 604 603
f 289 290 546 545
f 361 360 488 489
f 419 418 605 604
f 288 289 545 544
f 360 359 487 488
f 418 417 606 605
f 359 358 486 487
f 287 288 544 543
f 358 357 485 486
f 417 416 607 606
f 357 356 484 485
f 416 415 608 607
f 356 355 483 484
f 286 287 543 542
f 355 354 482 483
f 415 414 609 608
f 354 353 481 482
f 285 286 542 541
f 353 352 480 481
f 414 413 610 609
f 352 351 479 480
f 284 285 541 540
f 351 350 478 479
f 413 412 611 610
f 350 349 477 478
f 283 284 540 539
f 349 348 476 477
f 412 411 612 611
f 348 347 475 476
f 282 283 539 538
f 347 346 474 475
f 411 410 613 612
f 346 345 473 474
f 281 282 538 537
f 345 344 472 473
f 410 409 614 613
f 344 343 471 472
f 280 281 537 536
f 343 342 470 471
f 409 408 615 614
f 342 341 469 470
f 279 280 536 535
f 341 340 468 469
f 408 407 616 615
f 340 339 467 468
f 278 279 535 534
f 339 338 466 467
f 407 406 617 616
f 338 337 465 466
f 277 278 534 533
f 337 336 464 465
f 406 405 618 617
f 336 335 463 464
f 276 277 533 532
f 335 334 462 463
f 405 404 619 618
f 334 333 461 462
f 321 384 512 449
f 275 276 532 531
f 333 332 460 461
f 384 383 511 512
f 404 403 620 619
f 332 331 459 460
f 383 382 510 511
f 274 275 531 530
f 331 330 458 459
f 382 381 509 510
f 403 402 621 620
f 330 329 457 458
f 381 380 508 509
f 273 274 530 529
f 329 328 456 457
f 380 379 507 508
f 402 401 622 621
f 328 327 455 456
f 379 378 506 507
f 272 273 529 528
f 327 326 454 455
f 378 377 505 506
f 401 400 623 622
f 326 325 453 454
f 377 376 504 505
f 271 272 528 527
f 325 324 452 453
f 376 375 503 504
f 400 399 624 623
f 324 323 451 452
f 375 374 502 503
f 270 271 527 526
f 323 322 450 451
f 374 373 501 502
f 399 398 625 624
f 322 321 449 450
f 373 372 500 501
f 269 270 526 525
f 320 257 514 576
f 372 371 499 500
f 398 397 627 625
f 268 269 525 524
f 371 370 498 499
f 319 320 576 575
f 385 448 628 626
f 370 369 497 498
f 397 396 629 627
f 267 268 524 523
f 369 368 496 497
f 318 319 575 574
f 448 447 630 628
f 368 367 495 496
f 396 395 631 629
f 266 267 523 522
f 367 366 494 495
f 317 318 574 573
f 447 446 632 630
f 366 365 493 494
f 512 385 449
f 386 387 451
f 511 448 512
f 385 386 450
f 510 447 511
f 467 466 402
f 509 446 510
f 386 451 450
f 448 385 512
f 470 469 405
f 387 388 451
f 388 453 452
f 416 417 480
f 388 389 453
f 454 389 390
f 447 448 511
f 389 454 453
f 509 508 445
f 454 390 391
f 446 509 445
f 493 429 430
f 506 443 507
f 508 507 443
f 455 454 391
f 456 391 392
f 444 508 443
f 391 456 455
f 506 505 442
f 457 456 392
f 443 506 442
f 392 393 457
f 504 441 505
f 490 425 426
f 473 472 409
f 393 394 458
f 434 435 499
f 440 441 504
f 477 476 413
f 459 458 395
f 502 439 503
f 488 423 424
f 395 460 459
f 460 395 396
f 438 439 502
f 461 460 396
f 438 502 501
f 461 396 397
f 437 438 501
f 397 398 461
f 500 436 501
f 436 437 501
f 476 475 411
f 463 462 398
f 436 500 499
f 463 398 399
f 435 436 499
f 399 400 463
f 498 434 499
f 458 394 395
f 490 426 427
f 465 464 400
f 434 498 497
f 465 400 401
f 433 434 497
f 466 465 401
f 466 401 402
f 432 433 497
f 432 497 496
f 403 467 402
f 496 495 432
f 398 462 461
f 425 489 488
f 467 403 404
f 430 431 495
f 468 467 404
f 430 495 494
f 405 469 404
f 494 493 430
f 495 431 432
f 486 422 423
f 406 470 405
f 428 429 493
f 472 471 407
f 428 493 492
f 470 406 407
f 427 428 492
f 471 470 407
f 427 492 491
f 408 472 407
f 491 490 427
f 409 472 408
f 504 503 439
f 400 464 463
f 410 473 409
f 490 489 425
f 393 458 457
f 441 442 505
f 411 474 410
f 424 425 488
f 388 452 451
f 474 473 410
f 412 476 411
f 488 487 423
f 413 476 412
f 486 485 421
f 475 474 411
f 487 486 423
f 414 477 413
f 446 447 510
f 469 468 404
f 486 421 422
f 415 478 414
f 484 419 420
f 416 479 415
f 485 420 421
f 479 478 415
f 485 484 420
f 417 482 481
f 385 450 449
f 418 483 482
f 478 477 414
f 483 418 419
f 484 483 419
f 417 418 482
f 479 416 480
f 445 508 444
f 480 417 481
f 440 504 439
f 518 519 637 577
f 569 570 639 578
f 517 518 577 579
f 568 569 578 580
f 516 517 579 581
f 567 568 580 582
f 515 516 581 583
f 566 567 582 584
f 513 515 583 585
f 565 566 584 586
f 514 513 585 626
f 564 565 586 587
f 563 564 587 588
f 562 563 588 589
f 561 562 589 590
f 560 561 590 591
f 559 560 591 592
f 558 559 592 593
f 557 558 593 594
f 556 557 594 595
f 555 556 595 596
f 554 555 596 597
f 553 554 597 598
f 552 553 598 599
f 551 552 599 600
f 550 551 600 601
f 549 550 601 602
f 548 549 602 603
f 547 548 603 604
f 546 547 604 605
f 545 546 605 606
f 544 545 606 607
f 543 544 607 608
f 542 543 608 609
f 541 542 609 610
f 540 541 610 611
f 539 540 611 612
f 538 539 612 613
f 537 538 613 614
f 536 537 614 615
f 535 536 615 616
f 534 535 616 617
f 533 534 617 618
f 532 533 618 619
f 531 532 619 620
f 530 531 620 621
f 529 530 621 622
f 528 529 622 623
f 527 528 623 624
f 526 527 624 625
f 525 526 625 627
f 576 514 626 628
f 524 525 627 629
f 575 576 628 630
f 523 524 629 631
f 574 575 630 632
f 522 523 631 633
f 573 574 632 634
f 521 522 633 635
f 572 573 634 636
f 520 521 635 638
f 571 572 636 640
f 519 520 638 637
f 570 571 640 639
f 294 295 551 550
f 425 424 599 598
f 295 296 552 551
f 426 425 598 597
f 296 297 553 552
f 427 426 597 596
f 297 298 554 553
f 428 427 596 595
f 298 299 555 554
f 429 428 595 594
f 299 300 556 555
f 430 429 594 593
f 300 301 557 556
f 431 430 593 592
f 301 302 558 557
f 432 431 592 591
f 302 303 559 558
f 433 432 591 590
f 303 304 560 559
f 434 433 590 589
f 304 305 561 560
f 435 434 589 588
f 305 306 562 561
f 436 435 588 587
f 306 307 563 562
f 437 436 587 586
f 307 308 564 563
f 386 385 626 585
f 438 437 586 584
f 308 309 565 564
f 257 258 513 514
f 387 386 585 583
f 439 438 584 582
f 309 310 566 565
f 258 259 515 513
f 388 387 583 581
f 440 439 582 580
f 310 311 567 566
f 259 260 516 515
f 389 388 581 579
f 441 440 580 578
f 311 312 568 567
f 260 261 517 516
f 390 389 579 577
f 442 441 578 639
f 312 313 569 568
f 391 390 577 637
f 261 262 518 517
f 443 442 639 640
f 313 314 570 569
f 392 391 637 638
f 262 263 519 518
f 444 443 640 636
f 314 315 571 570
f 393 392 638 635
f 263 264 520 519
f 445 444 636 634
f 315 316 572 571
f 394 393 635 633
f 264 265 521 520
f 446 445 634 632
f 316 317 573 572
f 395 394 633 631
f 265 266 522 521
f 670 671 735 734
f 671 672 736 735
f 672 673 737 736
f 673 674 738 737
f 674 675 739 738
f 675 676 740 739
f 676 677 741 740
f 677 678 742 741
f 678 679 743 742
f 679 680 744 743
f 680 681 745 744
f 681 682 746 745
f 682 683 747 746
f 683 684 748 747
f 684 685 749 748
f 685 686 750 749
f 686 687 751 750
f 687 688 752 751
f 688 689 753 752
f 689 690 754 753
f 690 691 755 754
f 691 692 756 755
f 692 693 757 756
f 642 641 705 706
f 693 694 758 757
f 641 643 707 705
f 694 695 759 758
f 643 644 708 707
f 695 696 760 759
f 644 645 709 708
f 696 697 761 760
f 645 646 710 709
f 697 698 762 761
f 646 647 711 710
f 698 699 763 762
f 647 648 712 711
f 699 700 764 763
f 648 649 713 712
f 700 701 765 764
f 649 650 714 713
f 701 702 766 765
f 650 651 715 714
f 702 703 767 766
f 651 652 716 715
f 703 704 768 767
f 652 653 717 716
f 704 642 706 768
f 653 654 718 717
f 654 655 719 718
f 655 656 720 719
f 656 657 721 720
f 657 658 722 721
f 658 659 723 722
f 659 660 724 723
f 660 661 725 724
f 661 662 726 725
f 662 663 727 726
f 663 664 728 727
f 664 665 729 728
f 665 666 730 729
f 666 667 731 730
f 667 668 732 731
f 668 669 733 732
f 669 670 734 733
f 58 59 699 698
f 7 8 648 647
f 137 136 712 713
f 189 188 764 765
f 59 60 700 699
f 8 9 649 648
f 138 137 713 714
f 190 189 765 766
f 60 61 701 700
f 9 10 650 649
f 139 138 714 715
f 191 190 766 767
f 61 62 702 701
f 10 11 651 650
f 140 139 715 716
f 192 191 767 768
f 62 63 703 702
f 11 12 652 651
f 141 140 716 717
f 129 192 768 706
f 63 64 704 703
f 12 13 653 652
f 142 141 717 718
f 64 1 642 704
f 13 14 654 653
f 143 142 718 719
f 14 15 655 654
f 144 143 719 720
f 15 16 656 655
f 145 144 720 721
f 146 145 721 722
f 16 17 657 656
f 147 146 722 723
f 17 18 658 657
f 148 147 723 724
f 18 19 659 658
f 149 148 724 725
f 19 20 660 659
f 150 149 725 726
f 20 21 661 660
f 21 22 662 661
f 151 150 726 727
f 22 23 663 662
f 152 151 727 728
f 23 24 664 663
f 153 152 728 729
f 24 25 665 664
f 154 153 729 730
f 25 26 666 665
f 155 154 730 731
f 26 27 667 666
f 156 155 731 732
f 27 28 668 667
f 157 156 732 733
f 28 29 669 668
f 158 157 733 734
f 29 30 670 669
f 159 158 734 735
f 30 31 671 670
f 160 159 735 736
f 31 32 672 671
f 161 160 736 737
f 32 33 673 672
f 162 161 737 738
f 790 1312 1311 791
f 819 777 818
f 769 1317 1319 770
f 810 1308 1324
f 787 827 828
f 810 1310 1308
f 770 811 771
f 809 1309 1310 810
f 809 848 1307 1309
f 808 848 809
f 794 834 795
f 788 1322 1320 789
f 811 812 771
f 807 846 808
f 773 772 813
f 812 813 771
f 793 832 794
f 846 806 845
f 774 773 815
f 791 830 792
f 815 773 814
f 796 836 797
f 775 774 815
f 846 807 806
f 804 843 844
f 816 775 815
f 843 804 842
f 776 775 817
f 785 825 826
f 802 842 803
f 817 777 776
f 802 841 842
f 818 777 817
f 801 841 802
f 778 777 819
f 801 840 841
f 792 832 793
f 840 801 839
f 779 778 820
f 844 806 805
f 799 839 800
f 799 838 839
f 779 820 780
f 839 801 800
f 799 837 838
f 822 780 821
f 798 837 799
f 822 781 780
f 798 836 837
f 823 781 822
f 797 836 798
f 823 782 781
f 835 836 796
f 782 823 783
f 817 775 816
f 796 834 835
f 825 783 824
f 795 834 796
f 825 784 783
f 833 834 794
f 784 825 785
f 832 833 794
f 808 846 847
f 845 806 844
f 786 827 787
f 831 832 792
f 785 827 786
f 785 826 827
f 844 805 804
f 830 831 792
f 820 778 819
f 787 828 829
f 808 847 848
f 787 829 788
f 842 804 803
f 814 773 813
f 788 829 1315 1322
f 789 1320 1321
f 789 1321 1330
f 771 813 772
f 850 913 849
f 783 823 824
f 780 820 821
f 887 888 951
f 851 914 850
f 913 976 912
f 852 916 851
f 914 913 850
f 853 916 852
f 976 911 912
f 909 974 973
f 976 975 911
f 913 912 849
f 854 855 918
f 928 927 863
f 915 914 851
f 908 909 972
f 855 856 919
f 974 909 910
f 879 943 942
f 907 908 972
f 873 937 936
f 907 972 971
f 916 853 917
f 886 887 950
f 856 857 920
f 906 907 971
f 906 971 970
f 877 942 941
f 918 855 919
f 905 906 970
f 891 892 956
f 919 856 920
f 874 875 939
f 853 854 918
f 920 857 921
f 904 905 968
f 859 922 858
f 921 857 922
f 890 891 954
f 968 967 903
f 860 924 859
f 888 889 952
f 924 923 859
f 893 894 958
f 861 924 860
f 885 886 950
f 968 903 904
f 901 966 965
f 925 924 861
f 965 964 901
f 862 926 861
f 871 935 934
f 974 910 911
f 899 900 964
f 926 862 863
f 899 964 963
f 927 926 863
f 898 899 963
f 864 928 863
f 898 963 962
f 889 890 954
f 962 961 898
f 865 929 864
f 909 973 972
f 966 902 903
f 896 897 961
f 896 961 960
f 865 866 929
f 961 897 898
f 896 960 959
f 931 930 866
f 895 896 959
f 931 866 867
f 895 959 958
f 932 931 867
f 894 895 958
f 932 867 868
f 957 893 958
f 868 869 932
f 877 941 940
f 926 925 861
f 893 957 956
f 934 933 869
f 892 893 956
f 934 869 870
f 955 891 956
f 870 871 934
f 954 891 955
f 905 969 968
f 967 966 903
f 872 873 936
f 953 889 954
f 871 872 936
f 871 936 935
f 966 901 902
f 952 889 953
f 929 928 864
f 873 938 937
f 905 970 969
f 951 888 952
f 873 874 938
f 950 887 951
f 964 900 901
f 923 922 859
f 874 939 938
f 949 885 950
f 917 853 918
f 948 885 949
f 875 940 939
f 878 879 942
f 875 876 940
f 947 946 883
f 876 877 940
f 883 884 948
f 857 858 922
f 946 945 882
f 947 883 948
f 942 877 878
f 945 880 881
f 944 943 879
f 944 879 880
f 885 948 884
f 869 933 932
f 916 915 851
f 945 944 880
f 883 946 882
f 975 974 911
f 882 945 881
f 866 930 929
f 791 792 889 888
f 792 793 890 889
f 793 794 891 890
f 794 795 892 891
f 795 796 1115 1111 1092 1098 1102 1053 1084 1035 1039 893 892
f 796 797 1141 1136 1147 1143 1117 1115
f 797 798 1200 1201 1185 1151 1141
f 798 799 1228 1229 1196 1190 1200
f 799 800 1237 1241 1210 1228
f 800 801 1284 1279 1261 1237
f 801 802 1283 1270 1275 1289 1284
f 802 803 1304 1252 1247 1256 1283
f 830 1306 1326 1348 1335 1344 1425 1424 951 952
f 803 804 1246 1235 1267 1300 1296 1304
f 831 830 952 953
f 804 805 902 901 1168 1169 1173 1181 1177 1217 1222 1208 1246
f 832 831 953 954
f 805 806 903 902
f 833 832 954 955
f 806 807 904 903
f 834 833 955 956 1085 1054 1103 1099 1093
f 807 808 905 904
f 835 834 1093 1094 1112 1118 1144 1148 1156
f 808 809 906 905
f 836 835 1156 1137 1152 1187 1186
f 809 810 907 906
f 769 770 856 855
f 837 836 1186 1202 1191 1195
f 810 1324 1323 1346 1333 1342 1434 908 907
f 770 771 857 856
f 838 837 1195 1199 1232 1227
f 771 772 858 857
f 839 838 1227 1213 1244 1240
f 772 773 859 858
f 840 839 1240 1263 1281 1286
f 773 774 860 859
f 841 840 1286 1292 1278 1277
f 774 775 1245 1207 1221 1216 1176 1180 1172 1167 1165 861 860
f 842 841 1277 1272 1259 1258
f 775 776 1303 1295 1298 1265 1233 1245
f 843 842 1258 1249 1254 1294 1293
f 776 777 1287 1257 1248 1253 1303
f 844 843 1293 1299 1266 1234 1206 1219 1220
f 777 778 1291 1290 1276 1271 1287
f 845 844 1220 1215 1175 1179 1183 966 967
f 778 779 1239 1264 1282 1291
f 846 845 967 968
f 779 780 1226 1212 1243 1239
f 847 846 968 969
f 780 781 1194 1193 1198 1231 1226
f 848 847 969 970
f 781 782 1154 1155 1189 1204 1194
f 811 1316 1332 1367 1353 1389 1396 1403 919 920
f 782 783 1116 1120 1146 1150 1140 1154
f 812 811 920 921
f 783 784 870 869 1040 1037 1087 1055 1104 1100 1095 1113 1116
f 813 812 921 922
f 784 785 871 870
f 814 813 922 923
f 785 786 872 871
f 815 814 923 924 1184 1182 1178 1218 1223
f 786 787 873 872
f 816 815 1223 1224 1209 1236 1268 1301 1302
f 787 788 874 873
f 817 816 1302 1297 1255 1251 1250
f 788 789 875 874
f 818 817 1250 1260 1273 1269
f 789 1330 1329 1365 1351 1388 1394 876 875
f 819 818 1269 1274 1288 1285
f 820 819 1285 1280 1262 1238
f 821 820 1238 1242 1211 1225
f 822 821 1225 1230 1197 1205
f 823 822 1205 1192 1203 1214
f 824 823 1214 1188 1153 1138 1139
f 825 824 1139 1149 1145 1119 1114 1096 1097
f 826 825 1097 1101 1105 1056 1089 934 935
f 827 826 935 936
f 828 827 936 937
f 829 828 937 938
f 790 791 888 887
f 1233 1236 1209 1207 1245
f 1234 1235 1246 1208 1206
f 1008 1007 1000 998 999
f 1009 1006 995 997 1011
f 1165 1161 1157 1129 1123 1142 862 861
f 1161 1164 1160 1157
f 1162 1163 1159 1158
f 1100 1101 1097 1096 1095
f 1099 1098 1092 1094 1093
f 1039 1041 977 1012 1017 982 894 893
f 1046 1050 1068 1069 928 929
f 1113 1114 1119 1120 1116
f 1112 1111 1115 1117 1118
f 1058 1083 1078 1110 926 927
f 1140 1138 1153 1155 1154
f 1137 1136 1141 1151 1152
f 1150 1149 1139 1138 1140
f 1148 1147 1136 1137 1156
f 1264 1262 1280 1282
f 1263 1261 1279 1281
f 1022 1021 1016 980 1044 1040 869 868
f 1204 1203 1192 1193 1194
f 1202 1201 1200 1190 1191
f 1298 1301 1268 1265
f 1299 1300 1267 1266
f 1065 1063 1069 1068 1073 1072
f 1066 1064 1062 1067 1070 1071
f 1146 1145 1149 1150
f 1144 1143 1147 1148
f 989 987 984 985
f 988 986 981 983
f 1047 992 1027 1032 866 865
f 1060 1057 1063 1065
f 1061 1059 1064 1066
f 1167 1170 1164 1161 1165
f 1166 1169 1168 1163 1162
f 994 988 983 1018 1019 957 958
f 1071 1070 1051 1048 961 962
f 1075 1078 1083 1081 1080
f 1077 1074 1091 1079 1082
f 1155 1153 1188 1189
f 1152 1151 1185 1187
f 1110 1109 1135 1125 1126 925 926
f 1189 1188 1214 1203 1204
f 1187 1185 1201 1202 1186
f 1011 997 1002 994 958 959
f 1026 1025 991 1046 929 930
f 1013 1020 984 987 1010 932 933
f 1000 1007 1031 1026 930 931
f 1044 1043 1038 1037 1040
f 1042 1041 1039 1035 1036
f 1073 1068 1050 1052
f 1070 1067 1049 1051
f 1004 1005 989 985 1022 868 867
f 1265 1268 1236 1233
f 1266 1267 1235 1234
f 1021 1020 1013 1015 1016
f 1018 1017 1012 1014 1019
f 1207 1209 1224 1221
f 1206 1208 1222 1219
f 1212 1211 1242 1243
f 1213 1210 1241 1244
f 1221 1224 1223 1218 1216
f 1219 1222 1217 1215 1220
f 1081 1083 1058 1057 1060
f 1082 1079 1059 1061 1090
f 1037 1038 1088 1087
f 1036 1035 1084 1086
f 1157 1160 1131 1129
f 1158 1159 1130 1127
f 1121 1124 1130 1159 1163 1168 901 900
f 1128 1122 1134 1108 1076 964 965
f 1033 1031 1007 1008
f 1034 1030 1006 1009
f 980 979 1043 1044
f 978 977 1041 1042
f 1129 1131 1126 1125 1123
f 1127 1130 1124 1122 1128
f 1072 1073 1052 1047 865 864
f 1295 1297 1302 1301 1298
f 1294 1296 1300 1299 1293
f 1142 1133 1107 1075 1080 863 862
f 1028 1034 1009 1011 959 960
f 1239 1238 1262 1264
f 1240 1237 1261 1263
f 1080 1081 1060 1065 1072 864 863
f 1069 1063 1057 1058 927 928
f 1027 1025 1026 1031 1033 1032
f 1029 1024 1023 1030 1034 1028
f 1087 1088 1089 1056 1055
f 1086 1084 1053 1054 1085
f 1045 1049 1067 1062 898 897
f 1107 1109 1110 1078 1075
f 1108 1106 1074 1077 1076
f 1062 1064 1059 1079 1091 899 898
f 1133 1135 1109 1107
f 1134 1132 1106 1108
f 1120 1119 1145 1146
f 1118 1117 1143 1144
f 1091 1074 1106 1132 1121 900 899
f 1198 1197 1230 1231
f 1199 1196 1229 1232
f 996 995 1006 1030 1023 896 895
f 1048 993 1029 1028 960 961
f 1243 1242 1238 1239
f 1244 1241 1237 1240
f 1123 1125 1135 1133 1142
f 1122 1124 1121 1132 1134
f 1010 1003 998 1000 931 932
f 1183 1171 1166 1162 1158 1127 1128 965 966
f 1276 1274 1269 1273 1271
f 1278 1275 1270 1272 1277
f 1253 1255 1297 1295 1303
f 1254 1252 1304 1296 1294
f 1052 1050 1046 1047
f 1051 1049 1045 1048
f 1282 1280 1285 1288 1290 1291
f 1281 1279 1284 1289 1292 1286
f 1231 1230 1225 1211 1212 1226
f 1232 1229 1228 1210 1213 1227
f 1104 1105 1101 1100
f 1103 1102 1098 1099
f 1126 1131 1160 1164 1170 1174 1184 924 925
f 1032 1033 1008 999 1004 867 866
f 1095 1096 1114 1113
f 1094 1092 1111 1112
f 1047 1046 991 992
f 1048 1045 990 993
f 1257 1260 1250 1251 1248
f 1259 1256 1247 1249 1258
f 1005 1003 1010 987 989
f 1002 1001 986 988 994
f 1023 1024 990 1045 897 896
f 999 998 1003 1005 1004
f 997 995 996 1001 1002
f 985 984 1020 1021 1022
f 983 981 982 1017 1018
f 1271 1273 1260 1257 1287
f 1272 1270 1283 1256 1259
f 992 991 1025 1027
f 993 990 1024 1029
f 1180 1182 1184 1174 1172
f 1179 1181 1173 1171 1183
f 1016 1015 979 980
f 1014 1012 977 978
f 1055 1056 1105 1104
f 1054 1053 1102 1103
f 1216 1218 1178 1176
f 1215 1217 1177 1175
f 1290 1288 1274 1276
f 1292 1289 1275 1278
f 1193 1192 1205 1197 1198
f 1191 1190 1196 1199 1195
f 1090 1061 1066 1071 962 963
f 1172 1174 1170 1167
f 1171 1173 1169 1166
f 1248 1251 1255 1253
f 1249 1247 1252 1254
f 1076 1077 1082 1090 963 964
f 1089 1088 1038 1043 979 1015 1013 933 934
f 1176 1178 1182 1180
f 1175 1177 1181 1179
f 982 981 986 1001 996 895 894
f 1019 1014 978 1042 1036 1086 1085 956 957
f 1392 1396 1389 1386 1390
f 1395 1393 1394 1388 1387
f 1358 1341 1410 973 974
f 1346 1349 1336 1333
f 1348 1347 1334 1335
f 1342 1345 1426 1422 1434
f 1344 1343 1440 1423 1425
f 1490 1449 1445 1465 1404 883 882
f 1435 1439 1421 1418 1433
f 1438 1436 1437 1420 1419
f 1457 1453 1413 1412 942 943
f 1493 1498 1475 850 849
f 1371 1372 1398 1391 853 852
f 1479 1482 1442 1439 1435
f 1481 1480 1436 1438 1441
f 1498 1496 1472 1473 1474 1475
f 1497 1499 1477 1478 1476 1500
f 1495 1455 1460 1478 1477 880 879
f 1337 1341 1358 1357 1356
f 1339 1340 1359 1354 1355
f 1382 1385 1486 1483
f 1384 1383 1484 1485
f 1428 1431 1482 1479
f 1430 1429 1480 1481
f 1491 1497 1500 944 945
f 1488 1467 1491 945 946
f 1318 1317 769
f 1370 1369 1397 1376 1377 940 941
f 1404 1359 1340 1409 884 883
f 1311 1306 830 791
f 1305 1313 790
f 1416 1415 1454 1451 915 916
f 1432 1414 1361 1371 852 851
f 1475 1474 1458 1452 1432 851 850
f 1418 1421 1411 1405
f 1419 1420 1408 1407
f 1405 1411 1410 1341 1337 1338
f 1407 1408 1409 1340 1339 1406
f 1374 1363 1416 916 917
f 1406 1339 1355 948 949
f 1472 1496 1492 913 914
f 1328 1332 1316 1319 1317 1318 1314
f 1331 1329 1330 1321 1320 1322 1315
f 1338 1337 1356 1463 911 910
f 1314 1318 769
f 1483 1486 1403 1396 1392
f 1485 1484 1393 1395 1402
f 1386 1389 1353 1350
f 1387 1388 1351 1352
f 1412 1360 1370 941 942
f 1447 1450 1471 1470 1468 1489
f 1448 1449 1490 1469 1467 1488
f 1350 1353 1367 1364
f 1352 1351 1365 1366
f 1355 1354 1462 1487 947 948
f 1463 1464 1443 1447 1489 912 911
f 1477 1499 1494 881 880
f 1492 1470 1471 976 913
f 1378 1379 1380 1385 1382
f 1376 1381 1383 1384 1377
f 1437 1436 1480 1429 1423 1440 886 885
f 1461 1466 1357 1358 974 975
f 1380 1379 1399 1373 1374 917 918
f 1410 1411 1421 1439 1442 972 973
f 1368 1362 1417 1495 879 878
f 1493 1492 1496 1498
f 1491 1494 1499 1497
f 1471 1450 1446 1461 975 976
f 1325 1326 1306 1311 1312 1313 1305
f 1327 1323 1324 1308 1310 1309 1307
f 1424 1430 1481 1441 950 951
f 1494 1469 1490 882 881
f 1434 1422 1428 1479 1435 1433 909 908
f 1422 1426 1427 1431 1428
f 1425 1423 1429 1430 1424
f 1464 1466 1461 1446 1443
f 1462 1465 1445 1444 1487
f 1391 1378 1382 1483 1392 1390 854 853
f 1403 1486 1385 1380 918 919
f 1468 1470 1492 1493
f 1467 1469 1494 1491
f 1409 1408 1420 1437 885 884
f 1433 1418 1405 1338 910 909
f 1452 1454 1415 1414 1432
f 1453 1455 1495 1417 1413
f 1398 1399 1379 1378 1391
f 1397 1400 1401 1381 1376
f 1443 1446 1450 1447
f 1444 1445 1449 1448
f 1474 1473 1456 1458
f 1476 1478 1460 1459
f 1323 1327 1349 1346
f 1326 1325 1347 1348
f 1440 1343 1334 1347 1325 1305 790 887 886
f 1394 1393 1484 1383 1381 1401 877 876
f 1333 1336 1345 1342
f 1335 1334 1343 1344
f 1361 1363 1374 1373 1372 1371
f 1360 1362 1368 1375 1369 1370
f 1487 1444 1448 1488 946 947
f 1427 1426 1345 1336 1349 1327 1307 848 970 971
f 1414 1415 1416 1363 1361
f 1413 1417 1362 1360 1412
f 1401 1400 1375 1368 878 877
f 1441 1438 1419 1407 1406 949 950
f 1364 1367 1332 1328
f 1366 1365 1329 1331
f 1458 1456 1451 1454 1452
f 1459 1460 1455 1453 1457
f 1356 1357 1466 1464 1463
f 1354 1359 1404 1465 1462
f 1313 1312 790
f 1402 1395 1387 1352 1366 1331 1315 829 938 939
f 1377 1384 1485 1402 939 940
f 1372 1373 1399 1398
f 1369 1375 1400 1397
f 1319 1316 811 770
f 1442 1482 1431 1427 971 972
f 1489 1468 1493 849 912
f 1500 1476 1459 1457 943 944
f 1390 1386 1350 1364 1328 1314 769 855 854
f 1451 1456 1473 1472 914 915
usemtl Steel
f 1632 1501 1756 1754 1752 1750 1748 1746 1744 1742 1740 1738 1736 1734 1732 1730 1728 1726 1724 1722 1720 1718 1716 1714 1712 1710 1708 1706 1704 1702 1700 1698 1696 1694 1692 1690 1688 1686 1684 1682 1680 1678 1676 1674 1672 1670 1668 1666 1664 1662 1660 1658 1656 1654 1652 1650 1648 1646 1644 1642 1640 1638 1636 1634
f 1503 1504 1506 1505
f 1751 1752 1754 1753
f 1505 1506 1508 1507
f 1749 1750 1752 1751
f 1507 1508 1510 1509
f 1747 1748 1750 1749
f 1509 1510 1512 1511
f 1745 1746 1748 1747
f 1511 1512 1514 1513
f 1743 1744 1746 1745
f 1513 1514 1516 1515
f 1741 1742 1744 1743
f 1515 1516 1518 1517
f 1739 1740 1742 1741
f 1517 1518 1520 1519
f 1737 1738 1740 1739
f 1519 1520 1522 1521
f 1735 1736 1738 1737
f 1521 1522 1524 1523
f 1733 1734 1736 1735
f 1523 1524 1526 1525
f 1731 1732 1734 1733
f 1525 1526 1528 1527
f 1729 1730 1732 1731
f 1527 1528 1530 1529
f 1727 1728 1730 1729
f 1529 1530 1532 1531
f 1725 1726 1728 1727
f 1531 1532 1534 1533
f 1723 1724 1726 1725
f 1533 1534 1536 1535
f 1721 1722 1724 1723
f 1535 1536 1538 1537
f 1719 1720 1722 1721
f 1537 1538 1540 1539
f 1717 1718 1720 1719
f 1539 1540 1542 1541
f 1715 1716 1718 1717
f 1541 1542 1544 1543
f 1713 1714 1716 1715
f 1543 1544 1546 1545
f 1711 1712 1714 1713
f 1545 1546 1548 1547
f 1709 1710 1712 1711
f 1547 1548 1550 1549
f 1707 1708 1710 1709
f 1549 1550 1552 1551
f 1705 1706 1708 1707
f 1551 1552 1554 1553
f 1703 1704 1706 1705
f 1553 1554 1556 1555
f 1701 1702 1704 1703
f 1555 1556 1558 1557
f 1699 1700 1702 1701
f 1557 1558 1560 1559
f 1697 1698 1700 1699
f 1559 1560 1562 1561
f 1695 1696 1698 1697
f 1561 1562 1564 1563
f 1693 1694 1696 1695
f 1563 1564 1566 1565
f 1691 1692 1694 1693
f 1565 1566 1568 1567
f 1689 1690 1692 1691
f 1567 1568 1570 1569
f 1687 1688 1690 1689
f 1569 1570 1572 1571
f 1685 1686 1688 1687
f 1571 1572 1574 1573
f 1683 1684 1686 1685
f 1573 1574 1576 1575
f 1681 1682 1684 1683
f 1575 1576 1578 1577
f 1679 1680 1682 1681
f 1577 1578 1580 1579
f 1677 1678 1680 1679
f 1579 1580 1582 1581
f 1675 1676 1678 1677
f 1581 1582 1584 1583
f 1673 1674 1676 1675
f 1583 1584 1586 1585
f 1671 1672 1674 1673
f 1585 1586 1588 1587
f 1669 1670 1672 1671
f 1587 1588 1590 1589
f 1667 1668 1670 1669
f 1589 1590 1592 1591
f 1665 1666 1668 1667
f 1591 1592 1594 1593
f 1663 1664 1666 1665
f 1593 1594 1596 1595
f 1661 1662 1664 1663
f 1595 1596 1598 1597
f 1659 1660 1662 1661
f 1597 1598 1600 1599
f 1657 1658 1660 1659
f 1599 1600 1602 1601
f 1655 1656 1658 1657
f 1601 1602 1604 1603
f 1653 1654 1656 1655
f 1603 1604 1606 1605
f 1651 1652 1654 1653
f 1605 1606 1608 1607
f 1649 1650 1652 1651
f 1607 1608 1610 1609
f 1647 1648 1650 1649
f 1609 1610 1612 1611
f 1645 1646 1648 1647
f 1611 1612 1614 1613
f 1643 1644 1646 1645
f 1613 1614 1616 1615
f 1641 1642 1644 1643
f 1615 1616 1618 1617
f 1639 1640 1642 1641
f 1617 1618 1620 1619
f 1637 1638 1640 1639
f 1619 1620 1622 1621
f 1635 1636 1638 1637
f 1621 1622 1624 1623
f 1502 1631 1633 1635 1637 1639 1641 1643 1645 1647 1649 1651 1653 1655 1657 1659 1661 1663 1665 1667 1669 1671 1673 1675 1677 1679 1681 1683 1685 1687 1689 1691 1693 1695 1697 1699 1701 1703 1705 1707 1709 1711 1713 1715 1717 1719 1721 1723 1725 1727 1729 1731 1733 1735 1737 1739 1741 1743 1745 1747 1749 1751 1753 1755
f 1633 1634 1636 1635
f 1623 1624 1626 1625
f 1755 1756 1501 1502
f 1631 1632 1634 1633
f 1625 1626 1628 1627
f 1506 1504 1630 1628 1626 1624 1622 1620 1618 1616 1614 1612 1610 1608 1606 1604 1602 1600 1598 1596 1594 1592 1590 1588 1586 1584 1582 1580 1578 1576 1574 1572 1570 1568 1566 1564 1562 1560 1558 1556 1554 1552 1550 1548 1546 1544 1542 1540 1538 1536 1534 1532 1530 1528 1526 1524 1522 1520 1518 1516 1514 1512 1510 1508
f 1502 1501 1632 1631
f 1627 1628 1630 1629
f 1753 1754 1756 1755
f 1629 1630 1504 1503
f 1503 1505 1507 1509 1511 1513 1515 1517 1519 1521 1523 1525 1527 1529 1531 1533 1535 1537 1539 1541 1543 1545 1547 1549 1551 1553 1555 1557 1559 1561 1563 1565 1567 1569 1571 1573 1575 1577 1579 1581 1583 1585 1587 1589 1591 1593 1595 1597 1599 1601 1603 1605 1607 1609 1611 1613 1615 1617 1619 1621 1623 1625 1627 1629
