mtllib Cube_002.mtl
v -0.04100004956126213 0.009999948553740978 -0.09300000220537186
v -0.04100004956126213 -0.010000047273933887 -0.09299997985363007
v -0.04100004956126213 0.009999937377870083 -0.11299999803304672
v -0.04100004956126213 -0.010000057518482208 -0.11299998313188553
v -0.04100004956126213 0.008499948307871819 -0.09449998289346695
v -0.04100004956126213 -0.010000047273933887 -0.09449997544288635
v -0.04100004956126213 0.008499938994646072 -0.11149999499320984
v -0.04100004956126213 -0.010000056587159634 -0.11149998754262924
v -0.06100005283951759 0.009999946691095829 -0.09300000220537186
v -0.06100005283951759 -0.010000060312449932 -0.11299998313188553
v -0.06100005283951759 0.008499938063323498 -0.11149999499320984
v -0.06100005283951759 -0.010000059381127357 -0.11149998754262924
v -0.06100005283951759 -0.010000048205256462 -0.09299997985363007
v -0.06100005283951759 0.009999936446547508 -0.11299999803304672
v -0.06100005283951759 0.008499947376549244 -0.09449998289346695
v -0.06100005283951759 -0.010000049136579037 -0.09449997544288635
v 0.02874995395541191 -0.010000094771385193 -0.18999995291233063
v 0.02874995395541191 -0.009961574338376522 -0.18921583890914917
v 0.02874995395541191 -0.009846378117799759 -0.1884392499923706
v 0.02874995395541191 -0.009655619040131569 -0.18767768144607544
v 0.02874995395541191 -0.009391131810843945 -0.18693850934505463
v 0.02874995954334736 -0.009055464528501034 -0.18622878193855286
v 0.02874995954334736 -0.008651851676404476 -0.18555541336536407
v 0.02874995954334736 -0.008184177801012993 -0.18492482602596283
v 0.02874995581805706 -0.007656949106603861 -0.1843430995941162
v 0.02874995581805706 -0.00707524036988616 -0.1838158667087555
v 0.02874995581805706 -0.006444655358791351 -0.18334820866584778
v 0.02874995581805706 -0.005771267227828503 -0.18294459581375122
v 0.02874995581805706 -0.0050615607760846615 -0.1826089471578598
v 0.02874995581805706 -0.004322370979934931 -0.182344451546669
v 0.02874995581805706 -0.0035608159378170967 -0.18215370178222656
v 0.02874995581805706 -0.002784230513498187 -0.18203848600387573
v 0.02874995581805706 -0.0020000936929136515 -0.18199996650218964
v 0.02874995581805706 -0.001215956755913794 -0.18203848600387573
v 0.02874995581805706 -0.0004393714480102062 -0.18215370178222656
v 0.02874995581805706 0.0003221829538233578 -0.182344451546669
v 0.02874995581805706 0.001061373157426715 -0.1826089471578598
v 0.02874995581805706 0.001771079027093947 -0.18294459581375122
v 0.02874995581805706 0.0024444670416414738 -0.18334820866584778
v 0.02874995581805706 0.003075050888583064 -0.1838158667087555
v 0.02874995581805706 0.0036567586939781904 -0.1843430995941162
v 0.02874995581805706 0.004183988086879253 -0.18492482602596283
v 0.02874995581805706 0.004651661030948162 -0.18555541336536407
v 0.02874995581805706 0.005055272951722145 -0.18622878193855286
v 0.02874995581805706 0.005390938371419907 -0.18693850934505463
v 0.02874995581805706 0.005655424203723669 -0.18767768144607544
v 0.02874995581805706 0.005846183747053146 -0.1884392499923706
v 0.02874995581805706 0.005961378570646048 -0.18921582400798798
v 0.02874995581805706 0.005999901331961155 -0.18999995291233063
v 0.028749946504831314 0.005999886430799961 -0.2239999771118164
v 0.028749946504831314 0.005961363669484854 -0.22478410601615906
v 0.028749946504831314 0.005846167448908091 -0.22556069493293762
v 0.028749946504831314 0.005655408371239901 -0.2263222485780716
v 0.028749946504831314 0.005390922073274851 -0.2270614355802536
v 0.028749946504831314 0.005055255722254515 -0.22777114808559418
v 0.028749946504831314 0.0046516419388353825 -0.22844453155994415
v 0.028749946504831314 0.004183969926089048 -0.2290751188993454
v 0.028749946504831314 0.003656740766018629 -0.22965683043003082
v 0.028749946504831314 0.0030750324949622154 -0.23018406331539154
v 0.028749946504831314 0.002444446785375476 -0.23065173625946045
v 0.028749946504831314 0.0017710595857352018 -0.2310553342103958
v 0.028749946504831314 0.0010613533668220043 -0.23139101266860962
v 0.028749946504831314 0.0003221628721803427 -0.23165549337863922
v 0.028749946504831314 -0.000439391762483865 -0.23184625804424286
v 0.028749946504831314 -0.0012159771285951138 -0.2319614589214325
v 0.028749946504831314 -0.0020001144148409367 -0.2319999635219574
v 0.028749942779541016 -0.002784250769764185 -0.2319614589214325
v 0.028749942779541016 -0.0035608361940830946 -0.23184625804424286
v 0.028749942779541016 -0.004322391003370285 -0.23165549337863922
v 0.028749942779541016 -0.005061580333858728 -0.23139101266860962
v 0.028749942779541016 -0.00577128678560257 -0.2310553342103958
v 0.028749942779541016 -0.0064446753822267056 -0.23065173625946045
v 0.028749942779541016 -0.007075258996337652 -0.23018406331539154
v 0.028749942779541016 -0.0076569668017327785 -0.22965683043003082
v 0.028749944642186165 -0.008184196427464485 -0.2290751188993454
v 0.028749944642186165 -0.008651870302855968 -0.22844453155994415
v 0.028749944642186165 -0.009055482223629951 -0.22777114808559418
v 0.028749944642186165 -0.009391147643327713 -0.2270614355802536
v 0.028749944642186165 -0.009655634872615337 -0.2263222485780716
v 0.028749950230121613 -0.009846393950283527 -0.22556069493293762
v 0.028749950230121613 -0.009961589239537716 -0.22478410601615906
v 0.028749950230121613 -0.010000110603868961 -0.2239999771118164
v 0.030549952760338783 -0.010000095702707767 -0.18999998271465302
v 0.030549952760338783 -0.009961575269699097 -0.18921583890914917
v 0.030549952760338783 -0.009846379049122334 -0.1884392499923706
v 0.030549952760338783 -0.009655619040131569 -0.18767768144607544
v 0.030549952760338783 -0.009391131810843945 -0.18693850934505463
v 0.030549952760338783 -0.009055466391146183 -0.18622878193855286
v 0.030549952760338783 -0.008651851676404476 -0.18555541336536407
v 0.030549952760338783 -0.008184178732335567 -0.18492482602596283
v 0.03054996021091938 -0.007656949572265148 -0.1843430995941162
v 0.03054996021091938 -0.007075241766870022 -0.1838158667087555
v 0.03054996021091938 -0.006444655358791351 -0.18334820866584778
v 0.03054996021091938 -0.00577126769348979 -0.18294459581375122
v 0.03054996021091938 -0.005061561241745949 -0.1826089471578598
v 0.03054996021091938 -0.004322371445596218 -0.182344451546669
v 0.03054996021091938 -0.0035608166363090277 -0.18215370178222656
v 0.03054996021091938 -0.002784231211990118 -0.18203848600387573
v 0.03054996021091938 -0.0020000943914055824 -0.18199996650218964
v 0.03054996021091938 -0.0012159573379904032 -0.18203848600387573
v 0.03054996021091938 -0.000439371942775324 -0.18215370178222656
v 0.03054996021091938 0.00032218245905824006 -0.182344451546669
v 0.03054996021091938 0.0010613726917654276 -0.1826089471578598
v 0.03054996021091938 0.0017710786778479815 -0.18294459581375122
v 0.03054996021091938 0.0024444665759801865 -0.18334820866584778
v 0.03054996021091938 0.003075049724429846 -0.1838158667087555
v 0.03054996021091938 0.003656757529824972 -0.1843430995941162
v 0.03054996021091938 0.004183987155556679 -0.18492482602596283
v 0.03054996021091938 0.0046516596339643 -0.18555541336536407
v 0.03054996021091938 0.005055271554738283 -0.18622878193855286
v 0.03054996021091938 0.005390937905758619 -0.18693850934505463
v 0.03054996021091938 0.005655423738062382 -0.18767768144607544
v 0.03054996021091938 0.0058461823500692844 -0.1884392499923706
v 0.03054996021091938 0.005961377639323473 -0.18921582400798798
v 0.03054996021091938 0.00599990040063858 -0.18999995291233063
v 0.030549950897693634 0.005999885033816099 -0.2239999771118164
v 0.030549950897693634 0.005961362738162279 -0.22478410601615906
v 0.030549950897693634 0.005846166983246803 -0.22556069493293762
v 0.030549950897693634 0.005655406974256039 -0.2263222485780716
v 0.030549950897693634 0.005390921141952276 -0.2270614355802536
v 0.030549950897693634 0.005055255256593227 -0.22777114808559418
v 0.030549950897693634 0.0046516405418515205 -0.22844453155994415
v 0.030549950897693634 0.0041839685291051865 -0.2290751188993454
v 0.030549950897693634 0.003656739601865411 -0.22965683043003082
v 0.030549950897693634 0.003075031330808997 -0.23018406331539154
v 0.030549950897693634 0.0024444465525448322 -0.23065173625946045
v 0.030549950897693634 0.0017710593529045582 -0.2310553342103958
v 0.030549941584467888 0.001061352901160717 -0.23139101266860962
v 0.030549941584467888 0.0003221623774152249 -0.23165549337863922
v 0.030549941584467888 -0.0004393922572489828 -0.23184625804424286
v 0.030549941584467888 -0.0012159777106717229 -0.2319614589214325
v 0.030549941584467888 -0.0020001146476715803 -0.2319999635219574
v 0.030549941584467888 -0.002784251468256116 -0.2319614589214325
v 0.030549941584467888 -0.0035608368925750256 -0.23184625804424286
v 0.030549941584467888 -0.00432239193469286 -0.23165549337863922
v 0.030549941584467888 -0.005061581265181303 -0.23139101266860962
v 0.030549941584467888 -0.00577128678560257 -0.2310553342103958
v 0.030549941584467888 -0.006444675847887993 -0.23065173625946045
v 0.030549941584467888 -0.007075260393321514 -0.23018406331539154
v 0.030549941584467888 -0.007656967733055353 -0.22965683043003082
v 0.030549943447113037 -0.00818419735878706 -0.2290751188993454
v 0.030549943447113037 -0.008651871234178543 -0.22844453155994415
v 0.030549943447113037 -0.009055483154952526 -0.22777114808559418
v 0.030549943447113037 -0.009391148574650288 -0.2270614355802536
v 0.030549943447113037 -0.009655635803937912 -0.2263222485780716
v 0.030549943447113037 -0.009846394881606102 -0.22556069493293762
v 0.030549943447113037 -0.00996159017086029 -0.22478410601615906
v 0.030549943447113037 -0.010000111535191536 -0.2239999771118164
v 0.019449951127171516 -0.010000095702707767 -0.18999995291233063
v 0.019449951127171516 -0.009961573407053947 -0.18921583890914917
v 0.019449951127171516 -0.009846378117799759 -0.1884392499923706
v 0.019449951127171516 -0.009655619040131569 -0.18767768144607544
v 0.019449951127171516 -0.009391131810843945 -0.18693850934505463
v 0.019449951127171516 -0.009055465459823608 -0.18622878193855286
v 0.019449951127171516 -0.008651851676404476 -0.18555541336536407
v 0.019449951127171516 -0.008184177801012993 -0.18492482602596283
v 0.019449952989816666 -0.0076569486409425735 -0.1843430995941162
v 0.019449952989816666 -0.00707524036988616 -0.1838158667087555
v 0.019449958577752113 -0.006444655358791351 -0.18334820866584778
v 0.019449958577752113 -0.00577126769348979 -0.18294459581375122
v 0.019449958577752113 -0.0050615607760846615 -0.1826089471578598
v 0.019449958577752113 -0.004322371911257505 -0.182344451546669
v 0.019449956715106964 -0.0035608168691396713 -0.18215370178222656
v 0.019449956715106964 -0.0027842314448207617 -0.18203848600387573
v 0.019449956715106964 -0.0020000943914055824 -0.18199996650218964
v 0.019449956715106964 -0.001215957454405725 -0.18203848600387573
v 0.019449956715106964 -0.00043937217560596764 -0.18215370178222656
v 0.019449956715106964 0.0003221822262275964 -0.182344451546669
v 0.019449956715106964 0.001061372458934784 -0.1826089471578598
v 0.019449956715106964 0.001771078328602016 -0.18294459581375122
v 0.019449956715106964 0.002444466343149543 -0.18334820866584778
v 0.019449956715106964 0.0030750499572604895 -0.1838158667087555
v 0.019449956715106964 0.003656758228316903 -0.1843430995941162
v 0.019449954852461815 0.004183987155556679 -0.18492482602596283
v 0.019449954852461815 0.0046516600996255875 -0.18555541336536407
v 0.019449954852461815 0.005055272486060858 -0.18622878193855286
v 0.019449954852461815 0.005390938371419907 -0.18693850934505463
v 0.019449954852461815 0.005655424203723669 -0.18767768144607544
v 0.019449954852461815 0.005846183747053146 -0.1884392499923706
v 0.019449954852461815 0.005961379036307335 -0.18921582400798798
v 0.019449954852461815 0.005999901331961155 -0.18999995291233063
v 0.019449936226010323 0.005999887362122536 -0.2239999771118164
v 0.019449936226010323 0.005961365066468716 -0.22478410601615906
v 0.019449936226010323 0.0058461688458919525 -0.22556069493293762
v 0.019449936226010323 0.005655408836901188 -0.2263222485780716
v 0.019449936226010323 0.005390923470258713 -0.2270614355802536
v 0.019449936226010323 0.005055256653577089 -0.22777114808559418
v 0.019449936226010323 0.004651642870157957 -0.22844453155994415
v 0.019449936226010323 0.004183970857411623 -0.2290751188993454
v 0.019449938088655472 0.0036567409988492727 -0.22965683043003082
v 0.019449938088655472 0.003075032727792859 -0.23018406331539154
v 0.019449932500720024 0.0024444477166980505 -0.23065173625946045
v 0.019449932500720024 0.0017710604006424546 -0.2310553342103958
v 0.019449932500720024 0.001061354181729257 -0.23139101266860962
v 0.019449932500720024 0.000322163657983765 -0.23165549337863922
v 0.019449932500720024 -0.0004393909766804427 -0.23184625804424286
v 0.019449932500720024 -0.0012159764301031828 -0.2319614589214325
v 0.019449932500720024 -0.002000113483518362 -0.2319999635219574
v 0.019449932500720024 -0.0027842503041028976 -0.2319614589214325
v 0.019449932500720024 -0.0035608357284218073 -0.23184625804424286
v 0.019449934363365173 -0.00432239007204771 -0.23165549337863922
v 0.019449934363365173 -0.0050615789368748665 -0.23139101266860962
v 0.019449934363365173 -0.005771285854279995 -0.2310553342103958
v 0.019449934363365173 -0.006444673985242844 -0.23065173625946045
v 0.019449934363365173 -0.00707525759935379 -0.23018406331539154
v 0.019449934363365173 -0.007656965870410204 -0.22965683043003082
v 0.019449932500720024 -0.008184194564819336 -0.2290751188993454
v 0.019449932500720024 -0.00865186844021082 -0.22844453155994415
v 0.019449932500720024 -0.009055481292307377 -0.22777114808559418
v 0.019449932500720024 -0.009391146712005138 -0.2270614355802536
v 0.019449932500720024 -0.009655633941292763 -0.2263222485780716
v 0.019449932500720024 -0.009846393018960953 -0.22556069493293762
v 0.019449932500720024 -0.009961588308215141 -0.22478410601615906
v 0.019449932500720024 -0.010000108741223812 -0.2239999771118164
v 0.02124994993209839 -0.010000095702707767 -0.18999998271465302
v 0.02124994993209839 -0.009961575269699097 -0.18921583890914917
v 0.02124994993209839 -0.009846379049122334 -0.1884392499923706
v 0.02124994993209839 -0.009655620902776718 -0.18767768144607544
v 0.02124994993209839 -0.009391133673489094 -0.18693850934505463
v 0.02124994993209839 -0.009055466391146183 -0.18622878193855286
v 0.021249953657388687 -0.008651853539049625 -0.18555541336536407
v 0.021249953657388687 -0.008184179663658142 -0.18492482602596283
v 0.021249951794743538 -0.007656949572265148 -0.1843430995941162
v 0.021249951794743538 -0.007075242232531309 -0.1838158667087555
v 0.021249951794743538 -0.006444656755775213 -0.18334820866584778
v 0.021249951794743538 -0.005771269090473652 -0.18294459581375122
v 0.021249951794743538 -0.005061562638729811 -0.1826089471578598
v 0.021249951794743538 -0.004322371911257505 -0.182344451546669
v 0.021249951794743538 -0.0035608175676316023 -0.18215370178222656
v 0.021249951794743538 -0.0027842321433126926 -0.18203848600387573
v 0.021249951794743538 -0.002000095322728157 -0.18199996650218964
v 0.021249951794743538 -0.0012159582693129778 -0.18203848600387573
v 0.021249951794743538 -0.00043937296140938997 -0.18215370178222656
v 0.021249951794743538 0.000322181498631835 -0.182344451546669
v 0.021249955520033836 0.0010613716440275311 -0.1826089471578598
v 0.021249955520033836 0.0017710775136947632 -0.18294459581375122
v 0.021249955520033836 0.002444465644657612 -0.18334820866584778
v 0.021249955520033836 0.003075049025937915 -0.1838158667087555
v 0.021249951794743538 0.003656757529824972 -0.1843430995941162
v 0.021249951794743538 0.0041839866898953915 -0.18492482602596283
v 0.021249951794743538 0.004651659168303013 -0.18555541336536407
v 0.021249951794743538 0.005055271089076996 -0.18622878193855286
v 0.021249951794743538 0.005390936508774757 -0.18693850934505463
v 0.021249951794743538 0.005655422806739807 -0.18767768144607544
v 0.021249951794743538 0.0058461823500692844 -0.1884392499923706
v 0.021249951794743538 0.005961377639323473 -0.18921582400798798
v 0.021249951794743538 0.005999899469316006 -0.18999995291233063
v 0.021249936893582344 0.005999886430799961 -0.2239999771118164
v 0.021249936893582344 0.0059613632038235664 -0.22478410601615906
v 0.021249936893582344 0.005846166983246803 -0.22556069493293762
v 0.021249933168292046 0.005655407905578613 -0.2263222485780716
v 0.021249933168292046 0.0053909216076135635 -0.2270614355802536
v 0.021249933168292046 0.005055255256593227 -0.22777114808559418
v 0.021249933168292046 0.0046516419388353825 -0.22844453155994415
v 0.021249933168292046 0.004183969926089048 -0.2290751188993454
v 0.021249933168292046 0.003656740067526698 -0.22965683043003082
v 0.021249933168292046 0.0030750317964702845 -0.23018406331539154
v 0.021249933168292046 0.0024444470182061195 -0.23065173625946045
v 0.021249933168292046 0.0017710595857352018 -0.2310553342103958
v 0.021249933168292046 0.0010613533668220043 -0.23139101266860962
v 0.021249933168292046 0.0003221628721803427 -0.23165549337863922
v 0.021249927580356598 -0.00043939173338003457 -0.23184625804424286
v 0.021249927580356598 -0.0012159772450104356 -0.2319614589214325
v 0.021249927580356598 -0.002000114182010293 -0.2319999635219574
v 0.021249927580356598 -0.002784250769764185 -0.2319614589214325
v 0.021249927580356598 -0.0035608361940830946 -0.23184625804424286
v 0.021249927580356598 -0.004322391003370285 -0.23165549337863922
v 0.021249927580356598 -0.005061580799520016 -0.23139101266860962
v 0.021249927580356598 -0.00577128678560257 -0.2310553342103958
v 0.021249927580356598 -0.0064446753822267056 -0.23065173625946045
v 0.021249927580356598 -0.0070752594619989395 -0.23018406331539154
v 0.021249927580356598 -0.0076569668017327785 -0.22965683043003082
v 0.021249929443001747 -0.008184196427464485 -0.2290751188993454
v 0.021249929443001747 -0.008651870302855968 -0.22844453155994415
v 0.021249929443001747 -0.009055483154952526 -0.22777114808559418
v 0.021249929443001747 -0.009391148574650288 -0.2270614355802536
v 0.021249929443001747 -0.009655635803937912 -0.2263222485780716
v 0.021249929443001747 -0.009846394881606102 -0.22556069493293762
v 0.021249935030937195 -0.009961589239537716 -0.22478410601615906
v 0.021249935030937195 -0.010000110603868961 -0.2239999771118164
v 0.02124999277293682 -0.010000111535191536 -0.2239999771118164
v 0.02124999277293682 -0.009961591102182865 -0.22321584820747375
v 0.02124999277293682 -0.009846395812928677 -0.2224392592906952
v 0.02124999277293682 -0.009655635803937912 -0.22167770564556122
v 0.02124999277293682 -0.009391148574650288 -0.2209385335445404
v 0.02124999649822712 -0.009055482223629951 -0.22022880613803864
v 0.02124999649822712 -0.00865186844021082 -0.21955543756484985
v 0.02124999649822712 -0.008184194564819336 -0.21892482042312622
v 0.02124999463558197 -0.007656965870410204 -0.218343123793602
v 0.02124999463558197 -0.007075257133692503 -0.21781589090824127
v 0.02124999463558197 -0.006444672122597694 -0.21734823286533356
v 0.02124999463558197 -0.005771284457296133 -0.216944620013237
v 0.02124999463558197 -0.0050615775398910046 -0.2166089564561844
v 0.02124999463558197 -0.004322387743741274 -0.2163444459438324
v 0.02124999463558197 -0.0035608329344540834 -0.21615371108055115
v 0.02124999463558197 -0.002784247510135174 -0.2160385102033615
v 0.02124999463558197 -0.002000110689550638 -0.21599997580051422
v 0.02124999463558197 -0.0012159737525507808 -0.2160385102033615
v 0.02124999463558197 -0.00043938844464719296 -0.21615369617938995
v 0.02124999463558197 0.0003221659571863711 -0.2163444459438324
v 0.02124999463558197 0.0010613561607897282 -0.2166089415550232
v 0.02124999463558197 0.0017710620304569602 -0.216944620013237
v 0.02124999463558197 0.002444450045004487 -0.21734823286533356
v 0.02124999463558197 0.0030750338919460773 -0.21781589090824127
v 0.02124999463558197 0.0036567416973412037 -0.218343123793602
v 0.02124999463558197 0.00418397132307291 -0.21892482042312622
v 0.02124999463558197 0.004651643801480532 -0.21955543756484985
v 0.02124999463558197 0.005055255722254515 -0.22022880613803864
v 0.02124999463558197 0.0053909216076135635 -0.2209385335445404
v 0.02124999463558197 0.005655407905578613 -0.22167770564556122
v 0.02124999463558197 0.005846166517585516 -0.2224392592906952
v 0.02124999463558197 0.0059613618068397045 -0.22321584820747375
v 0.02124999463558197 0.005999884568154812 -0.2239999771118164
v 0.021249989047646523 0.005999873857945204 -0.24799999594688416
v 0.021249989047646523 0.0059613510966300964 -0.2487841248512268
v 0.021249989047646523 0.005846154876053333 -0.24956069886684418
v 0.021249989047646523 0.005655395332723856 -0.25032225251197815
v 0.021249989047646523 0.0053909095004200935 -0.25106146931648254
v 0.021249985322356224 0.005055243149399757 -0.25177115201950073
v 0.021249985322356224 0.004651629365980625 -0.2524445652961731
v 0.021249985322356224 0.004183957353234291 -0.25307515263557434
v 0.021249985322356224 0.0036567281931638718 -0.2536568343639374
v 0.021249985322356224 0.003075019922107458 -0.2541840672492981
v 0.021249985322356224 0.0024444344453513622 -0.2546517252922058
v 0.021249985322356224 0.0017710468964651227 -0.25505533814430237
v 0.021249985322356224 0.0010613406775519252 -0.25539103150367737
v 0.021249985322356224 0.00032215024111792445 -0.25565552711486816
v 0.021249985322356224 -0.00043940439354628325 -0.2558462619781494
v 0.021249985322356224 -0.0012159898178651929 -0.25596144795417786
v 0.021249985322356224 -0.0020001267548650503 -0.25599998235702515
v 0.021249985322356224 -0.002784263575449586 -0.25596144795417786
v 0.021249985322356224 -0.003560848766937852 -0.2558462619781494
v 0.021249985322356224 -0.004322403576225042 -0.25565552711486816
v 0.021249985322356224 -0.005061592906713486 -0.25539103150367737
v 0.021249985322356224 -0.005771299358457327 -0.25505533814430237
v 0.021249985322356224 -0.00644468842074275 -0.2546517252922058
v 0.021249985322356224 -0.0070752715691924095 -0.2541840672492981
v 0.021249985322356224 -0.007656979374587536 -0.2536568343639374
v 0.021249987185001373 -0.008184208534657955 -0.25307515263557434
v 0.021249987185001373 -0.008651883341372013 -0.2524445652961731
v 0.021249987185001373 -0.009055494330823421 -0.25177115201950073
v 0.021249987185001373 -0.009391159750521183 -0.25106146931648254
v 0.021249987185001373 -0.009655647911131382 -0.25032225251197815
v 0.021249987185001373 -0.009846406988799572 -0.24956069886684418
v 0.021249987185001373 -0.009961601346731186 -0.2487841248512268
v 0.021249987185001373 -0.010000122711062431 -0.24799999594688416
v 0.02304999530315399 -0.01000011246651411 -0.2239999771118164
v 0.02304999530315399 -0.00996159203350544 -0.22321584820747375
v 0.02304999530315399 -0.009846395812928677 -0.2224392592906952
v 0.02304999530315399 -0.009655636735260487 -0.22167770564556122
v 0.02304999530315399 -0.009391149505972862 -0.2209385335445404
v 0.02304999530315399 -0.009055483154952526 -0.22022880613803864
v 0.02304999530315399 -0.008651869371533394 -0.21955543756484985
v 0.02304999530315399 -0.00818419549614191 -0.21892482042312622
v 0.023049993440508842 -0.007656966336071491 -0.218343123793602
v 0.023049993440508842 -0.007075258530676365 -0.21781589090824127
v 0.023049993440508842 -0.006444672588258982 -0.21734823286533356
v 0.023049993440508842 -0.005771284457296133 -0.216944620013237
v 0.023049993440508842 -0.005061578471213579 -0.2166089564561844
v 0.023049993440508842 -0.0043223886750638485 -0.2163444459438324
v 0.023049993440508842 -0.0035608336329460144 -0.21615371108055115
v 0.023049993440508842 -0.0027842482086271048 -0.2160385102033615
v 0.023049993440508842 -0.002000111388042569 -0.21599997580051422
v 0.023049993440508842 -0.00121597433462739 -0.2160385102033615
v 0.023049993440508842 -0.0004393888812046498 -0.21615371108055115
v 0.023049993440508842 0.00032216552062891424 -0.2163444459438324
v 0.023049993440508842 0.0010613558115437627 -0.2166089564561844
v 0.023049993440508842 0.001771061564795673 -0.216944620013237
v 0.023049993440508842 0.0024444495793431997 -0.21734823286533356
v 0.023049993440508842 0.003075032727792859 -0.21781589090824127
v 0.023049993440508842 0.0036567405331879854 -0.218343123793602
v 0.023049993440508842 0.004183969926089048 -0.21892482042312622
v 0.023049993440508842 0.004651642870157957 -0.21955543756484985
v 0.023049993440508842 0.005055255256593227 -0.22022880613803864
v 0.023049993440508842 0.005390920210629702 -0.2209385335445404
v 0.023049993440508842 0.005655406508594751 -0.22167770564556122
v 0.023049993440508842 0.005846166051924229 -0.2224392592906952
v 0.023049993440508842 0.00596136087551713 -0.22321584820747375
v 0.023049993440508842 0.00599988317117095 -0.2239999771118164
v 0.023049987852573395 0.005999872460961342 -0.24799999594688416
v 0.023049987852573395 0.005961350165307522 -0.2487841248512268
v 0.023049987852573395 0.005846154410392046 -0.24956069886684418
v 0.023049987852573395 0.005655394401401281 -0.25032225251197815
v 0.023049987852573395 0.005390908569097519 -0.25106146931648254
v 0.023049987852573395 0.00505524268373847 -0.25177115201950073
v 0.023049987852573395 0.004651627968996763 -0.2524445652961731
v 0.023049987852573395 0.004183955956250429 -0.25307515263557434
v 0.023049987852573395 0.0036567270290106535 -0.2536568343639374
v 0.023049987852573395 0.00307501875795424 -0.2541840672492981
v 0.023049987852573395 0.0024444337468594313 -0.2546517252922058
v 0.023049987852573395 0.0017710465472191572 -0.25505533814430237
v 0.023049987852573395 0.0010613403283059597 -0.25539103150367737
v 0.023049984127283096 0.0003221497463528067 -0.25565552711486816
v 0.023049984127283096 -0.000439404888311401 -0.2558462619781494
v 0.023049984127283096 -0.001215990399941802 -0.25596144795417786
v 0.023049984127283096 -0.0020001274533569813 -0.25599998235702515
v 0.023049984127283096 -0.002784264273941517 -0.25596144795417786
v 0.023049984127283096 -0.003560849465429783 -0.2558462619781494
v 0.023049984127283096 -0.00432240404188633 -0.25565552711486816
v 0.023049984127283096 -0.00506159383803606 -0.25539103150367737
v 0.023049984127283096 -0.005771299824118614 -0.25505533814430237
v 0.023049984127283096 -0.00644468842074275 -0.2546517252922058
v 0.023049984127283096 -0.007075272500514984 -0.2541840672492981
v 0.023049984127283096 -0.0076569803059101105 -0.2536568343639374
v 0.023049985989928246 -0.008184210397303104 -0.25307515263557434
v 0.023049985989928246 -0.008651883341372013 -0.2524445652961731
v 0.023049985989928246 -0.009055495262145996 -0.25177115201950073
v 0.023049985989928246 -0.009391161613166332 -0.25106146931648254
v 0.023049985989928246 -0.009655648842453957 -0.25032225251197815
v 0.023049985989928246 -0.009846406988799572 -0.24956069886684418
v 0.023049985989928246 -0.009961603209376335 -0.2487841248512268
v 0.023049985989928246 -0.010000123642385006 -0.24799999594688416
v 0.026949988678097725 -0.010000110603868961 -0.2239999771118164
v 0.026949988678097725 -0.009961589239537716 -0.22321584820747375
v 0.026949988678097725 -0.009846393018960953 -0.2224392592906952
v 0.026949988678097725 -0.009655633941292763 -0.22167770564556122
v 0.026949988678097725 -0.009391146712005138 -0.2209385335445404
v 0.026949994266033173 -0.009055479429662228 -0.22022880613803864
v 0.026949994266033173 -0.00865186657756567 -0.21955543756484985
v 0.026949994266033173 -0.008184192702174187 -0.21892482042312622
v 0.026949992403388023 -0.007656964007765055 -0.218343123793602
v 0.026949992403388023 -0.007075255271047354 -0.21781589090824127
v 0.026949992403388023 -0.006444670259952545 -0.21734823286533356
v 0.026949992403388023 -0.0057712821289896965 -0.216944620013237
v 0.026949992403388023 -0.005061575677245855 -0.2166089564561844
v 0.026949992403388023 -0.004322386346757412 -0.2163444459438324
v 0.026949992403388023 -0.0035608315374702215 -0.21615371108055115
v 0.026949992403388023 -0.002784246113151312 -0.2160385102033615
v 0.026949992403388023 -0.0020001090597361326 -0.21599997580051422
v 0.026949992403388023 -0.0012159721227362752 -0.2160385102033615
v 0.026949992403388023 -0.00043938684393651783 -0.21615369617938995
v 0.026949992403388023 0.00032216758700087667 -0.2163444459438324
v 0.026949992403388023 0.0010613579070195556 -0.2166089415550232
v 0.026949992403388023 0.0017710636602714658 -0.216944620013237
v 0.026949992403388023 0.0024444516748189926 -0.21734823286533356
v 0.026949992403388023 0.003075035521760583 -0.21781589090824127
v 0.026949992403388023 0.0036567430943250656 -0.218343123793602
v 0.026949992403388023 0.004183972720056772 -0.21892482042312622
v 0.026949992403388023 0.004651645664125681 -0.21955543756484985
v 0.026949992403388023 0.005055258050560951 -0.22022880613803864
v 0.026949992403388023 0.005390923470258713 -0.2209385335445404
v 0.026949992403388023 0.005655409302562475 -0.22167770564556122
v 0.026949992403388023 0.0058461688458919525 -0.2224392592906952
v 0.026949992403388023 0.005961363669484854 -0.22321584820747375
v 0.026949992403388023 0.005999886430799961 -0.2239999771118164
v 0.026949986815452576 0.005999875720590353 -0.24799999594688416
v 0.026949986815452576 0.005961352959275246 -0.2487841248512268
v 0.026949986815452576 0.005846157670021057 -0.24956069886684418
v 0.026949986815452576 0.0056553976610302925 -0.25032225251197815
v 0.026949986815452576 0.005390911363065243 -0.25106146931648254
v 0.026949983090162277 0.005055245477706194 -0.25177115201950073
v 0.026949983090162277 0.004651630762964487 -0.2524445652961731
v 0.026949983090162277 0.004183958750218153 -0.25307515263557434
v 0.026949983090162277 0.0036567298229783773 -0.2536568343639374
v 0.026949983090162277 0.00307502131909132 -0.2541840672492981
v 0.026949983090162277 0.002444435842335224 -0.2546517252922058
v 0.026949983090162277 0.0017710485262796283 -0.25505533814430237
v 0.026949983090162277 0.0010613423073664308 -0.25539103150367737
v 0.026949983090162277 0.00032215184182859957 -0.25565552711486816
v 0.026949983090162277 -0.0004394027928356081 -0.2558462619781494
v 0.026949983090162277 -0.0012159881880506873 -0.25596144795417786
v 0.026949983090162277 -0.0020001253578811884 -0.25599998235702515
v 0.026949983090162277 -0.002784262178465724 -0.25596144795417786
v 0.026949983090162277 -0.0035608476027846336 -0.2558462619781494
v 0.026949983090162277 -0.00432240217924118 -0.25565552711486816
v 0.026949983090162277 -0.0050615910440683365 -0.25539103150367737
v 0.026949983090162277 -0.005771297495812178 -0.25505533814430237
v 0.026949983090162277 -0.006444686092436314 -0.2546517252922058
v 0.026949983090162277 -0.00707526970654726 -0.2541840672492981
v 0.026949983090162277 -0.007656977046281099 -0.2536568343639374
v 0.026949984952807426 -0.008184206672012806 -0.25307515263557434
v 0.026949984952807426 -0.00865188054740429 -0.2524445652961731
v 0.026949984952807426 -0.009055492468178272 -0.25177115201950073
v 0.026949984952807426 -0.009391157887876034 -0.25106146931648254
v 0.026949984952807426 -0.009655645117163658 -0.25032225251197815
v 0.026949984952807426 -0.009846404194831848 -0.24956069886684418
v 0.026949984952807426 -0.009961599484086037 -0.2487841248512268
v 0.026949984952807426 -0.010000120848417282 -0.24799999594688416
v 0.028749993070960045 -0.010000111535191536 -0.2239999771118164
v 0.028749993070960045 -0.009961591102182865 -0.22321584820747375
v 0.028749993070960045 -0.009846394881606102 -0.2224392592906952
v 0.028749993070960045 -0.009655634872615337 -0.22167770564556122
v 0.028749993070960045 -0.009391147643327713 -0.2209385335445404
v 0.028749993070960045 -0.009055481292307377 -0.22022880613803864
v 0.028749993070960045 -0.008651867508888245 -0.21955543756484985
v 0.028749993070960045 -0.008184194564819336 -0.21892482042312622
v 0.028749989345669746 -0.007656965404748917 -0.218343123793602
v 0.028749989345669746 -0.007075257133692503 -0.21781589090824127
v 0.028749989345669746 -0.00644467119127512 -0.21734823286533356
v 0.028749989345669746 -0.005771283525973558 -0.216944620013237
v 0.028749989345669746 -0.00506157660856843 -0.2166089564561844
v 0.028749989345669746 -0.004322386812418699 -0.2163444459438324
v 0.028749989345669746 -0.003560831770300865 -0.21615371108055115
v 0.028749989345669746 -0.0027842463459819555 -0.2160385102033615
v 0.028749989345669746 -0.0020001097582280636 -0.21599997580051422
v 0.028749989345669746 -0.0012159727048128843 -0.2160385102033615
v 0.028749989345669746 -0.00043938725139014423 -0.21615371108055115
v 0.028749989345669746 0.0003221671504434198 -0.2163444459438324
v 0.028749989345669746 0.0010613573249429464 -0.2166089564561844
v 0.028749989345669746 0.0017710631946101785 -0.216944620013237
v 0.028749989345669746 0.0024444512091577053 -0.21734823286533356
v 0.028749989345669746 0.0030750345904380083 -0.21781589090824127
v 0.028749989345669746 0.003656742163002491 -0.218343123793602
v 0.028749989345669746 0.004183971788734198 -0.21892482042312622
v 0.028749989345669746 0.004651644732803106 -0.21955543756484985
v 0.028749989345669746 0.005055256187915802 -0.22022880613803864
v 0.028749989345669746 0.005390922073274851 -0.2209385335445404
v 0.028749989345669746 0.005655408371239901 -0.22167770564556122
v 0.028749989345669746 0.005846166983246803 -0.2224392592906952
v 0.028749989345669746 0.0059613618068397045 -0.22321584820747375
v 0.028749989345669746 0.005999885033816099 -0.2239999771118164
v 0.028749985620379448 0.005999873857945204 -0.24799999594688416
v 0.028749985620379448 0.005961352027952671 -0.2487841248512268
v 0.028749985620379448 0.005846155807375908 -0.24956069886684418
v 0.028749985620379448 0.005655395798385143 -0.25032225251197815
v 0.028749985620379448 0.005390910431742668 -0.25106146931648254
v 0.028749985620379448 0.005055243615061045 -0.25177115201950073
v 0.028749985620379448 0.0046516298316419125 -0.2524445652961731
v 0.028749985620379448 0.004183957818895578 -0.25307515263557434
v 0.028749985620379448 0.0036567284259945154 -0.2536568343639374
v 0.028749985620379448 0.0030750201549381018 -0.2541840672492981
v 0.028749985620379448 0.002444435376673937 -0.2546517252922058
v 0.028749985620379448 0.0017710481770336628 -0.25505533814430237
v 0.028749985620379448 0.0010613419581204653 -0.25539103150367737
v 0.028749980032444 0.0003221514052711427 -0.25565552711486816
v 0.028749980032444 -0.000439403229393065 -0.2558462619781494
v 0.028749980032444 -0.0012159887701272964 -0.25596144795417786
v 0.028749980032444 -0.0020001258235424757 -0.25599998235702515
v 0.028749980032444 -0.0027842624112963676 -0.25596144795417786
v 0.028749980032444 -0.0035608478356152773 -0.2558462619781494
v 0.028749980032444 -0.004322402644902468 -0.25565552711486816
v 0.028749980032444 -0.005061592441052198 -0.25539103150367737
v 0.028749980032444 -0.005771298427134752 -0.25505533814430237
v 0.028749980032444 -0.006444687023758888 -0.2546517252922058
v 0.028749980032444 -0.007075271103531122 -0.2541840672492981
v 0.028749980032444 -0.0076569789089262486 -0.2536568343639374
v 0.0287499837577343 -0.008184208534657955 -0.25307515263557434
v 0.0287499837577343 -0.008651882410049438 -0.2524445652961731
v 0.0287499837577343 -0.009055494330823421 -0.25177115201950073
v 0.0287499837577343 -0.009391159750521183 -0.25106146931648254
v 0.0287499837577343 -0.009655646979808807 -0.25032225251197815
v 0.0287499837577343 -0.009846406057476997 -0.24956069886684418
v 0.0287499837577343 -0.009961601346731186 -0.2487841248512268
v 0.0287499837577343 -0.010000122711062431 -0.24799999594688416
v 0.028749993070960045 -0.01000012457370758 -0.24799995124340057
v 0.028749993070960045 -0.00996160414069891 -0.24721582233905792
v 0.028749993070960045 -0.009846407920122147 -0.24643924832344055
v 0.028749993070960045 -0.009655647911131382 -0.24567767977714539
v 0.028749993070960045 -0.009391161613166332 -0.24493850767612457
v 0.028749996796250343 -0.009055494330823421 -0.2442287802696228
v 0.028749996796250343 -0.00865188054740429 -0.24355541169643402
v 0.028749996796250343 -0.00818420760333538 -0.24292480945587158
v 0.028749994933605194 -0.007656978443264961 -0.24234309792518616
v 0.028749994933605194 -0.007075270172208548 -0.24181586503982544
v 0.028749994933605194 -0.006444684695452452 -0.24134820699691772
v 0.028749994933605194 -0.00577129703015089 -0.24094459414482117
v 0.028749994933605194 -0.005061590578407049 -0.24060894548892975
v 0.028749994933605194 -0.0043224007822573185 -0.24034442007541656
v 0.028749994933605194 -0.0035608457401394844 -0.24015368521213531
v 0.028749994933605194 -0.002784260082989931 -0.24003848433494568
v 0.028749994933605194 -0.002000123495236039 -0.23999996483325958
v 0.028749994933605194 -0.00121598644182086 -0.24003848433494568
v 0.028749994933605194 -0.00043940110481344163 -0.24015367031097412
v 0.028749994933605194 0.0003221532970201224 -0.24034442007541656
v 0.028749994933605194 0.0010613435879349709 -0.24060891568660736
v 0.028749994933605194 0.001771049341186881 -0.24094459414482117
v 0.028749994933605194 0.0024444374721497297 -0.24134820699691772
v 0.028749994933605194 0.0030750210862606764 -0.24181586503982544
v 0.028749994933605194 0.0036567288916558027 -0.24234309792518616
v 0.028749994933605194 0.004183958284556866 -0.24292480945587158
v 0.028749994933605194 0.004651631228625774 -0.24355541169643402
v 0.028749994933605194 0.005055243149399757 -0.2442287802696228
v 0.028749994933605194 0.005390908569097519 -0.24493850767612457
v 0.028749994933605194 0.005655395332723856 -0.24567767977714539
v 0.028749994933605194 0.005846153944730759 -0.24643924832344055
v 0.028749994933605194 0.00596134876832366 -0.24721582233905792
v 0.028749994933605194 0.005999871529638767 -0.24799995124340057
v 0.028749989345669746 0.005999860819429159 -0.27199995517730713
v 0.028749989345669746 0.005961338523775339 -0.27278411388397217
v 0.028749989345669746 0.005846142768859863 -0.27356070280075073
v 0.028749989345669746 0.005655382759869099 -0.2743222415447235
v 0.028749989345669746 0.005390896461904049 -0.2750614285469055
v 0.028749985620379448 0.005055230576545 -0.2757711410522461
v 0.028749985620379448 0.0046516163274645805 -0.27644452452659607
v 0.028749985620379448 0.0041839443147182465 -0.2770751118659973
v 0.028749985620379448 0.003656715387478471 -0.27765682339668274
v 0.028749985620379448 0.003075007116422057 -0.27818405628204346
v 0.028749985620379448 0.0024444216396659613 -0.27865171432495117
v 0.028749985620379448 0.0017710343236103654 -0.27905532717704773
v 0.028749985620379448 0.0010613281046971679 -0.27939099073410034
v 0.028749985620379448 0.00032213752274401486 -0.27965548634529114
v 0.028749985620379448 -0.0004394170828163624 -0.2798462510108948
v 0.028749985620379448 -0.001216002507135272 -0.2799614667892456
v 0.028749985620379448 -0.0020001395605504513 -0.2799999713897705
v 0.028749985620379448 -0.0027842761483043432 -0.2799614667892456
v 0.028749985620379448 -0.003560861572623253 -0.2798462510108948
v 0.028749985620379448 -0.004322416614741087 -0.27965548634529114
v 0.028749985620379448 -0.00506160594522953 -0.27939099073410034
v 0.028749985620379448 -0.005771311931312084 -0.27905532717704773
v 0.028749985620379448 -0.0064447009935975075 -0.27865171432495117
v 0.028749985620379448 -0.007075284607708454 -0.27818405628204346
v 0.028749985620379448 -0.007656991947442293 -0.27765682339668274
v 0.028749987483024597 -0.008184221573174 -0.2770751118659973
v 0.028749987483024597 -0.008651895448565483 -0.27644452452659607
v 0.028749987483024597 -0.009055507369339466 -0.2757711410522461
v 0.028749987483024597 -0.009391172789037228 -0.2750614285469055
v 0.028749987483024597 -0.009655660018324852 -0.2743222415447235
v 0.028749987483024597 -0.009846419095993042 -0.27356070280075073
v 0.028749987483024597 -0.00996161438524723 -0.27278411388397217
v 0.028749987483024597 -0.010000135749578476 -0.27199995517730713
v 0.030549990013241768 -0.010000125505030155 -0.24799995124340057
v 0.030549990013241768 -0.00996160414069891 -0.24721582233905792
v 0.030549990013241768 -0.009846408851444721 -0.24643924832344055
v 0.030549990013241768 -0.009655648842453957 -0.24567767977714539
v 0.030549990013241768 -0.009391161613166332 -0.24493850767612457
v 0.030549990013241768 -0.00905549619346857 -0.2442287802696228
v 0.030549990013241768 -0.008651881478726864 -0.24355541169643402
v 0.030549990013241768 -0.008184208534657955 -0.24292480945587158
v 0.030549997463822365 -0.007656979374587536 -0.24234309792518616
v 0.030549997463822365 -0.007075271103531122 -0.24181586503982544
v 0.030549997463822365 -0.006444685161113739 -0.24134820699691772
v 0.030549997463822365 -0.005771297495812178 -0.24094459414482117
v 0.030549997463822365 -0.0050615910440683365 -0.24060894548892975
v 0.030549997463822365 -0.004322401247918606 -0.24034442007541656
v 0.030549997463822365 -0.0035608464386314154 -0.24015368521213531
v 0.030549997463822365 -0.002784260781481862 -0.24003848433494568
v 0.030549997463822365 -0.0020001239608973265 -0.23999996483325958
v 0.030549997463822365 -0.001215987023897469 -0.24003848433494568
v 0.030549997463822365 -0.0004394015995785594 -0.24015368521213531
v 0.030549997463822365 0.00032215280225500464 -0.24034442007541656
v 0.030549997463822365 0.0010613430058583617 -0.24060894548892975
v 0.030549997463822365 0.0017710489919409156 -0.24094459414482117
v 0.030549997463822365 0.0024444370064884424 -0.24134820699691772
v 0.030549997463822365 0.003075019922107458 -0.24181586503982544
v 0.030549997463822365 0.0036567277275025845 -0.24234309792518616
v 0.030549997463822365 0.004183957353234291 -0.24292480945587158
v 0.030549997463822365 0.0046516298316419125 -0.24355541169643402
v 0.030549997463822365 0.0050552417524158955 -0.2442287802696228
v 0.030549997463822365 0.005390908103436232 -0.24493850767612457
v 0.030549997463822365 0.005655393935739994 -0.24567767977714539
v 0.030549997463822365 0.005846152547746897 -0.24643924832344055
v 0.030549997463822365 0.005961348302662373 -0.24721582233905792
v 0.030549997463822365 0.005999870598316193 -0.24799995124340057
v 0.03054998815059662 0.0059998598881065845 -0.27199995517730713
v 0.03054998815059662 0.0059613375924527645 -0.27278411388397217
v 0.03054998815059662 0.005846141371876001 -0.27356070280075073
v 0.03054998815059662 0.005655382294207811 -0.2743222415447235
v 0.03054998815059662 0.005390895996242762 -0.2750614285469055
v 0.03054998815059662 0.0050552296452224255 -0.2757711410522461
v 0.03054998815059662 0.004651615396142006 -0.27644452452659607
v 0.03054998815059662 0.004183943383395672 -0.2770751118659973
v 0.03054998815059662 0.0036567142233252525 -0.27765682339668274
v 0.03054998815059662 0.003075005952268839 -0.27818405628204346
v 0.03054998815059662 0.002444421174004674 -0.27865171432495117
v 0.03054998815059662 0.0017710339743644 -0.27905532717704773
v 0.03054998815059662 0.0010613276390358806 -0.27939099073410034
v 0.03054998815059662 0.00032213705708272755 -0.27965548634529114
v 0.03054998815059662 -0.0004394175484776497 -0.2798462510108948
v 0.03054998815059662 -0.001216003205627203 -0.2799614667892456
v 0.03054998815059662 -0.0020001400262117386 -0.2799999713897705
v 0.03054998815059662 -0.002784276846796274 -0.2799614667892456
v 0.03054998815059662 -0.003560862271115184 -0.2798462510108948
v 0.03054998815059662 -0.004322417080402374 -0.27965548634529114
v 0.03054998815059662 -0.005061606410890818 -0.27939099073410034
v 0.03054998815059662 -0.0057713123969733715 -0.27905532717704773
v 0.03054998815059662 -0.0064447009935975075 -0.27865171432495117
v 0.03054998815059662 -0.0070752850733697414 -0.27818405628204346
v 0.03054998815059662 -0.007656993344426155 -0.27765682339668274
v 0.030549990013241768 -0.008184222504496574 -0.2770751118659973
v 0.030549990013241768 -0.008651896379888058 -0.27644452452659607
v 0.030549990013241768 -0.00905550830066204 -0.2757711410522461
v 0.030549990013241768 -0.009391173720359802 -0.2750614285469055
v 0.030549990013241768 -0.009655660949647427 -0.2743222415447235
v 0.030549990013241768 -0.009846420027315617 -0.27356070280075073
v 0.030549990013241768 -0.009961615316569805 -0.27278411388397217
v 0.030549990013241768 -0.01000013668090105 -0.27199995517730713
v 0.01944999024271965 -0.01000012457370758 -0.24799995124340057
v 0.01944999024271965 -0.00996160414069891 -0.24721582233905792
v 0.01944999024271965 -0.009846407920122147 -0.24643924832344055
v 0.01944999024271965 -0.009655648842453957 -0.24567767977714539
v 0.01944999024271965 -0.009391161613166332 -0.24493850767612457
v 0.01944999396800995 -0.009055494330823421 -0.2442287802696228
v 0.01944999396800995 -0.008651881478726864 -0.24355541169643402
v 0.01944999396800995 -0.00818420760333538 -0.24292480945587158
v 0.019449995830655098 -0.0076569789089262486 -0.24234309792518616
v 0.019449995830655098 -0.007075270172208548 -0.24181586503982544
v 0.019449995830655098 -0.006444685161113739 -0.24134820699691772
v 0.019449995830655098 -0.00577129703015089 -0.24094459414482117
v 0.019449995830655098 -0.005061590578407049 -0.24060894548892975
v 0.019449995830655098 -0.004322401713579893 -0.24034442007541656
v 0.01944999396800995 -0.0035608464386314154 -0.24015368521213531
v 0.01944999396800995 -0.0027842610143125057 -0.24003848433494568
v 0.01944999396800995 -0.00200012419372797 -0.23999996483325958
v 0.01944999396800995 -0.0012159871403127909 -0.24003848433494568
v 0.01944999396800995 -0.00043940183240920305 -0.24015367031097412
v 0.01944999396800995 0.00032215259852819145 -0.24034442007541656
v 0.01944999396800995 0.001061342773027718 -0.24060891568660736
v 0.01944999396800995 0.001771048759110272 -0.24094459414482117
v 0.01944999396800995 0.0024444367736577988 -0.24134820699691772
v 0.01944999396800995 0.003075020620599389 -0.24181586503982544
v 0.01944999396800995 0.0036567281931638718 -0.24234309792518616
v 0.01944999396800995 0.004183957818895578 -0.24292480945587158
v 0.01944999396800995 0.0046516302973032 -0.24355541169643402
v 0.01944999396800995 0.005055243149399757 -0.2442287802696228
v 0.01944999396800995 0.005390908569097519 -0.24493850767612457
v 0.01944999396800995 0.005655394401401281 -0.24567767977714539
v 0.01944999396800995 0.005846153944730759 -0.24643924832344055
v 0.01944999396800995 0.00596134876832366 -0.24721582233905792
v 0.01944999396800995 0.005999871529638767 -0.24799995124340057
v 0.0194499883800745 0.005999860819429159 -0.27199995517730713
v 0.0194499883800745 0.005961338058114052 -0.27278411388397217
v 0.0194499883800745 0.005846141837537289 -0.27356070280075073
v 0.0194499883800745 0.005655382759869099 -0.2743222415447235
v 0.0194499883800745 0.005390896461904049 -0.2750614285469055
v 0.019449984654784203 0.005055230110883713 -0.2757711410522461
v 0.019449984654784203 0.004651615861803293 -0.27644452452659607
v 0.019449984654784203 0.004183943383395672 -0.2770751118659973
v 0.019449984654784203 0.003656714456155896 -0.27765682339668274
v 0.019449984654784203 0.0030750061850994825 -0.27818405628204346
v 0.019449984654784203 0.0024444209411740303 -0.27865171432495117
v 0.019449984654784203 0.0017710335087031126 -0.27905532717704773
v 0.019449984654784203 0.001061327289789915 -0.27939099073410034
v 0.019449984654784203 0.0003221368242520839 -0.27965548634529114
v 0.019449984654784203 -0.0004394177522044629 -0.2798462510108948
v 0.019449984654784203 -0.001216003205627203 -0.2799614667892456
v 0.019449984654784203 -0.0020001402590423822 -0.2799999713897705
v 0.019449984654784203 -0.002784277079626918 -0.2799614667892456
v 0.019449984654784203 -0.0035608625039458275 -0.2798462510108948
v 0.019449986517429352 -0.004322417080402374 -0.27965548634529114
v 0.019449986517429352 -0.00506160594522953 -0.27939099073410034
v 0.019449986517429352 -0.0057713123969733715 -0.27905532717704773
v 0.019449986517429352 -0.0064447009935975075 -0.27865171432495117
v 0.019449986517429352 -0.007075284607708454 -0.27818405628204346
v 0.019449986517429352 -0.007656991947442293 -0.27765682339668274
v 0.019449984654784203 -0.008184221573174 -0.2770751118659973
v 0.019449984654784203 -0.008651895448565483 -0.27644452452659607
v 0.019449984654784203 -0.009055507369339466 -0.2757711410522461
v 0.019449984654784203 -0.009391172789037228 -0.2750614285469055
v 0.019449984654784203 -0.009655660018324852 -0.2743222415447235
v 0.019449984654784203 -0.009846420027315617 -0.27356070280075073
v 0.019449984654784203 -0.00996161438524723 -0.27278411388397217
v 0.019449984654784203 -0.01000013668090105 -0.27199995517730713
v 0.02124999277293682 -0.010000125505030155 -0.24799995124340057
v 0.02124999277293682 -0.009961606003344059 -0.24721582233905792
v 0.02124999277293682 -0.009846409782767296 -0.24643924832344055
v 0.02124999277293682 -0.009655649773776531 -0.24567767977714539
v 0.02124999277293682 -0.009391163475811481 -0.24493850767612457
v 0.02124999277293682 -0.00905549619346857 -0.2442287802696228
v 0.02124999277293682 -0.008651882410049438 -0.24355541169643402
v 0.02124999277293682 -0.00818420946598053 -0.24292480945587158
v 0.021249989047646523 -0.0076569803059101105 -0.24234309792518616
v 0.021249989047646523 -0.007075272034853697 -0.24181586503982544
v 0.021249989047646523 -0.006444686092436314 -0.24134820699691772
v 0.021249989047646523 -0.005771298427134752 -0.24094459414482117
v 0.021249989047646523 -0.005061592441052198 -0.24060894548892975
v 0.021249989047646523 -0.004322401713579893 -0.24034442007541656
v 0.021249989047646523 -0.003560846671462059 -0.24015368521213531
v 0.021249989047646523 -0.0027842612471431494 -0.24003848433494568
v 0.021249989047646523 -0.0020001246593892574 -0.23999996483325958
v 0.021249989047646523 -0.0012159877223894 -0.24003848433494568
v 0.021249989047646523 -0.00043940229807049036 -0.24015368521213531
v 0.021249989047646523 0.00032215213286690414 -0.24034442007541656
v 0.021249989047646523 0.0010613423073664308 -0.24060894548892975
v 0.021249989047646523 0.0017710481770336628 -0.24094459414482117
v 0.021249989047646523 0.0024444363079965115 -0.24134820699691772
v 0.021249989047646523 0.0030750196892768145 -0.24181586503982544
v 0.021249989047646523 0.003656727261841297 -0.24234309792518616
v 0.021249989047646523 0.004183956887573004 -0.24292480945587158
v 0.021249989047646523 0.004651629365980625 -0.24355541169643402
v 0.021249989047646523 0.005055241286754608 -0.2442287802696228
v 0.021249989047646523 0.00539090670645237 -0.24493850767612457
v 0.021249989047646523 0.005655393470078707 -0.24567767977714539
v 0.021249989047646523 0.0058461520820856094 -0.24643924832344055
v 0.021249989047646523 0.005961346905678511 -0.24721582233905792
v 0.021249989047646523 0.005999870132654905 -0.24799995124340057
v 0.021249985322356224 0.00599985895678401 -0.27199995517730713
v 0.021249985322356224 0.005961337126791477 -0.27278411388397217
v 0.021249985322356224 0.005846140906214714 -0.27356070280075073
v 0.021249985322356224 0.005655380897223949 -0.2743222415447235
v 0.021249985322356224 0.0053908945992589 -0.2750614285469055
v 0.021249985322356224 0.005055228713899851 -0.2757711410522461
v 0.021249985322356224 0.004651614930480719 -0.27644452452659607
v 0.021249985322356224 0.004183942452073097 -0.2770751118659973
v 0.021249985322356224 0.0036567135248333216 -0.27765682339668274
v 0.021249985322356224 0.003075005253776908 -0.27818405628204346
v 0.021249985322356224 0.002444420475512743 -0.27865171432495117
v 0.021249985322356224 0.0017710330430418253 -0.27905532717704773
v 0.021249985322356224 0.0010613268241286278 -0.27939099073410034
v 0.021249979734420776 0.00032213638769462705 -0.27965548634529114
v 0.021249979734420776 -0.00043941824696958065 -0.2798462510108948
v 0.021249979734420776 -0.0012160037877038121 -0.2799614667892456
v 0.021249979734420776 -0.0020001407247036695 -0.2799999713897705
v 0.021249979734420776 -0.0027842773124575615 -0.2799614667892456
v 0.021249979734420776 -0.003560862736776471 -0.2798462510108948
v 0.021249979734420776 -0.004322417546063662 -0.27965548634529114
v 0.021249979734420776 -0.0050616078078746796 -0.27939099073410034
v 0.021249979734420776 -0.005771313328295946 -0.27905532717704773
v 0.021249979734420776 -0.006444701924920082 -0.27865171432495117
v 0.021249979734420776 -0.007075286004692316 -0.27818405628204346
v 0.021249979734420776 -0.007656993810087442 -0.27765682339668274
v 0.021249981597065926 -0.008184223435819149 -0.2770751118659973
v 0.021249981597065926 -0.008651897311210632 -0.27644452452659607
v 0.021249981597065926 -0.009055509231984615 -0.2757711410522461
v 0.021249981597065926 -0.009391174651682377 -0.2750614285469055
v 0.021249981597065926 -0.009655661880970001 -0.2743222415447235
v 0.021249981597065926 -0.009846420958638191 -0.27356070280075073
v 0.021249981597065926 -0.00996161624789238 -0.27278411388397217
v 0.021249981597065926 -0.01000013668090105 -0.27199995517730713
v 0.036999963223934174 0.014999895356595516 -0.19999997317790985
v -0.031000034883618355 0.014999888837337494 -0.19999995827674866
v 0.036999963223934174 0.014999940991401672 -0.11500000953674316
v -0.03100002557039261 0.0149999363347888 -0.11500000208616257
v 0.036999963223934174 0.012999894097447395 -0.19999997317790985
v -0.031000034883618355 0.012999888509511948 -0.19999995827674866
v 0.036999963223934174 0.012999940663576126 -0.11500000953674316
v -0.03100002557039261 0.012999936006963253 -0.11500000208616257
v -0.06300002336502075 0.012999934144318104 -0.11499998718500137
v -0.06300002336502075 0.012999885715544224 -0.19999995827674866
v -0.06300002336502075 0.01499993447214365 -0.11499998718500137
v -0.06300002336502075 0.014999886974692345 -0.19999995827674866
v 0.036999963223934174 0.014999961480498314 -0.08000000566244125
v -0.03100002557039261 0.014999955892562866 -0.07999999821186066
v 0.036999963223934174 0.012999961152672768 -0.08000000566244125
v -0.03100002557039261 0.01299995556473732 -0.07999999821186066
v 0.004999974276870489 0.014999959617853165 -0.07999999821186066
v -0.005000023636966944 0.01499995682388544 -0.07999999821186066
v 0.004999974276870489 0.012999958358705044 -0.07999999821186066
v -0.005000023171305656 0.012999956496059895 -0.07999999821186066
v 0.03699994832277298 -0.013000092469155788 -0.18199996650218964
v -0.03100004233419895 -0.013000097125768661 -0.18199996650218964
v 0.03699994832277298 -0.013000055216252804 -0.11499997973442078
v -0.031000036746263504 -0.013000059872865677 -0.11499997973442078
v 0.03699994832277298 -0.015000092796981335 -0.18199996650218964
v -0.03100004233419895 -0.015000097453594208 -0.18199996650218964
v 0.03699994832277298 -0.01500005554407835 -0.11499997973442078
v -0.031000036746263504 -0.015000061132013798 -0.11499997973442078
v -0.06300003826618195 -0.015000062994658947 -0.11499997228384018
v -0.06300003826618195 -0.015000100247561932 -0.18199996650218964
v -0.06300003826618195 -0.0130000626668334 -0.11499997228384018
v -0.06300003826618195 -0.01300009898841381 -0.18199996650218964
v 0.036999959498643875 -0.013000034727156162 -0.07999999821186066
v -0.031000034883618355 -0.013000041246414185 -0.07999998331069946
v 0.036999959498643875 -0.015000035986304283 -0.07999999821186066
v -0.031000034883618355 -0.01500004157423973 -0.07999998331069946
v 0.004999957513064146 -0.013000037521123886 -0.07999998331069946
v -0.005000040866434574 -0.013000039383769035 -0.07999998331069946
v 0.004999957513064146 -0.015000037848949432 -0.07999998331069946
v -0.005000040400773287 -0.015000040642917156 -0.07999998331069946
v 0.014999959617853165 0.009999910369515419 -0.16999997198581696
v 0.014999959617853165 -0.010000085458159447 -0.16999997198581696
v 0.03499995544552803 0.009999912232160568 -0.16999997198581696
v 0.03499995917081833 -0.010000084526836872 -0.16999997198581696
v 0.0164999607950449 0.008499911054968834 -0.16999997198581696
v 0.0164999607950449 -0.008500087074935436 -0.16999997198581696
v 0.033499959856271744 0.008499912917613983 -0.16999997198581696
v 0.03349996358156204 -0.008500085212290287 -0.16999997198581696
v 0.014999959617853165 0.009999903850257397 -0.18199996650218964
v 0.014999959617853165 -0.010000092908740044 -0.18199996650218964
v 0.03499995544552803 0.009999905712902546 -0.18199996650218964
v 0.03499995917081833 -0.01000009011477232 -0.18199996650218964
v 0.0164999607950449 0.008499904535710812 -0.18199996650218964
v 0.0164999607950449 -0.008500093594193459 -0.18199996650218964
v 0.033499959856271744 0.00849990639835596 -0.18199996650218964
v 0.03349996358156204 -0.00850009173154831 -0.18199996650218964
v 0.014999959617853165 0.009999893605709076 -0.19999997317790985
v 0.014999959617853165 -0.01000010222196579 -0.19999997317790985
v 0.03499995917081833 -0.010000101290643215 -0.19999997317790985
v 0.03499995544552803 0.009999895468354225 -0.19999997317790985
v 0.01649995520710945 0.00849989429116249 -0.19999997317790985
v 0.01649995520710945 -0.008500102907419205 -0.19999997317790985
v 0.03349995240569115 -0.00850010197609663 -0.19999997317790985
v 0.03349994868040085 0.00849989615380764 -0.19999997317790985
v -0.011000058613717556 0.00999990850687027 -0.16999997198581696
v -0.011000058613717556 -0.010000087320804596 -0.16999997198581696
v 0.008999936282634735 0.009999910369515419 -0.16999997198581696
v 0.008999939076602459 -0.010000086389482021 -0.16999997198581696
v -0.009500059299170971 0.008499909192323685 -0.16999997198581696
v -0.009500058367848396 -0.008500088937580585 -0.16999997198581696
v 0.007499936036765575 0.00849991012364626 -0.16999997198581696
v 0.007499937433749437 -0.00850008800625801 -0.16999997198581696
v -0.011000058613717556 0.009999901987612247 -0.18199996650218964
v -0.011000058613717556 -0.010000093840062618 -0.18199996650218964
v 0.008999936282634735 0.009999903850257397 -0.18199996650218964
v 0.008999939076602459 -0.010000093840062618 -0.18199996650218964
v -0.009500059299170971 0.008499902673065662 -0.18199996650218964
v -0.009500058367848396 -0.008500095456838608 -0.18199996650218964
v 0.007499936036765575 0.008499903604388237 -0.18199996650218964
v 0.007499937433749437 -0.008500094525516033 -0.18199996650218964
v -0.011000060476362705 0.009999891743063927 -0.19999997317790985
v -0.011000060476362705 -0.010000104084610939 -0.19999997317790985
v 0.008999939076602459 -0.010000103153288364 -0.19999997317790985
v 0.008999936282634735 0.009999893605709076 -0.19999997317790985
v -0.009500063955783844 0.008499892428517342 -0.19999997317790985
v -0.00950006302446127 -0.008500105701386929 -0.19999997317790985
v 0.007499937433749437 -0.00850010383874178 -0.19999997317790985
v 0.007499936036765575 0.00849989429116249 -0.19999997317790985
v -0.03600005805492401 0.00999990664422512 -0.16999997198581696
v -0.03600005432963371 -0.01000009011477232 -0.16999997198581696
v -0.016000058501958847 0.009999907575547695 -0.16999997198581696
v -0.016000058501958847 -0.010000087320804596 -0.16999997198581696
v -0.034500058740377426 0.008499907329678535 -0.16999997198581696
v -0.03450005128979683 -0.008500090800225735 -0.16999997198581696
v -0.017500057816505432 0.00849990826100111 -0.16999997198581696
v -0.017500057816505432 -0.00850008986890316 -0.16999997198581696
v -0.03600005805492401 0.009999900124967098 -0.18199996650218964
v -0.03600005432963371 -0.010000095702707767 -0.18199996650218964
v -0.016000058501958847 0.009999901056289673 -0.18199996650218964
v -0.016000058501958847 -0.010000094771385193 -0.18199996650218964
v -0.034500058740377426 0.008499900810420513 -0.18199996650218964
v -0.03450005501508713 -0.008500097319483757 -0.18199996650218964
v -0.01750005967915058 0.008499901741743088 -0.18199996650218964
v -0.01750005967915058 -0.008500096388161182 -0.18199996650218964
v -0.03600006178021431 0.009999890811741352 -0.19999997317790985
v -0.03600005805492401 -0.010000106878578663 -0.19999997317790985
v -0.016000060364603996 -0.010000104084610939 -0.19999997317790985
v -0.016000060364603996 0.009999891743063927 -0.19999997317790985
v -0.034500058740377426 0.008499890565872192 -0.19999997317790985
v -0.03450005501508713 -0.008500107564032078 -0.19999997317790985
v -0.01750005967915058 -0.008500106632709503 -0.19999997317790985
v -0.01750005967915058 0.008499891497194767 -0.19999997317790985
v -0.06100005283951759 0.009999904781579971 -0.16999995708465576
v -0.06100005283951759 -0.010000091046094894 -0.16999995708465576
v -0.04100004956126213 0.009999905712902546 -0.16999995708465576
v -0.04100004956126213 -0.010000089183449745 -0.16999995708465576
v -0.05950004979968071 0.008499905467033386 -0.16999995708465576
v -0.05950004979968071 -0.008500092662870884 -0.16999995708465576
v -0.042500048875808716 0.00849990639835596 -0.16999995708465576
v -0.042500048875808716 -0.00850009173154831 -0.16999995708465576
v -0.06100005283951759 0.009999898262321949 -0.18199996650218964
v -0.06100005283951759 -0.010000098496675491 -0.18199996650218964
v -0.04100004956126213 0.009999899193644524 -0.18199996650218964
v -0.04100004956126213 -0.010000095702707767 -0.18199996650218964
v -0.05950004979968071 0.008499898947775364 -0.18199996650218964
v -0.05950004979968071 -0.008500099182128906 -0.18199996650218964
v -0.042500048875808716 0.008499899879097939 -0.18199996650218964
v -0.042500048875808716 -0.008500098250806332 -0.18199996650218964
v -0.06100005283951759 0.009999888017773628 -0.19999995827674866
v -0.06100005283951759 -0.010000107809901237 -0.19999995827674866
v -0.04100004956126213 -0.010000105947256088 -0.19999995827674866
v -0.04100004956126213 0.009999888949096203 -0.19999995827674866
v -0.05950005352497101 0.008499889634549618 -0.19999995827674866
v -0.05950005352497101 -0.008500108495354652 -0.19999995827674866
v -0.042500048875808716 -0.008500108495354652 -0.19999995827674866
v -0.042500048875808716 0.008499889634549618 -0.19999995827674866
v -0.04100004956126213 0.008499938994646072 -0.11149998754262924
v -0.04100004583597183 -0.03150005638599396 -0.11149996519088745
v -0.06100005283951759 0.008499938063323498 -0.11149998754262924
v -0.061000045388936996 -0.03150005638599396 -0.11149996519088745
v -0.042500048875808716 0.0069999392144382 -0.11149998754262924
v -0.04250004515051842 -0.03150005638599396 -0.11149996519088745
v -0.05950004979968071 0.006999938283115625 -0.11149998754262924
v -0.05950004607439041 -0.03150005638599396 -0.11149996519088745
v -0.04100004956126213 0.008499948307871819 -0.09449998289346695
v -0.061000045388936996 -0.03150004893541336 -0.09449996799230576
v -0.05950004979968071 0.006999947130680084 -0.09449998289346695
v -0.05950004607439041 -0.03150004893541336 -0.09449996799230576
v -0.04100004583597183 -0.03150004521012306 -0.09449996799230576
v -0.06100005283951759 0.008499947376549244 -0.09449998289346695
v -0.042500048875808716 0.006999948527663946 -0.09449998289346695
v -0.04250004515051842 -0.03150004893541336 -0.09449996799230576
v 0.028749985620379448 0.005999859422445297 -0.27199995517730713
v 0.028749985620379448 0.0059613375924527645 -0.27278411388397217
v 0.028749985620379448 0.005846141371876001 -0.27356070280075073
v 0.028749985620379448 0.005655381362885237 -0.2743222415447235
v 0.028749985620379448 0.005390895530581474 -0.2750614285469055
v 0.028749985620379448 0.0050552296452224255 -0.2757711410522461
v 0.028749985620379448 0.004651615396142006 -0.27644452452659607
v 0.028749985620379448 0.004183943383395672 -0.2770751118659973
v 0.028749985620379448 0.0036567142233252525 -0.27765682339668274
v 0.028749985620379448 0.003075005952268839 -0.27818405628204346
v 0.028749985620379448 0.0024444209411740303 -0.27865171432495117
v 0.028749985620379448 0.0017710336251184344 -0.27905532717704773
v 0.028749985620379448 0.001061327406205237 -0.27939099073410034
v 0.028749976307153702 0.0003221369406674057 -0.27965548634529114
v 0.028749976307153702 -0.00043941769399680197 -0.2798462510108948
v 0.028749976307153702 -0.001216003205627203 -0.2799614667892456
v 0.028749976307153702 -0.0020001402590423822 -0.2799999713897705
v 0.028749976307153702 -0.002784276846796274 -0.2799614667892456
v 0.028749976307153702 -0.003560862271115184 -0.2798462510108948
v 0.028749976307153702 -0.004322417080402374 -0.27965548634529114
v 0.028749976307153702 -0.005061607342213392 -0.27939099073410034
v 0.028749976307153702 -0.0057713123969733715 -0.27905532717704773
v 0.028749976307153702 -0.006444701459258795 -0.27865171432495117
v 0.028749976307153702 -0.007075286004692316 -0.27818405628204346
v 0.028749976307153702 -0.007656993344426155 -0.27765682339668274
v 0.02874997816979885 -0.008184222504496574 -0.2770751118659973
v 0.02874997816979885 -0.008651896379888058 -0.27644452452659607
v 0.02874997816979885 -0.00905550830066204 -0.2757711410522461
v 0.02874997816979885 -0.009391174651682377 -0.2750614285469055
v 0.02874997816979885 -0.009655661880970001 -0.2743222415447235
v 0.02874997816979885 -0.009846420027315617 -0.27356070280075073
v 0.02874997816979885 -0.009961615316569805 -0.27278411388397217
v 0.02874997816979885 -0.01000013668090105 -0.27199995517730713
v 0.026949986815452576 0.005999872926622629 -0.24799999594688416
v 0.026949986815452576 0.005961350630968809 -0.2487841248512268
v 0.026949986815452576 0.005846154876053333 -0.24956069886684418
v 0.026949986815452576 0.005655395332723856 -0.25032225251197815
v 0.026949986815452576 0.005390909034758806 -0.25106146931648254
v 0.026949986815452576 0.005055243149399757 -0.25177115201950073
v 0.026949986815452576 0.0046516284346580505 -0.2524445652961731
v 0.026949986815452576 0.0041839564219117165 -0.25307515263557434
v 0.026949986815452576 0.003656727261841297 -0.2536568343639374
v 0.026949986815452576 0.0030750189907848835 -0.2541840672492981
v 0.026949986815452576 0.002444433979690075 -0.2546517252922058
v 0.026949986815452576 0.0017710467800498009 -0.25505533814430237
v 0.026949986815452576 0.0010613405611366034 -0.25539103150367737
v 0.026949983090162277 0.0003221500664949417 -0.25565552711486816
v 0.026949983090162277 -0.000439404568169266 -0.2558462619781494
v 0.026949983090162277 -0.0012159901671111584 -0.25596144795417786
v 0.026949983090162277 -0.0020001272205263376 -0.25599998235702515
v 0.026949983090162277 -0.0027842640411108732 -0.25596144795417786
v 0.026949983090162277 -0.003560849465429783 -0.2558462619781494
v 0.026949983090162277 -0.00432240404188633 -0.25565552711486816
v 0.026949983090162277 -0.005061593372374773 -0.25539103150367737
v 0.026949983090162277 -0.005771299358457327 -0.25505533814430237
v 0.026949983090162277 -0.0064446874894201756 -0.2546517252922058
v 0.026949983090162277 -0.007075272034853697 -0.2541840672492981
v 0.026949983090162277 -0.007656979374587536 -0.2536568343639374
v 0.026949984952807426 -0.00818420946598053 -0.25307515263557434
v 0.026949984952807426 -0.008651883341372013 -0.2524445652961731
v 0.026949984952807426 -0.009055494330823421 -0.25177115201950073
v 0.026949984952807426 -0.009391160681843758 -0.25106146931648254
v 0.026949984952807426 -0.009655647911131382 -0.25032225251197815
v 0.026949984952807426 -0.009846406988799572 -0.24956069886684418
v 0.026949984952807426 -0.00996160227805376 -0.2487841248512268
v 0.026949984952807426 -0.010000123642385006 -0.24799999594688416
v 0.026949994266033173 -0.01000011246651411 -0.2239999771118164
v 0.026949994266033173 -0.009961591102182865 -0.22321584820747375
v 0.026949994266033173 -0.009846395812928677 -0.2224392592906952
v 0.026949994266033173 -0.009655635803937912 -0.22167770564556122
v 0.026949994266033173 -0.009391148574650288 -0.2209385335445404
v 0.026949994266033173 -0.009055482223629951 -0.22022880613803864
v 0.026949994266033173 -0.00865186844021082 -0.21955543756484985
v 0.026949994266033173 -0.00818419549614191 -0.21892482042312622
v 0.026949992403388023 -0.007656966336071491 -0.218343123793602
v 0.026949992403388023 -0.00707525759935379 -0.21781589090824127
v 0.026949992403388023 -0.006444672122597694 -0.21734823286533356
v 0.026949992403388023 -0.005771283991634846 -0.216944620013237
v 0.026949992403388023 -0.005061578005552292 -0.2166089564561844
v 0.026949992403388023 -0.004322388209402561 -0.2163444459438324
v 0.026949992403388023 -0.0035608334001153708 -0.21615371108055115
v 0.026949992403388023 -0.002784247975796461 -0.2160385102033615
v 0.026949992403388023 -0.002000110922381282 -0.21599997580051422
v 0.026949992403388023 -0.0012159739853814244 -0.2160385102033615
v 0.026949992403388023 -0.00043938864837400615 -0.21615371108055115
v 0.026949992403388023 0.0003221658116672188 -0.2163444459438324
v 0.026949992403388023 0.0010613560443744063 -0.2166089564561844
v 0.026949992403388023 0.0017710617976263165 -0.216944620013237
v 0.026949992403388023 0.002444450045004487 -0.21734823286533356
v 0.026949992403388023 0.0030750329606235027 -0.21781589090824127
v 0.026949992403388023 0.003656740766018629 -0.218343123793602
v 0.026949992403388023 0.004183970391750336 -0.21892482042312622
v 0.026949992403388023 0.004651642870157957 -0.21955543756484985
v 0.026949992403388023 0.005055255722254515 -0.22022880613803864
v 0.026949992403388023 0.005390921141952276 -0.2209385335445404
v 0.026949992403388023 0.005655406974256039 -0.22167770564556122
v 0.026949992403388023 0.005846166517585516 -0.2224392592906952
v 0.026949992403388023 0.005961361341178417 -0.22321584820747375
v 0.026949992403388023 0.005999883636832237 -0.2239999771118164
v 0.028749950230121613 -0.010000095702707767 -0.18999998271465302
v 0.028749950230121613 -0.009961574338376522 -0.18921583890914917
v 0.028749950230121613 -0.009846379049122334 -0.1884392499923706
v 0.028749950230121613 -0.009655619971454144 -0.18767768144607544
v 0.028749950230121613 -0.00939113274216652 -0.18693850934505463
v 0.028749950230121613 -0.009055466391146183 -0.18622878193855286
v 0.02874995395541191 -0.00865185260772705 -0.18555541336536407
v 0.02874995395541191 -0.008184178732335567 -0.18492482602596283
v 0.028749952092766762 -0.007656949572265148 -0.1843430995941162
v 0.028749952092766762 -0.007075241766870022 -0.1838158667087555
v 0.028749952092766762 -0.006444656290113926 -0.18334820866584778
v 0.028749952092766762 -0.005771268624812365 -0.18294459581375122
v 0.028749952092766762 -0.005061561707407236 -0.1826089471578598
v 0.028749952092766762 -0.004322371445596218 -0.182344451546669
v 0.028749952092766762 -0.0035608168691396713 -0.18215370178222656
v 0.028749952092766762 -0.0027842314448207617 -0.18203848600387573
v 0.028749952092766762 -0.002000094624236226 -0.18199996650218964
v 0.028749952092766762 -0.0012159576872363687 -0.18203848600387573
v 0.028749952092766762 -0.0004393723502289504 -0.18215370178222656
v 0.028749952092766762 0.00032218205160461366 -0.182344451546669
v 0.02874995581805706 0.0010613723425194621 -0.1826089471578598
v 0.02874995581805706 0.0017710780957713723 -0.18294459581375122
v 0.02874995581805706 0.002444466343149543 -0.18334820866584778
v 0.02874995581805706 0.003075049724429846 -0.1838158667087555
v 0.028749952092766762 0.0036567579954862595 -0.1843430995941162
v 0.028749952092766762 0.004183987155556679 -0.18492482602596283
v 0.028749952092766762 0.0046516596339643 -0.18555541336536407
v 0.028749952092766762 0.005055271554738283 -0.18622878193855286
v 0.028749952092766762 0.005390936974436045 -0.18693850934505463
v 0.028749952092766762 0.0056554232724010944 -0.18767768144607544
v 0.028749952092766762 0.005846183281391859 -0.1884392499923706
v 0.028749952092766762 0.00596137810498476 -0.18921582400798798
v 0.028749952092766762 0.005999899934977293 -0.18999995291233063
v 0.0027499578427523375 -0.010000097565352917 -0.18999995291233063
v 0.0027499578427523375 -0.009961576201021671 -0.18921583890914917
v 0.0027499583084136248 -0.009846379980444908 -0.1884392499923706
v 0.0027499583084136248 -0.009655619971454144 -0.18767768144607544
v 0.0027499583084136248 -0.009391133673489094 -0.18693850934505463
v 0.002749962965026498 -0.009055466391146183 -0.18622878193855286
v 0.002749962732195854 -0.00865185260772705 -0.18555541336536407
v 0.002749962732195854 -0.008184179663658142 -0.18492482602596283
v 0.002749962732195854 -0.007656950503587723 -0.1843430995941162
v 0.002749962732195854 -0.007075242232531309 -0.1838158667087555
v 0.0027499624993652105 -0.006444656755775213 -0.18334820866584778
v 0.002749962732195854 -0.005771269090473652 -0.18294459581375122
v 0.002749962732195854 -0.005061562638729811 -0.1826089471578598
v 0.0027499624993652105 -0.004322373308241367 -0.182344451546669
v 0.0027499624993652105 -0.0035608180332928896 -0.18215370178222656
v 0.0027499620337039232 -0.00278423260897398 -0.18203848600387573
v 0.0027499620337039232 -0.0020000957883894444 -0.18199996650218964
v 0.0027499624993652105 -0.001215958734974265 -0.18203848600387573
v 0.0027499620337039232 -0.0004393734852783382 -0.18215370178222656
v 0.0027499620337039232 0.00032218097476288676 -0.182344451546669
v 0.0027499618008732796 0.0010613711783662438 -0.1826089471578598
v 0.0027499618008732796 0.0017710771644487977 -0.18294459581375122
v 0.0027499620337039232 0.0024444651789963245 -0.18334820866584778
v 0.0027499618008732796 0.003075048793107271 -0.1838158667087555
v 0.0027499618008732796 0.0036567565985023975 -0.1843430995941162
v 0.0027499618008732796 0.004183986224234104 -0.18492482602596283
v 0.0027499618008732796 0.0046516587026417255 -0.18555541336536407
v 0.002749961568042636 0.005055271089076996 -0.18622878193855286
v 0.002749961568042636 0.005390936508774757 -0.18693850934505463
v 0.002749961568042636 0.0056554232724010944 -0.18767768144607544
v 0.002749961568042636 0.005846181884407997 -0.1884392499923706
v 0.0027499618008732796 0.005961376708000898 -0.18921582400798798
v 0.0027499618008732796 0.005999899934977293 -0.18999995291233063
v 0.0027499522548168898 0.005999884568154812 -0.2239999771118164
v 0.0027499522548168898 0.0059613618068397045 -0.22478410601615906
v 0.002749952021986246 0.005846166517585516 -0.22556069493293762
v 0.002749952021986246 0.005655406508594751 -0.2263222485780716
v 0.002749952021986246 0.005390920210629702 -0.2270614355802536
v 0.002749952021986246 0.005055254325270653 -0.22777114808559418
v 0.0027499522548168898 0.004651639610528946 -0.22844453155994415
v 0.0027499522548168898 0.004183967597782612 -0.2290751188993454
v 0.0027499522548168898 0.003656738670542836 -0.22965683043003082
v 0.0027499522548168898 0.0030750303994864225 -0.23018406331539154
v 0.0027499524876475334 0.0024444451555609703 -0.23065173625946045
v 0.0027499522548168898 0.0017710577230900526 -0.2310553342103958
v 0.0027499522548168898 0.0010613513877615333 -0.23139101266860962
v 0.0027499524876475334 0.00032216086401604116 -0.23165549337863922
v 0.0027499524876475334 -0.0004393937415443361 -0.23184625804424286
v 0.0027499529533088207 -0.0012159792240709066 -0.2319614589214325
v 0.0027499524876475334 -0.0020001160446554422 -0.2319999635219574
v 0.0027499478310346603 -0.002784253330901265 -0.2319614589214325
v 0.002749948063865304 -0.0035608382895588875 -0.23184625804424286
v 0.002749948063865304 -0.004322393331676722 -0.23165549337863922
v 0.0027499482966959476 -0.005061582196503878 -0.23139101266860962
v 0.0027499482966959476 -0.0057712881825864315 -0.2310553342103958
v 0.002749948063865304 -0.0064446767792105675 -0.23065173625946045
v 0.0027499482966959476 -0.0070752608589828014 -0.23018406331539154
v 0.0027499482966959476 -0.0076569681987166405 -0.22965683043003082
v 0.0027499482966959476 -0.008184198290109634 -0.2290751188993454
v 0.0027499482966959476 -0.008651871234178543 -0.22844453155994415
v 0.002749948762357235 -0.009055483154952526 -0.22777114808559418
v 0.002749948762357235 -0.009391149505972862 -0.2270614355802536
v 0.002749948762357235 -0.009655636735260487 -0.2263222485780716
v 0.002749953418970108 -0.009846395812928677 -0.22556069493293762
v 0.0027499531861394644 -0.009961591102182865 -0.22478410601615906
v 0.0027499531861394644 -0.010000111535191536 -0.2239999771118164
v 0.004549956414848566 -0.010000097565352917 -0.18999998271465302
v 0.004549956414848566 -0.009961577132344246 -0.18921583890914917
v 0.004549956414848566 -0.009846380911767483 -0.1884392499923706
v 0.004549956414848566 -0.009655621834099293 -0.18767768144607544
v 0.004549956414848566 -0.009391134604811668 -0.18693850934505463
v 0.004549956414848566 -0.009055468253791332 -0.18622878193855286
v 0.004549956414848566 -0.0086518544703722 -0.18555541336536407
v 0.004549956414848566 -0.008184180594980717 -0.18492482602596283
v 0.004549965728074312 -0.007656951900571585 -0.1843430995941162
v 0.004549965728074312 -0.007075243629515171 -0.1838158667087555
v 0.004549965728074312 -0.006444657687097788 -0.18334820866584778
v 0.004549965728074312 -0.005771269556134939 -0.18294459581375122
v 0.004549965728074312 -0.005061563570052385 -0.1826089471578598
v 0.004549965728074312 -0.004322373773902655 -0.182344451546669
v 0.004549965728074312 -0.003560818498954177 -0.18215370178222656
v 0.004549965262413025 -0.0027842330746352673 -0.18203848600387573
v 0.004549965262413025 -0.0020000962540507317 -0.18199996650218964
v 0.004549965728074312 -0.0012159593170508742 -0.18203848600387573
v 0.004549965262413025 -0.0004393738927319646 -0.18215370178222656
v 0.004549965262413025 0.0003221805382054299 -0.182344451546669
v 0.004549964796751738 0.0010613707127049565 -0.1826089471578598
v 0.004549964796751738 0.0017710765823721886 -0.18294459581375122
v 0.004549965262413025 0.0024444647133350372 -0.18334820866584778
v 0.004549964796751738 0.0030750478617846966 -0.1838158667087555
v 0.004549964796751738 0.003656755667179823 -0.1843430995941162
v 0.004549964796751738 0.0041839852929115295 -0.18492482602596283
v 0.004549964796751738 0.004651657771319151 -0.18555541336536407
v 0.004549964796751738 0.005055270157754421 -0.18622878193855286
v 0.004549964796751738 0.0053909351117908955 -0.18693850934505463
v 0.004549964796751738 0.005655421409755945 -0.18767768144607544
v 0.004549964796751738 0.0058461809530854225 -0.1884392499923706
v 0.004549964796751738 0.005961375776678324 -0.18921582400798798
v 0.004549964796751738 0.005999898072332144 -0.18999995291233063
v 0.0045499554835259914 0.00599988317117095 -0.2239999771118164
v 0.0045499554835259914 0.00596136087551713 -0.22478410601615906
v 0.004549955017864704 0.005846164654940367 -0.22556069493293762
v 0.004549955017864704 0.005655404645949602 -0.2263222485780716
v 0.004549955017864704 0.005390919279307127 -0.2270614355802536
v 0.004549955017864704 0.0050552524626255035 -0.22777114808559418
v 0.0045499554835259914 0.004651638679206371 -0.22844453155994415
v 0.0045499554835259914 0.004183966666460037 -0.2290751188993454
v 0.0045499554835259914 0.0036567377392202616 -0.22965683043003082
v 0.0045499554835259914 0.003075029468163848 -0.23018406331539154
v 0.004549955949187279 0.002444444689899683 -0.23065173625946045
v 0.0045499554835259914 0.0017710572574287653 -0.2310553342103958
v 0.004549945704638958 0.001061350922100246 -0.23139101266860962
v 0.004549946170300245 0.00032216045656241477 -0.23165549337863922
v 0.004549946170300245 -0.00043939417810179293 -0.23184625804424286
v 0.004549946635961533 -0.001215979689732194 -0.2319614589214325
v 0.004549946170300245 -0.0020001165103167295 -0.2319999635219574
v 0.004549946170300245 -0.002784253563731909 -0.2319614589214325
v 0.004549946635961533 -0.003560838755220175 -0.23184625804424286
v 0.004549946635961533 -0.004322393331676722 -0.23165549337863922
v 0.004549946635961533 -0.005061583127826452 -0.23139101266860962
v 0.004549946635961533 -0.005771289113909006 -0.2310553342103958
v 0.004549946635961533 -0.006444678176194429 -0.23065173625946045
v 0.004549946635961533 -0.007075261790305376 -0.23018406331539154
v 0.004549946635961533 -0.00765697006136179 -0.22965683043003082
v 0.004549946635961533 -0.008184199221432209 -0.2290751188993454
v 0.004549946635961533 -0.008651873096823692 -0.22844453155994415
v 0.00454994710162282 -0.009055485017597675 -0.22777114808559418
v 0.00454994710162282 -0.009391150437295437 -0.2270614355802536
v 0.00454994710162282 -0.009655638597905636 -0.2263222485780716
v 0.00454994710162282 -0.009846396744251251 -0.22556069493293762
v 0.004549946635961533 -0.00996159203350544 -0.22478410601615906
v 0.004549946635961533 -0.01000011246651411 -0.2239999771118164
v -0.006550042424350977 -0.010000098496675491 -0.18999995291233063
v -0.006550042424350977 -0.009961576201021671 -0.18921583890914917
v -0.006550042890012264 -0.009846379980444908 -0.1884392499923706
v -0.006550042890012264 -0.009655620902776718 -0.18767768144607544
v -0.006550042890012264 -0.009391133673489094 -0.18693850934505463
v -0.006550042890012264 -0.009055467322468758 -0.18622878193855286
v -0.006550042890012264 -0.008651853539049625 -0.18555541336536407
v -0.006550042890012264 -0.008184180594980717 -0.18492482602596283
v -0.006550042890012264 -0.007656950503587723 -0.1843430995941162
v -0.006550042890012264 -0.0070752426981925964 -0.1838158667087555
v -0.006550038233399391 -0.006444657687097788 -0.18334820866584778
v -0.0065500386990606785 -0.005771269556134939 -0.18294459581375122
v -0.0065500386990606785 -0.005061563104391098 -0.1826089471578598
v -0.0065500386990606785 -0.004322373773902655 -0.182344451546669
v -0.006550038233399391 -0.0035608187317848206 -0.18215370178222656
v -0.006550038233399391 -0.002784233307465911 -0.18203848600387573
v -0.006550038233399391 -0.0020000964868813753 -0.18199996650218964
v -0.0065500386990606785 -0.001215959433466196 -0.18203848600387573
v -0.0065500386990606785 -0.0004393741546664387 -0.18215370178222656
v -0.0065500386990606785 0.0003221802762709558 -0.182344451546669
v -0.0065500386990606785 0.0010613704798743129 -0.1826089471578598
v -0.0065500386990606785 0.001771076349541545 -0.18294459581375122
v -0.006550039630383253 0.0024444644805043936 -0.18334820866584778
v -0.006550039630383253 0.003075048327445984 -0.1838158667087555
v -0.006550039630383253 0.0036567565985023975 -0.1843430995941162
v -0.0065500386990606785 0.004183985758572817 -0.18492482602596283
v -0.0065500386990606785 0.004651658236980438 -0.18555541336536407
v -0.0065500386990606785 0.0050552706234157085 -0.18622878193855286
v -0.0065500386990606785 0.00539093604311347 -0.18693850934505463
v -0.0065500386990606785 0.0056554218754172325 -0.18767768144607544
v -0.0065500386990606785 0.005846181884407997 -0.1884392499923706
v -0.006550039630383253 0.005961376708000898 -0.18921582400798798
v -0.006550039630383253 0.005999898537993431 -0.18999995291233063
v -0.006550058722496033 0.0059998854994773865 -0.2239999771118164
v -0.006550058722496033 0.005961362738162279 -0.22478410601615906
v -0.006550057791173458 0.005846166517585516 -0.22556069493293762
v -0.006550057791173458 0.005655406974256039 -0.2263222485780716
v -0.006550057791173458 0.005390921141952276 -0.2270614355802536
v -0.006550057791173458 0.005055254325270653 -0.22777114808559418
v -0.006550057791173458 0.004651641007512808 -0.22844453155994415
v -0.006550057791173458 0.004183968994766474 -0.2290751188993454
v -0.006550058722496033 0.003656739369034767 -0.22965683043003082
v -0.006550058722496033 0.00307503086514771 -0.23018406331539154
v -0.006550063379108906 0.0024444456212222576 -0.23065173625946045
v -0.0065500629134476185 0.0017710584215819836 -0.2310553342103958
v -0.0065500629134476185 0.001061352202668786 -0.23139101266860962
v -0.0065500629134476185 0.00032216167892329395 -0.23165549337863922
v -0.0065500629134476185 -0.00043939295574091375 -0.23184625804424286
v -0.0065500629134476185 -0.001215978292748332 -0.2319614589214325
v -0.006550061982125044 -0.002000115578994155 -0.2319999635219574
v -0.006550061982125044 -0.002784252166748047 -0.2319614589214325
v -0.006550061982125044 -0.003560837358236313 -0.23184625804424286
v -0.0065500629134476185 -0.00432239193469286 -0.23165549337863922
v -0.0065500629134476185 -0.005061581265181303 -0.23139101266860962
v -0.0065500629134476185 -0.0057712881825864315 -0.2310553342103958
v -0.006550061982125044 -0.006444675847887993 -0.23065173625946045
v -0.006550061982125044 -0.007075260393321514 -0.23018406331539154
v -0.006550061982125044 -0.007656967733055353 -0.22965683043003082
v -0.006550061982125044 -0.00818419735878706 -0.2290751188993454
v -0.006550061982125044 -0.008651870302855968 -0.22844453155994415
v -0.006550061982125044 -0.009055483154952526 -0.22777114808559418
v -0.006550061982125044 -0.009391148574650288 -0.2270614355802536
v -0.006550061982125044 -0.009655635803937912 -0.2263222485780716
v -0.006550061982125044 -0.009846395812928677 -0.22556069493293762
v -0.0065500615164637566 -0.00996159017086029 -0.22478410601615906
v -0.0065500615164637566 -0.010000111535191536 -0.2239999771118164
v -0.004750045482069254 -0.010000098496675491 -0.18999998271465302
v -0.004750045482069254 -0.009961577132344246 -0.18921583890914917
v -0.004750045482069254 -0.009846380911767483 -0.1884392499923706
v -0.004750045482069254 -0.009655621834099293 -0.18767768144607544
v -0.004750045482069254 -0.009391134604811668 -0.18693850934505463
v -0.004750045482069254 -0.009055468253791332 -0.18622878193855286
v -0.004750040825456381 -0.0086518544703722 -0.18555541336536407
v -0.004750040825456381 -0.008184181526303291 -0.18492482602596283
v -0.004750040825456381 -0.007656951434910297 -0.1843430995941162
v -0.004750040825456381 -0.007075244095176458 -0.1838158667087555
v -0.004750041291117668 -0.006444657687097788 -0.18334820866584778
v -0.004750040825456381 -0.005771270953118801 -0.18294459581375122
v -0.004750040825456381 -0.005061563570052385 -0.1826089471578598
v -0.004750041291117668 -0.004322374239563942 -0.182344451546669
v -0.004750041291117668 -0.003560819663107395 -0.18215370178222656
v -0.004750041291117668 -0.0027842342387884855 -0.18203848600387573
v -0.004750041291117668 -0.0020000971853733063 -0.18199996650218964
v -0.004750041291117668 -0.001215960131958127 -0.18203848600387573
v -0.004750041291117668 -0.0004393748822622001 -0.18215370178222656
v -0.004750041291117668 0.0003221795195713639 -0.182344451546669
v -0.004750037100166082 0.001061369781382382 -0.1826089471578598
v -0.004750037100166082 0.0017710755346342921 -0.18294459581375122
v -0.004750036634504795 0.0024444637820124626 -0.18334820866584778
v -0.004750037100166082 0.0030750471632927656 -0.1838158667087555
v -0.0047500417567789555 0.0036567554343491793 -0.1843430995941162
v -0.0047500417567789555 0.004183984361588955 -0.18492482602596283
v -0.0047500417567789555 0.004651657305657864 -0.18555541336536407
v -0.004750042222440243 0.005055269226431847 -0.18622878193855286
v -0.004750042222440243 0.0053909351117908955 -0.18693850934505463
v -0.004750042222440243 0.005655421409755945 -0.18767768144607544
v -0.004750042222440243 0.0058461809530854225 -0.1884392499923706
v -0.0047500417567789555 0.005961375776678324 -0.18921582400798798
v -0.0047500417567789555 0.005999898072332144 -0.18999995291233063
v -0.004750056192278862 0.005999884568154812 -0.2239999771118164
v -0.004750056192278862 0.005961361341178417 -0.22478410601615906
v -0.004750056192278862 0.005846166051924229 -0.22556069493293762
v -0.004750060848891735 0.005655406042933464 -0.2263222485780716
v -0.004750060848891735 0.005390919744968414 -0.2270614355802536
v -0.004750060848891735 0.0050552538596093655 -0.22777114808559418
v -0.004750060848891735 0.004651639610528946 -0.22844453155994415
v -0.004750060848891735 0.004183967597782612 -0.2290751188993454
v -0.004750060848891735 0.0036567379720509052 -0.22965683043003082
v -0.004750060848891735 0.0030750297009944916 -0.23018406331539154
v -0.004750060383230448 0.0024444449227303267 -0.23065173625946045
v -0.004750060848891735 0.0017710577230900526 -0.2310553342103958
v -0.004750060848891735 0.001061351504176855 -0.23139101266860962
v -0.004750060383230448 0.0003221609222237021 -0.23165549337863922
v -0.004750065039843321 -0.0004393937124405056 -0.23184625804424286
v -0.004750065039843321 -0.0012159791076555848 -0.2319614589214325
v -0.004750065039843321 -0.002000116277486086 -0.2319999635219574
v -0.004750065039843321 -0.002784252865239978 -0.2319614589214325
v -0.004750065039843321 -0.0035608382895588875 -0.23184625804424286
v -0.004750065039843321 -0.004322393331676722 -0.23165549337863922
v -0.0047500645741820335 -0.005061582662165165 -0.23139101266860962
v -0.0047500645741820335 -0.0057712881825864315 -0.2310553342103958
v -0.004750065039843321 -0.0064446767792105675 -0.23065173625946045
v -0.0047500645741820335 -0.007075261324644089 -0.23018406331539154
v -0.0047500645741820335 -0.007656968664377928 -0.22965683043003082
v -0.0047500645741820335 -0.00818419735878706 -0.2290751188993454
v -0.0047500645741820335 -0.008651871234178543 -0.22844453155994415
v -0.0047500645741820335 -0.0090554840862751 -0.22777114808559418
v -0.0047500645741820335 -0.009391149505972862 -0.2270614355802536
v -0.0047500645741820335 -0.009655637666583061 -0.2263222485780716
v -0.0047500645741820335 -0.009846395812928677 -0.22556069493293762
v -0.0047500599175691605 -0.009961591102182865 -0.22478410601615906
v -0.0047500599175691605 -0.01000011246651411 -0.2239999771118164
v -0.004750002641230822 -0.01000011432915926 -0.2239999771118164
v -0.004750002641230822 -0.009961592964828014 -0.22321584820747375
v -0.004750002175569534 -0.009846396744251251 -0.2224392592906952
v -0.004750002175569534 -0.009655637666583061 -0.22167770564556122
v -0.004750002175569534 -0.009391149505972862 -0.2209385335445404
v -0.004749997518956661 -0.009055483154952526 -0.22022880613803864
v -0.0047499979846179485 -0.008651870302855968 -0.21955543756484985
v -0.0047499979846179485 -0.008184196427464485 -0.21892482042312622
v -0.0047499979846179485 -0.007656967733055353 -0.218343123793602
v -0.0047499979846179485 -0.007075258996337652 -0.21781589090824127
v -0.0047499979846179485 -0.006444673985242844 -0.21734823286533356
v -0.0047499979846179485 -0.005771285854279995 -0.216944620013237
v -0.0047499979846179485 -0.0050615789368748665 -0.2166089564561844
v -0.0047499979846179485 -0.00432239007204771 -0.2163444459438324
v -0.0047499979846179485 -0.0035608350299298763 -0.21615371108055115
v -0.004749998450279236 -0.0027842496056109667 -0.2160385102033615
v -0.004749998450279236 -0.002000112785026431 -0.21599997580051422
v -0.0047499979846179485 -0.00121597561519593 -0.2160385102033615
v -0.004749998450279236 -0.00043939039460383356 -0.21615369617938995
v -0.004749998450279236 0.00032216403633356094 -0.2163444459438324
v -0.004749998915940523 0.001061354298144579 -0.2166089415550232
v -0.004749998915940523 0.0017710600513964891 -0.216944620013237
v -0.004749998450279236 0.002444448182359338 -0.21734823286533356
v -0.004749998915940523 0.0030750317964702845 -0.21781589090824127
v -0.004749998915940523 0.003656739601865411 -0.218343123793602
v -0.004749998915940523 0.004183968994766474 -0.21892482042312622
v -0.004749998915940523 0.0046516419388353825 -0.21955543756484985
v -0.004749998915940523 0.005055254325270653 -0.22022880613803864
v -0.004749998915940523 0.005390919744968414 -0.2209385335445404
v -0.004749998915940523 0.005655406042933464 -0.22167770564556122
v -0.004749998915940523 0.005846165120601654 -0.2224392592906952
v -0.004749998915940523 0.005961359944194555 -0.22321584820747375
v -0.004749998915940523 0.005999882705509663 -0.2239999771118164
v -0.004750003572553396 0.0059998719953000546 -0.24799999594688416
v -0.004750003572553396 0.005961349233984947 -0.2487841248512268
v -0.0047500040382146835 0.005846153944730759 -0.24956069886684418
v -0.0047500040382146835 0.005655393935739994 -0.25032225251197815
v -0.0047500040382146835 0.005390908103436232 -0.25106146931648254
v -0.004750008694827557 0.005055241286754608 -0.25177115201950073
v -0.004750008229166269 0.004651627503335476 -0.2524445652961731
v -0.004750008229166269 0.0041839550249278545 -0.25307515263557434
v -0.004750008229166269 0.0036567258648574352 -0.2536568343639374
v -0.004750008229166269 0.0030750178266316652 -0.2541840672492981
v -0.004750008229166269 0.0024444323498755693 -0.2546517252922058
v -0.004750008229166269 0.0017710450338199735 -0.25505533814430237
v -0.004750008229166269 0.001061338814906776 -0.25539103150367737
v -0.004750008229166269 0.0003221482620574534 -0.25565552711486816
v -0.004750008229166269 -0.0004394063726067543 -0.2558462619781494
v -0.004750007763504982 -0.001215991796925664 -0.25596144795417786
v -0.004750008229166269 -0.002000128850340843 -0.25599998235702515
v -0.004750008229166269 -0.002784265670925379 -0.25596144795417786
v -0.004750007763504982 -0.0035608510952442884 -0.2558462619781494
v -0.004750007763504982 -0.004322405904531479 -0.25565552711486816
v -0.004750007297843695 -0.005061594769358635 -0.25539103150367737
v -0.004750007297843695 -0.005771301221102476 -0.25505533814430237
v -0.004750007763504982 -0.006444689352065325 -0.2546517252922058
v -0.004750007297843695 -0.007075273431837559 -0.2541840672492981
v -0.004750007297843695 -0.007656980771571398 -0.2536568343639374
v -0.004750007297843695 -0.008184210397303104 -0.25307515263557434
v -0.004750007297843695 -0.008651884272694588 -0.2524445652961731
v -0.004750007297843695 -0.00905549619346857 -0.25177115201950073
v -0.004750007297843695 -0.009391161613166332 -0.25106146931648254
v -0.004750007297843695 -0.009655648842453957 -0.25032225251197815
v -0.004750007297843695 -0.009846407920122147 -0.24956069886684418
v -0.004750007297843695 -0.009961603209376335 -0.2487841248512268
v -0.004750007297843695 -0.010000125505030155 -0.24799999594688416
v -0.00294999941252172 -0.010000115260481834 -0.2239999771118164
v -0.00294999941252172 -0.009961594827473164 -0.22321584820747375
v -0.0029499991796910763 -0.0098463986068964 -0.2224392592906952
v -0.0029499991796910763 -0.009655638597905636 -0.22167770564556122
v -0.0029499991796910763 -0.009391151368618011 -0.2209385335445404
v -0.0029499991796910763 -0.009055485017597675 -0.22022880613803864
v -0.00294999941252172 -0.008651871234178543 -0.21955543756484985
v -0.00294999941252172 -0.008184198290109634 -0.21892482042312622
v -0.00294999941252172 -0.007656968664377928 -0.218343123793602
v -0.00294999941252172 -0.0070752608589828014 -0.21781589090824127
v -0.0029499998781830072 -0.006444674450904131 -0.21734823286533356
v -0.00294999941252172 -0.00577128678560257 -0.216944620013237
v -0.00294999941252172 -0.005061580333858728 -0.2166089564561844
v -0.0029499998781830072 -0.00432239007204771 -0.2163444459438324
v -0.0029499998781830072 -0.00356083526276052 -0.21615371108055115
v -0.002950000111013651 -0.002784250071272254 -0.2160385102033615
v -0.002950000111013651 -0.002000113483518362 -0.21599997580051422
v -0.0029499998781830072 -0.001215976313687861 -0.2160385102033615
v -0.002950000111013651 -0.00043939086026512086 -0.21615371108055115
v -0.002950000111013651 0.0003221635415684432 -0.2163444459438324
v -0.0029500003438442945 0.0010613537160679698 -0.2166089564561844
v -0.0029500003438442945 0.0017710595857352018 -0.216944620013237
v -0.002950000111013651 0.0024444477166980505 -0.21734823286533356
v -0.0029500003438442945 0.00307503086514771 -0.21781589090824127
v -0.0029500003438442945 0.003656738670542836 -0.218343123793602
v -0.0029500003438442945 0.0041839685291051865 -0.21892482042312622
v -0.0029500003438442945 0.004651641007512808 -0.21955543756484985
v -0.002950000576674938 0.0050552524626255035 -0.22022880613803864
v -0.002950000576674938 0.00539091881364584 -0.2209385335445404
v -0.002950000576674938 0.005655404645949602 -0.22167770564556122
v -0.002950000576674938 0.005846163257956505 -0.2224392592906952
v -0.0029500003438442945 0.005961358547210693 -0.22321584820747375
v -0.0029500003438442945 0.005999881308525801 -0.2239999771118164
v -0.0029500052332878113 0.005999870132654905 -0.24799999594688416
v -0.0029500052332878113 0.005961348302662373 -0.2487841248512268
v -0.002950005466118455 0.0058461520820856094 -0.24956069886684418
v -0.002950005466118455 0.005655392073094845 -0.25032225251197815
v -0.002950005466118455 0.00539090670645237 -0.25106146931648254
v -0.002950005466118455 0.0050552403554320335 -0.25177115201950073
v -0.0029500052332878113 0.004651626572012901 -0.2524445652961731
v -0.0029500052332878113 0.00418395409360528 -0.25307515263557434
v -0.0029500052332878113 0.0036567249335348606 -0.2536568343639374
v -0.0029500052332878113 0.003075016662478447 -0.2541840672492981
v -0.002950004767626524 0.002444431884214282 -0.2546517252922058
v -0.0029500052332878113 0.0017710445681586862 -0.25505533814430237
v -0.0029500052332878113 0.0010613383492454886 -0.25539103150367737
v -0.0029500096570700407 0.00032214782549999654 -0.25565552711486816
v -0.0029500096570700407 -0.00043940680916421115 -0.2558462619781494
v -0.002950009424239397 -0.001215992379002273 -0.25596144795417786
v -0.0029500096570700407 -0.0020001293160021305 -0.25599998235702515
v -0.0029500096570700407 -0.002784266136586666 -0.25596144795417786
v -0.002950009424239397 -0.0035608515609055758 -0.2558462619781494
v -0.002950009424239397 -0.004322405904531479 -0.25565552711486816
v -0.0029500089585781097 -0.0050615957006812096 -0.25539103150367737
v -0.0029500089585781097 -0.005771301686763763 -0.25505533814430237
v -0.002950009424239397 -0.006444690749049187 -0.2546517252922058
v -0.0029500089585781097 -0.007075274363160133 -0.2541840672492981
v -0.0029500089585781097 -0.007656982634216547 -0.2536568343639374
v -0.0029500089585781097 -0.008184212259948254 -0.25307515263557434
v -0.0029500089585781097 -0.008651886135339737 -0.2524445652961731
v -0.002950008725747466 -0.00905549805611372 -0.25177115201950073
v -0.002950008725747466 -0.009391163475811481 -0.25106146931648254
v -0.002950008725747466 -0.009655650705099106 -0.25032225251197815
v -0.002950008725747466 -0.009846409782767296 -0.24956069886684418
v -0.0029500089585781097 -0.00996160414069891 -0.2487841248512268
v -0.0029500089585781097 -0.010000125505030155 -0.24799999594688416
v 0.0009499937295913696 -0.01000011246651411 -0.2239999771118164
v 0.0009499937295913696 -0.009961591102182865 -0.22321584820747375
v 0.0009499937295913696 -0.009846395812928677 -0.2224392592906952
v 0.0009499937295913696 -0.009655635803937912 -0.22167770564556122
v 0.0009499936713837087 -0.009391148574650288 -0.2209385335445404
v 0.0009499984444119036 -0.009055482223629951 -0.22022880613803864
v 0.0009499984444119036 -0.00865186844021082 -0.21955543756484985
v 0.0009499984444119036 -0.00818419549614191 -0.21892482042312622
v 0.0009499983279965818 -0.007656965870410204 -0.218343123793602
v 0.0009499982697889209 -0.00707525759935379 -0.21781589090824127
v 0.00094999821158126 -0.006444672122597694 -0.21734823286533356
v 0.00094999821158126 -0.005771284457296133 -0.216944620013237
v 0.0009499980951659381 -0.0050615775398910046 -0.2166089564561844
v 0.0009499980951659381 -0.004322388209402561 -0.2163444459438324
v 0.0009499979787506163 -0.0035608334001153708 -0.21615371108055115
v 0.0009499979787506163 -0.002784247975796461 -0.2160385102033615
v 0.0009499979205429554 -0.002000110922381282 -0.21599997580051422
v 0.0009499978041276336 -0.0012159741017967463 -0.2160385102033615
v 0.0009499978041276336 -0.00043938879389315844 -0.21615369617938995
v 0.0009499976877123117 0.00032216563704423606 -0.2163444459438324
v 0.0009499976877123117 0.0010613558115437627 -0.2166089415550232
v 0.0009499975712969899 0.0017710617976263165 -0.216944620013237
v 0.000949997513089329 0.0024444498121738434 -0.21734823286533356
v 0.000949997513089329 0.0030750336591154337 -0.21781589090824127
v 0.000949997513089329 0.0036567412316799164 -0.218343123793602
v 0.0009499974548816681 0.004183970857411623 -0.21892482042312622
v 0.0009499974548816681 0.004651643801480532 -0.21955543756484985
v 0.0009499973966740072 0.005055255722254515 -0.22022880613803864
v 0.0009499972802586854 0.0053909216076135635 -0.2209385335445404
v 0.0009499973966740072 0.005655407905578613 -0.22167770564556122
v 0.0009499972802586854 0.005846166517585516 -0.2224392592906952
v 0.0009499972802586854 0.005961361341178417 -0.22321584820747375
v 0.0009499972802586854 0.005999884568154812 -0.2239999771118164
v 0.0009499925072304904 0.005999872926622629 -0.24799999594688416
v 0.0009499925072304904 0.0059613510966300964 -0.2487841248512268
v 0.0009499925072304904 0.005846154876053333 -0.24956069886684418
v 0.0009499926236458123 0.005655395332723856 -0.25032225251197815
v 0.0009499925072304904 0.0053909095004200935 -0.25106146931648254
v 0.0009499878506176174 0.005055243149399757 -0.25177115201950073
v 0.0009499879088252783 0.004651628900319338 -0.2524445652961731
v 0.0009499879088252783 0.004183956887573004 -0.25307515263557434
v 0.0009499879670329392 0.0036567277275025845 -0.2536568343639374
v 0.0009499879670329392 0.003075019223615527 -0.2541840672492981
v 0.0009499879670329392 0.002444433979690075 -0.2546517252922058
v 0.000949988083448261 0.0017710467800498009 -0.25505533814430237
v 0.0009499881416559219 0.0010613404447212815 -0.25539103150367737
v 0.0009499881416559219 0.0003221498627681285 -0.25565552711486816
v 0.0009499882580712438 -0.00043940471368841827 -0.2558462619781494
v 0.0009499882580712438 -0.0012159901671111584 -0.25596144795417786
v 0.0009499883744865656 -0.0020001272205263376 -0.25599998235702515
v 0.0009499884326942265 -0.0027842640411108732 -0.25596144795417786
v 0.0009499884326942265 -0.003560849465429783 -0.2558462619781494
v 0.0009499886073172092 -0.00432240404188633 -0.25565552711486816
v 0.0009499886073172092 -0.005061592906713486 -0.25539103150367737
v 0.0009499886655248702 -0.005771299358457327 -0.25505533814430237
v 0.0009499886655248702 -0.00644468842074275 -0.2546517252922058
v 0.0009499887237325311 -0.0070752715691924095 -0.2541840672492981
v 0.000949988781940192 -0.007656979374587536 -0.2536568343639374
v 0.0009499888983555138 -0.008184208534657955 -0.25307515263557434
v 0.0009499888983555138 -0.008651883341372013 -0.2524445652961731
v 0.0009499888983555138 -0.009055494330823421 -0.25177115201950073
v 0.0009499888983555138 -0.009391159750521183 -0.25106146931648254
v 0.0009499889565631747 -0.009655647911131382 -0.25032225251197815
v 0.0009499889565631747 -0.009846406988799572 -0.24956069886684418
v 0.0009499889565631747 -0.009961601346731186 -0.2487841248512268
v 0.0009499889565631747 -0.010000123642385006 -0.24799999594688416
v 0.0027499960269778967 -0.01000011246651411 -0.2239999771118164
v 0.0027499960269778967 -0.00996159203350544 -0.22321584820747375
v 0.002749996492639184 -0.009846395812928677 -0.2224392592906952
v 0.002749996492639184 -0.009655636735260487 -0.22167770564556122
v 0.002749996492639184 -0.009391149505972862 -0.2209385335445404
v 0.002749996492639184 -0.009055483154952526 -0.22022880613803864
v 0.0027499960269778967 -0.008651869371533394 -0.21955543756484985
v 0.0027499960269778967 -0.00818419549614191 -0.21892482042312622
v 0.0027499960269778967 -0.0076569668017327785 -0.218343123793602
v 0.0027499960269778967 -0.007075258530676365 -0.21781589090824127
v 0.002749995794147253 -0.006444672588258982 -0.21734823286533356
v 0.0027499960269778967 -0.005771284457296133 -0.216944620013237
v 0.0027499960269778967 -0.005061578471213579 -0.2166089564561844
v 0.002749995794147253 -0.004322389140725136 -0.2163444459438324
v 0.002749995794147253 -0.003560833865776658 -0.21615371108055115
v 0.0027499955613166094 -0.0027842484414577484 -0.2160385102033615
v 0.0027499955613166094 -0.002000111620873213 -0.21599997580051422
v 0.002749995794147253 -0.0012159746838733554 -0.2160385102033615
v 0.0027499955613166094 -0.00043938925955444574 -0.21615371108055115
v 0.0027499955613166094 0.0003221651422791183 -0.2163444459438324
v 0.002749995095655322 0.0010613553458824754 -0.2166089564561844
v 0.002749995095655322 0.001771061448380351 -0.216944620013237
v 0.0027499955613166094 0.002444449346512556 -0.21734823286533356
v 0.002749995095655322 0.0030750324949622154 -0.21781589090824127
v 0.002749995095655322 0.003656740067526698 -0.218343123793602
v 0.002749995095655322 0.004183969926089048 -0.21892482042312622
v 0.002749995095655322 0.00465164240449667 -0.21955543756484985
v 0.0027499948628246784 0.005055255256593227 -0.22022880613803864
v 0.0027499948628246784 0.005390920210629702 -0.2209385335445404
v 0.0027499948628246784 0.005655406508594751 -0.22167770564556122
v 0.0027499948628246784 0.005846166051924229 -0.2224392592906952
v 0.002749995095655322 0.00596136087551713 -0.22321584820747375
v 0.002749995095655322 0.00599988317117095 -0.2239999771118164
v 0.002749990439042449 0.005999872460961342 -0.24799999594688416
v 0.002749990439042449 0.005961350165307522 -0.2487841248512268
v 0.0027499902062118053 0.005846153944730759 -0.24956069886684418
v 0.0027499902062118053 0.005655394401401281 -0.25032225251197815
v 0.0027499902062118053 0.005390908569097519 -0.25106146931648254
v 0.0027499902062118053 0.0050552417524158955 -0.25177115201950073
v 0.002749990439042449 0.004651627968996763 -0.2524445652961731
v 0.002749990439042449 0.004183955490589142 -0.25307515263557434
v 0.002749990439042449 0.0036567263305187225 -0.2536568343639374
v 0.002749990439042449 0.003075018059462309 -0.2541840672492981
v 0.0027499906718730927 0.0024444335140287876 -0.2546517252922058
v 0.002749990439042449 0.0017710461979731917 -0.25505533814430237
v 0.002749990439042449 0.0010613398626446724 -0.25539103150367737
v 0.0027499860152602196 0.00032214942621067166 -0.25565552711486816
v 0.0027499860152602196 -0.00043940520845353603 -0.2558462619781494
v 0.0027499862480908632 -0.0012159907491877675 -0.25596144795417786
v 0.0027499860152602196 -0.002000127686187625 -0.25599998235702515
v 0.0027499860152602196 -0.0027842645067721605 -0.25596144795417786
v 0.0027499862480908632 -0.00356084993109107 -0.2558462619781494
v 0.0027499862480908632 -0.004322404507547617 -0.25565552711486816
v 0.002749986480921507 -0.00506159383803606 -0.25539103150367737
v 0.002749986480921507 -0.005771299824118614 -0.25505533814430237
v 0.0027499862480908632 -0.00644468842074275 -0.2546517252922058
v 0.002749986480921507 -0.007075272500514984 -0.2541840672492981
v 0.002749986480921507 -0.0076569803059101105 -0.2536568343639374
v 0.002749986480921507 -0.008184210397303104 -0.25307515263557434
v 0.002749986480921507 -0.008651883341372013 -0.2524445652961731
v 0.002749986946582794 -0.00905549619346857 -0.25177115201950073
v 0.002749986946582794 -0.009391161613166332 -0.25106146931648254
v 0.002749986946582794 -0.009655648842453957 -0.25032225251197815
v 0.002749986946582794 -0.009846407920122147 -0.24956069886684418
v 0.002749986480921507 -0.009961603209376335 -0.2487841248512268
v 0.002749986480921507 -0.01000012457370758 -0.24799999594688416
v 0.0027499960269778967 -0.010000127367675304 -0.24799995124340057
v 0.0027499960269778967 -0.009961605072021484 -0.24721582233905792
v 0.002749996492639184 -0.009846409782767296 -0.24643924832344055
v 0.002749996492639184 -0.009655649773776531 -0.24567767977714539
v 0.002749996492639184 -0.009391162544488907 -0.24493850767612457
v 0.002750001149252057 -0.00905549619346857 -0.2442287802696228
v 0.0027500009164214134 -0.008651882410049438 -0.24355541169643402
v 0.0027500009164214134 -0.008184208534657955 -0.24292480945587158
v 0.0027500009164214134 -0.0076569803059101105 -0.24234309792518616
v 0.0027500009164214134 -0.0070752715691924095 -0.24181586503982544
v 0.002750000450760126 -0.006444686558097601 -0.24134820699691772
v 0.0027500009164214134 -0.00577129889279604 -0.24094459414482117
v 0.0027500009164214134 -0.005061591509729624 -0.24060894548892975
v 0.002750000450760126 -0.004322402644902468 -0.24034442007541656
v 0.002750000450760126 -0.0035608478356152773 -0.24015368521213531
v 0.0027500002179294825 -0.002784262178465724 -0.24003848433494568
v 0.0027500002179294825 -0.0020001253578811884 -0.23999996483325958
v 0.002750000450760126 -0.001215988420881331 -0.24003848433494568
v 0.0027500002179294825 -0.00043940311297774315 -0.24015367031097412
v 0.0027500002179294825 0.00032215131795965135 -0.24034442007541656
v 0.002749999985098839 0.001061341492459178 -0.24060891568660736
v 0.002749999985098839 0.0017710475949570537 -0.24094459414482117
v 0.0027500002179294825 0.0024444356095045805 -0.24134820699691772
v 0.002749999985098839 0.0030750189907848835 -0.24181586503982544
v 0.002749999985098839 0.00365672679618001 -0.24234309792518616
v 0.002749999985098839 0.0041839564219117165 -0.24292480945587158
v 0.002749999985098839 0.004651628900319338 -0.24355541169643402
v 0.002749999752268195 0.005055241286754608 -0.2442287802696228
v 0.002749999752268195 0.005390907172113657 -0.24493850767612457
v 0.002749999752268195 0.005655393470078707 -0.24567767977714539
v 0.002749999752268195 0.0058461520820856094 -0.24643924832344055
v 0.002749999985098839 0.005961347837001085 -0.24721582233905792
v 0.002749999985098839 0.005999870132654905 -0.24799995124340057
v 0.002749995095655322 0.005999859422445297 -0.27199995517730713
v 0.002749995095655322 0.005961337126791477 -0.27278411388397217
v 0.0027499948628246784 0.005846140906214714 -0.27356070280075073
v 0.0027499948628246784 0.005655380897223949 -0.2743222415447235
v 0.0027499948628246784 0.005390895530581474 -0.2750614285469055
v 0.0027499902062118053 0.005055228713899851 -0.2757711410522461
v 0.002749990439042449 0.004651614464819431 -0.27644452452659607
v 0.002749990439042449 0.004183942452073097 -0.2770751118659973
v 0.002749990439042449 0.003656713292002678 -0.27765682339668274
v 0.002749990439042449 0.0030750050209462643 -0.27818405628204346
v 0.0027499906718730927 0.002444419777020812 -0.27865171432495117
v 0.002749990439042449 0.0017710323445498943 -0.27905532717704773
v 0.002749990439042449 0.001061326009221375 -0.27939099073410034
v 0.0027499906718730927 0.00032213557278737426 -0.27965548634529114
v 0.0027499906718730927 -0.00043941906187683344 -0.2798462510108948
v 0.0027499909047037363 -0.001216004486195743 -0.2799614667892456
v 0.0027499906718730927 -0.0020001414231956005 -0.2799999713897705
v 0.0027499906718730927 -0.002784278243780136 -0.2799614667892456
v 0.0027499909047037363 -0.0035608636680990458 -0.2798462510108948
v 0.0027499909047037363 -0.004322418477386236 -0.27965548634529114
v 0.0027499913703650236 -0.005061607342213392 -0.27939099073410034
v 0.0027499913703650236 -0.005771313793957233 -0.27905532717704773
v 0.0027499909047037363 -0.006444702390581369 -0.27865171432495117
v 0.0027499913703650236 -0.007075286004692316 -0.27818405628204346
v 0.0027499913703650236 -0.007656993810087442 -0.27765682339668274
v 0.0027499913703650236 -0.008184223435819149 -0.2770751118659973
v 0.0027499913703650236 -0.008651896379888058 -0.27644452452659607
v 0.0027499916031956673 -0.009055509231984615 -0.2757711410522461
v 0.0027499916031956673 -0.009391174651682377 -0.2750614285469055
v 0.0027499916031956673 -0.009655661880970001 -0.2743222415447235
v 0.0027499916031956673 -0.009846420958638191 -0.27356070280075073
v 0.0027499913703650236 -0.00996161624789238 -0.27278411388397217
v 0.0027499913703650236 -0.010000137612223625 -0.27199995517730713
v 0.004549994599074125 -0.010000127367675304 -0.24799995124340057
v 0.004549994599074125 -0.009961606934666634 -0.24721582233905792
v 0.004549994599074125 -0.00984641071408987 -0.24643924832344055
v 0.004549994599074125 -0.00965565163642168 -0.24567767977714539
v 0.004549994599074125 -0.009391164407134056 -0.24493850767612457
v 0.004549994599074125 -0.00905549805611372 -0.2442287802696228
v 0.004549994599074125 -0.008651884272694588 -0.24355541169643402
v 0.004549994599074125 -0.008184210397303104 -0.24292480945587158
v 0.0045500039122998714 -0.007656981237232685 -0.24234309792518616
v 0.0045500039122998714 -0.007075273431837559 -0.24181586503982544
v 0.0045500039122998714 -0.006444687023758888 -0.24134820699691772
v 0.0045500039122998714 -0.005771299358457327 -0.24094459414482117
v 0.0045500039122998714 -0.005061593372374773 -0.24060894548892975
v 0.0045500039122998714 -0.004322403110563755 -0.24034442007541656
v 0.0045500039122998714 -0.0035608483012765646 -0.24015368521213531
v 0.004550003446638584 -0.002784262876957655 -0.24003848433494568
v 0.004550003446638584 -0.0020001258235424757 -0.23999996483325958
v 0.0045500039122998714 -0.00121598900295794 -0.24003848433494568
v 0.004550003446638584 -0.0004394035495352 -0.24015368521213531
v 0.004550003446638584 0.0003221508814021945 -0.24034442007541656
v 0.004550002980977297 0.0010613411432132125 -0.24060894548892975
v 0.004550002980977297 0.0017710471292957664 -0.24094459414482117
v 0.004550003446638584 0.002444435143843293 -0.24134820699691772
v 0.004550002980977297 0.003075018059462309 -0.24181586503982544
v 0.004550002980977297 0.0036567258648574352 -0.24234309792518616
v 0.004550002980977297 0.004183955490589142 -0.24292480945587158
v 0.004550002980977297 0.004651627968996763 -0.24355541169643402
v 0.004550002980977297 0.0050552403554320335 -0.2442287802696228
v 0.004550002980977297 0.005390905309468508 -0.24493850767612457
v 0.004550002980977297 0.0056553916074335575 -0.24567767977714539
v 0.004550002980977297 0.005846151150763035 -0.24643924832344055
v 0.004550002980977297 0.005961345974355936 -0.24721582233905792
v 0.004550002980977297 0.005999868270009756 -0.24799995124340057
v 0.004549993667751551 0.005999857559800148 -0.27199995517730713
v 0.004549993667751551 0.005961335264146328 -0.27278411388397217
v 0.004549993202090263 0.005846139509230852 -0.27356070280075073
v 0.004549993202090263 0.0056553795002400875 -0.2743222415447235
v 0.004549993202090263 0.005390893667936325 -0.2750614285469055
v 0.004549993202090263 0.005055227782577276 -0.2757711410522461
v 0.004549993667751551 0.004651613533496857 -0.27644452452659607
v 0.004549993667751551 0.004183941520750523 -0.2770751118659973
v 0.004549993667751551 0.0036567123606801033 -0.27765682339668274
v 0.004549993667751551 0.0030750040896236897 -0.27818405628204346
v 0.004549993667751551 0.0024444193113595247 -0.27865171432495117
v 0.004549993667751551 0.001771031878888607 -0.27905532717704773
v 0.004549993667751551 0.0010613255435600877 -0.27939099073410034
v 0.004549993667751551 0.00032213510712608695 -0.27965548634529114
v 0.004549993667751551 -0.00043941952753812075 -0.2798462510108948
v 0.004549994133412838 -0.0012160050682723522 -0.2799614667892456
v 0.004549993667751551 -0.002000141888856888 -0.2799999713897705
v 0.004549993667751551 -0.002784278942272067 -0.2799614667892456
v 0.004549994133412838 -0.0035608639009296894 -0.2798462510108948
v 0.004549994133412838 -0.0043224189430475235 -0.27965548634529114
v 0.004549994599074125 -0.005061608739197254 -0.27939099073410034
v 0.004549994599074125 -0.005771314259618521 -0.27905532717704773
v 0.004549994133412838 -0.006444703321903944 -0.27865171432495117
v 0.004549994599074125 -0.007075287401676178 -0.27818405628204346
v 0.004549994599074125 -0.007656995207071304 -0.27765682339668274
v 0.004549994599074125 -0.008184225298464298 -0.2770751118659973
v 0.004549994599074125 -0.008651898242533207 -0.27644452452659607
v 0.004549994599074125 -0.00905551016330719 -0.2757711410522461
v 0.004549994599074125 -0.009391176514327526 -0.2750614285469055
v 0.004549994599074125 -0.00965566374361515 -0.2743222415447235
v 0.004549994599074125 -0.009846421889960766 -0.27356070280075073
v 0.004549994599074125 -0.009961618110537529 -0.27278411388397217
v 0.004549994599074125 -0.010000137612223625 -0.27199995517730713
v -0.006550004240125418 -0.010000128298997879 -0.24799995124340057
v -0.006550004240125418 -0.009961606003344059 -0.24721582233905792
v -0.006550005171447992 -0.00984641071408987 -0.24643924832344055
v -0.006550005171447992 -0.009655650705099106 -0.24567767977714539
v -0.006550005171447992 -0.009391163475811481 -0.24493850767612457
v -0.006550000049173832 -0.009055497124791145 -0.2442287802696228
v -0.006550000049173832 -0.008651883341372013 -0.24355541169643402
v -0.006550000049173832 -0.008184210397303104 -0.24292480945587158
v -0.006550000049173832 -0.007656980771571398 -0.24234309792518616
v -0.006550000049173832 -0.007075272500514984 -0.24181586503982544
v -0.006550000049173832 -0.006444687023758888 -0.24134820699691772
v -0.0065500009804964066 -0.005771299358457327 -0.24094459414482117
v -0.0065500009804964066 -0.005061592906713486 -0.24060894548892975
v -0.0065500009804964066 -0.004322403576225042 -0.24034442007541656
v -0.006550000049173832 -0.0035608483012765646 -0.24015368521213531
v -0.006550000049173832 -0.002784262876957655 -0.24003848433494568
v -0.006550000049173832 -0.0020001260563731194 -0.23999996483325958
v -0.0065500009804964066 -0.001215989119373262 -0.24003848433494568
v -0.0065500009804964066 -0.00043940378236584365 -0.24015367031097412
v -0.0065500009804964066 0.0003221506194677204 -0.24034442007541656
v -0.0065500009804964066 0.0010613409103825688 -0.24060891568660736
v -0.0065500009804964066 0.001771046663634479 -0.24094459414482117
v -0.006550001446157694 0.002444434678182006 -0.24134820699691772
v -0.006550001446157694 0.00307501875795424 -0.24181586503982544
v -0.006550001446157694 0.0036567263305187225 -0.24234309792518616
v -0.0065500009804964066 0.004183955956250429 -0.24292480945587158
v -0.0065500009804964066 0.0046516284346580505 -0.24355541169643402
v -0.0065500009804964066 0.005055240821093321 -0.2442287802696228
v -0.0065500009804964066 0.005390906240791082 -0.24493850767612457
v -0.0065500009804964066 0.005655393004417419 -0.24567767977714539
v -0.0065500009804964066 0.005846151616424322 -0.24643924832344055
v -0.006550001446157694 0.005961346440017223 -0.24721582233905792
v -0.006550001446157694 0.005999869666993618 -0.24799995124340057
v -0.006550006102770567 0.005999858025461435 -0.27199995517730713
v -0.006550006102770567 0.005961336195468903 -0.27278411388397217
v -0.00655000563710928 0.0058461399748921394 -0.27356070280075073
v -0.00655000563710928 0.005655380431562662 -0.2743222415447235
v -0.00655000563710928 0.005390894133597612 -0.2750614285469055
v -0.006550010293722153 0.0050552282482385635 -0.2757711410522461
v -0.006550010293722153 0.004651613999158144 -0.27644452452659607
v -0.006550010293722153 0.00418394198641181 -0.2770751118659973
v -0.00655001075938344 0.0036567128263413906 -0.27765682339668274
v -0.00655001075938344 0.0030750043224543333 -0.27818405628204346
v -0.00655001075938344 0.0024444188456982374 -0.27865171432495117
v -0.006550010293722153 0.0017710316460579634 -0.27905532717704773
v -0.006550010293722153 0.0010613254271447659 -0.27939099073410034
v -0.006550010293722153 0.00032213484519161284 -0.27965548634529114
v -0.006550010293722153 -0.00043941978947259486 -0.2798462510108948
v -0.006550010293722153 -0.001216005184687674 -0.2799614667892456
v -0.006550009828060865 -0.002000142354518175 -0.2799999713897705
v -0.006550009828060865 -0.002784278942272067 -0.2799614667892456
v -0.006550009828060865 -0.0035608643665909767 -0.2798462510108948
v -0.006550010293722153 -0.0043224189430475235 -0.27965548634529114
v -0.006550010293722153 -0.005061608273535967 -0.27939099073410034
v -0.006550010293722153 -0.005771314259618521 -0.27905532717704773
v -0.006550009828060865 -0.006444703321903944 -0.27865171432495117
v -0.006550009828060865 -0.007075286470353603 -0.27818405628204346
v -0.006550009828060865 -0.00765699427574873 -0.27765682339668274
v -0.006550009828060865 -0.008184223435819149 -0.2770751118659973
v -0.006550009828060865 -0.008651898242533207 -0.27644452452659607
v -0.006550009828060865 -0.009055509231984615 -0.2757711410522461
v -0.006550009828060865 -0.009391175583004951 -0.2750614285469055
v -0.006550009828060865 -0.009655662812292576 -0.2743222415447235
v -0.006550009828060865 -0.009846421889960766 -0.27356070280075073
v -0.006550008896738291 -0.00996161624789238 -0.27278411388397217
v -0.006550008896738291 -0.0100001385435462 -0.27199995517730713
v -0.004750002641230822 -0.010000129230320454 -0.24799995124340057
v -0.004750002641230822 -0.009961606934666634 -0.24721582233905792
v -0.004750002175569534 -0.009846411645412445 -0.24643924832344055
v -0.004750002175569534 -0.00965565163642168 -0.24567767977714539
v -0.004750002175569534 -0.009391164407134056 -0.24493850767612457
v -0.004750002175569534 -0.00905549805611372 -0.2442287802696228
v -0.004750002641230822 -0.008651884272694588 -0.24355541169643402
v -0.004750002641230822 -0.008184210397303104 -0.24292480945587158
v -0.004750002641230822 -0.007656981702893972 -0.24234309792518616
v -0.004750002641230822 -0.007075273431837559 -0.24181586503982544
v -0.004750003106892109 -0.0064446874894201756 -0.24134820699691772
v -0.004750002641230822 -0.005771299358457327 -0.24094459414482117
v -0.004750002641230822 -0.005061593372374773 -0.24060894548892975
v -0.004750003106892109 -0.00432240404188633 -0.24034442007541656
v -0.004750003106892109 -0.003560848766937852 -0.24015368521213531
v -0.004750003106892109 -0.0027842633426189423 -0.24003848433494568
v -0.004750003106892109 -0.0020001267548650503 -0.23999996483325958
v -0.004750003106892109 -0.001215989701449871 -0.24003848433494568
v -0.004750003106892109 -0.00043940424802713096 -0.24015368521213531
v -0.004750003106892109 0.0003221501538064331 -0.24034442007541656
v -0.004750003572553396 0.0010613404447212815 -0.24060894548892975
v -0.004750003572553396 0.0017710461979731917 -0.24094459414482117
v -0.004750003106892109 0.0024444344453513622 -0.24134820699691772
v -0.004750003572553396 0.003075017360970378 -0.24181586503982544
v -0.004750003572553396 0.0036567249335348606 -0.24234309792518616
v -0.004750003572553396 0.004183954559266567 -0.24292480945587158
v -0.004750003572553396 0.004651627503335476 -0.24355541169643402
v -0.0047500040382146835 0.005055239424109459 -0.2442287802696228
v -0.0047500040382146835 0.005390905309468508 -0.24493850767612457
v -0.0047500040382146835 0.0056553916074335575 -0.24567767977714539
v -0.0047500040382146835 0.00584615021944046 -0.24643924832344055
v -0.004750003572553396 0.005961345974355936 -0.24721582233905792
v -0.004750003572553396 0.005999868270009756 -0.24799995124340057
v -0.004750008229166269 0.005999857559800148 -0.27199995517730713
v -0.004750008229166269 0.005961335264146328 -0.27278411388397217
v -0.004750008694827557 0.005846139043569565 -0.27356070280075073
v -0.004750008694827557 0.0056553795002400875 -0.2743222415447235
v -0.004750008694827557 0.005390893667936325 -0.2750614285469055
v -0.004750008694827557 0.005055226851254702 -0.2757711410522461
v -0.004750008229166269 0.004651612602174282 -0.27644452452659607
v -0.004750008229166269 0.004183940589427948 -0.2770751118659973
v -0.004750008229166269 0.0036567114293575287 -0.27765682339668274
v -0.004750008229166269 0.003075003158301115 -0.27818405628204346
v -0.004750008229166269 0.00244441838003695 -0.27865171432495117
v -0.004750008229166269 0.001771031180396676 -0.27905532717704773
v -0.004750008229166269 0.0010613249614834785 -0.27939099073410034
v -0.004750012885779142 0.000322134408634156 -0.27965548634529114
v -0.004750012885779142 -0.00043942019692622125 -0.2798462510108948
v -0.004750012420117855 -0.0012160057667642832 -0.2799614667892456
v -0.004750012885779142 -0.0020001428201794624 -0.2799999713897705
v -0.004750012885779142 -0.0027842794079333544 -0.2799614667892456
v -0.004750012420117855 -0.003560864832252264 -0.2798462510108948
v -0.004750012420117855 -0.004322419874370098 -0.27965548634529114
v -0.004750012420117855 -0.005061608739197254 -0.27939099073410034
v -0.004750012420117855 -0.005771314725279808 -0.27905532717704773
v -0.004750012420117855 -0.006444703321903944 -0.27865171432495117
v -0.004750012420117855 -0.007075287401676178 -0.27818405628204346
v -0.004750012420117855 -0.007656995207071304 -0.27765682339668274
v -0.004750012420117855 -0.008184225298464298 -0.2770751118659973
v -0.004750012420117855 -0.008651898242533207 -0.27644452452659607
v -0.004750011954456568 -0.009055511094629765 -0.2757711410522461
v -0.004750011954456568 -0.009391176514327526 -0.2750614285469055
v -0.004750011954456568 -0.00965566374361515 -0.2743222415447235
v -0.004750011954456568 -0.00984642282128334 -0.27356070280075073
v -0.004750012420117855 -0.009961618110537529 -0.27278411388397217
v -0.004750012420117855 -0.010000140406191349 -0.27199995517730713
v 0.002749990439042449 0.005999858025461435 -0.27199995517730713
v 0.002749990439042449 0.005961335729807615 -0.27278411388397217
v 0.0027499902062118053 0.005846139509230852 -0.27356070280075073
v 0.0027499902062118053 0.0056553795002400875 -0.2743222415447235
v 0.0027499902062118053 0.005390894133597612 -0.2750614285469055
v 0.0027499902062118053 0.005055227782577276 -0.2757711410522461
v 0.002749990439042449 0.004651613067835569 -0.27644452452659607
v 0.002749990439042449 0.004183941055089235 -0.2770751118659973
v 0.002749990439042449 0.0036567121278494596 -0.27765682339668274
v 0.002749990439042449 0.003075003856793046 -0.27818405628204346
v 0.0027499906718730927 0.002444419078528881 -0.27865171432495117
v 0.002749990439042449 0.0017710317624732852 -0.27905532717704773
v 0.002749990439042449 0.0010613254271447659 -0.27939099073410034
v 0.002749981125816703 0.00032213496160693467 -0.27965548634529114
v 0.002749981125816703 -0.00043941967305727303 -0.2798462510108948
v 0.00274998159147799 -0.0012160053011029959 -0.2799614667892456
v 0.002749981125816703 -0.0020001421216875315 -0.2799999713897705
v 0.002749981125816703 -0.002784278942272067 -0.2799614667892456
v 0.00274998159147799 -0.0035608643665909767 -0.2798462510108948
v 0.00274998159147799 -0.0043224189430475235 -0.27965548634529114
v 0.002749981824308634 -0.005061608273535967 -0.27939099073410034
v 0.002749981824308634 -0.005771314259618521 -0.27905532717704773
v 0.00274998159147799 -0.006444703321903944 -0.27865171432495117
v 0.002749981824308634 -0.007075286936014891 -0.27818405628204346
v 0.002749981824308634 -0.007656995207071304 -0.27765682339668274
v 0.002749981824308634 -0.008184224367141724 -0.2770751118659973
v 0.002749981824308634 -0.008651898242533207 -0.27644452452659607
v 0.0027499820571392775 -0.00905551016330719 -0.2757711410522461
v 0.0027499820571392775 -0.009391175583004951 -0.2750614285469055
v 0.0027499820571392775 -0.00965566374361515 -0.2743222415447235
v 0.0027499820571392775 -0.009846421889960766 -0.27356070280075073
v 0.002749981824308634 -0.009961617179214954 -0.27278411388397217
v 0.002749981824308634 -0.0100001385435462 -0.27199995517730713
v 0.0009499925072304904 0.005999870598316193 -0.24799999594688416
v 0.0009499925072304904 0.00596134876832366 -0.2487841248512268
v 0.0009499925072304904 0.005846152547746897 -0.24956069886684418
v 0.0009499926236458123 0.005655393004417419 -0.25032225251197815
v 0.0009499925072304904 0.005390907172113657 -0.25106146931648254
v 0.0009499926236458123 0.005055240821093321 -0.25177115201950073
v 0.0009499926818534732 0.004651626572012901 -0.2524445652961731
v 0.0009499926818534732 0.00418395409360528 -0.25307515263557434
v 0.0009499927400611341 0.0036567251663655043 -0.2536568343639374
v 0.0009499927400611341 0.0030750168953090906 -0.2541840672492981
v 0.0009499927400611341 0.0024444323498755693 -0.2546517252922058
v 0.0009499928564764559 0.0017710450338199735 -0.25505533814430237
v 0.0009499929146841168 0.0010613385820761323 -0.25539103150367737
v 0.0009499881416559219 0.00032214808743447065 -0.25565552711486816
v 0.0009499882580712438 -0.0004394065181259066 -0.2558462619781494
v 0.0009499882580712438 -0.0012159921461716294 -0.25596144795417786
v 0.0009499883744865656 -0.002000128850340843 -0.25599998235702515
v 0.0009499884326942265 -0.002784265670925379 -0.25596144795417786
v 0.0009499884326942265 -0.0035608510952442884 -0.2558462619781494
v 0.0009499886073172092 -0.004322405904531479 -0.25565552711486816
v 0.0009499886073172092 -0.005061595235019922 -0.25539103150367737
v 0.0009499886655248702 -0.005771301221102476 -0.25505533814430237
v 0.0009499886655248702 -0.006444690283387899 -0.2546517252922058
v 0.0009499887237325311 -0.007075273897498846 -0.2541840672492981
v 0.000949988781940192 -0.007656981702893972 -0.2536568343639374
v 0.0009499888983555138 -0.008184211328625679 -0.25307515263557434
v 0.0009499888983555138 -0.008651885204017162 -0.2524445652961731
v 0.0009499888983555138 -0.009055497124791145 -0.25177115201950073
v 0.0009499888983555138 -0.009391162544488907 -0.25106146931648254
v 0.0009499889565631747 -0.009655650705099106 -0.25032225251197815
v 0.0009499889565631747 -0.009846408851444721 -0.24956069886684418
v 0.0009499889565631747 -0.00996160414069891 -0.2487841248512268
v 0.0009499889565631747 -0.010000125505030155 -0.24799999594688416
v 0.0009499985026195645 -0.010000115260481834 -0.2239999771118164
v 0.0009499985026195645 -0.009961593896150589 -0.22321584820747375
v 0.0009499985026195645 -0.009846397675573826 -0.2224392592906952
v 0.0009499985026195645 -0.009655637666583061 -0.22167770564556122
v 0.0009499984444119036 -0.009391150437295437 -0.2209385335445404
v 0.0009499984444119036 -0.009055485017597675 -0.22022880613803864
v 0.0009499984444119036 -0.008651870302855968 -0.21955543756484985
v 0.0009499984444119036 -0.00818419735878706 -0.21892482042312622
v 0.0009499983279965818 -0.0076569681987166405 -0.218343123793602
v 0.0009499982697889209 -0.007075260393321514 -0.21781589090824127
v 0.00094999821158126 -0.006444673985242844 -0.21734823286533356
v 0.00094999821158126 -0.005771286319941282 -0.216944620013237
v 0.0009499980951659381 -0.005061579868197441 -0.2166089564561844
v 0.0009499980951659381 -0.00432239007204771 -0.2163444459438324
v 0.0009499979787506163 -0.0035608350299298763 -0.21615371108055115
v 0.0009499979787506163 -0.0027842496056109667 -0.2160385102033615
v 0.0009499979205429554 -0.0020001130178570747 -0.21599997580051422
v 0.0009499978041276336 -0.0012159760808572173 -0.2160385102033615
v 0.0009499978041276336 -0.0004393905692268163 -0.21615371108055115
v 0.0009499976877123117 0.00032216383260674775 -0.2163444459438324
v 0.0009499976877123117 0.0010613540653139353 -0.2166089564561844
v 0.0009499975712969899 0.0017710600513964891 -0.216944620013237
v 0.000949997513089329 0.002444447949528694 -0.21734823286533356
v 0.000949997513089329 0.003075031330808997 -0.21781589090824127
v 0.000949997513089329 0.00365673890337348 -0.218343123793602
v 0.0009499974548816681 0.0041839685291051865 -0.21892482042312622
v 0.0009499974548816681 0.004651641473174095 -0.21955543756484985
v 0.0009499973966740072 0.005055253393948078 -0.22022880613803864
v 0.0009499972802586854 0.005390919279307127 -0.2209385335445404
v 0.0009499973966740072 0.0056554051116108894 -0.22167770564556122
v 0.0009499972802586854 0.0058461641892790794 -0.2224392592906952
v 0.0009499972802586854 0.005961359012871981 -0.22321584820747375
v 0.0009499972802586854 0.005999882239848375 -0.2239999771118164
v 0.0027499531861394644 -0.010000097565352917 -0.18999998271465302
v 0.0027499531861394644 -0.009961576201021671 -0.18921583890914917
v 0.002749953418970108 -0.009846380911767483 -0.1884392499923706
v 0.002749953418970108 -0.009655620902776718 -0.18767768144607544
v 0.002749953418970108 -0.009391134604811668 -0.18693850934505463
v 0.002749953418970108 -0.009055468253791332 -0.18622878193855286
v 0.0027499578427523375 -0.008651853539049625 -0.18555541336536407
v 0.0027499578427523375 -0.008184180594980717 -0.18492482602596283
v 0.0027499578427523375 -0.00765695096924901 -0.1843430995941162
v 0.0027499578427523375 -0.007075243629515171 -0.1838158667087555
v 0.002749957609921694 -0.0064446572214365005 -0.18334820866584778
v 0.0027499578427523375 -0.0057712700217962265 -0.18294459581375122
v 0.0027499578427523375 -0.005061563570052385 -0.1826089471578598
v 0.002749957609921694 -0.004322373773902655 -0.182344451546669
v 0.002749957609921694 -0.003560818964615464 -0.18215370178222656
v 0.00274995737709105 -0.0027842335402965546 -0.18203848600387573
v 0.00274995737709105 -0.0020000964868813753 -0.18199996650218964
v 0.002749957609921694 -0.0012159596662968397 -0.18203848600387573
v 0.00274995737709105 -0.0004393743583932519 -0.18215370178222656
v 0.00274995737709105 0.0003221800725441426 -0.182344451546669
v 0.0027499618008732796 0.0010613702470436692 -0.1826089471578598
v 0.0027499618008732796 0.001771076349541545 -0.18294459581375122
v 0.0027499620337039232 0.00244446424767375 -0.18334820866584778
v 0.0027499618008732796 0.003075047628954053 -0.1838158667087555
v 0.0027499571442604065 0.0036567559000104666 -0.1843430995941162
v 0.0027499571442604065 0.004183984827250242 -0.18492482602596283
v 0.0027499571442604065 0.004651657305657864 -0.18555541336536407
v 0.002749956678599119 0.005055270157754421 -0.18622878193855286
v 0.002749956678599119 0.0053909351117908955 -0.18693850934505463
v 0.002749956678599119 0.0056554218754172325 -0.18767768144607544
v 0.002749956678599119 0.00584618141874671 -0.1884392499923706
v 0.0027499571442604065 0.005961376242339611 -0.18921582400798798
v 0.0027499571442604065 0.005999898537993431 -0.18999995291233063
v -0.021250035613775253 -0.010000099427998066 -0.18999995291233063
v -0.021250035613775253 -0.00996157806366682 -0.18921583890914917
v -0.021250035613775253 -0.009846381843090057 -0.1884392499923706
v -0.021250035613775253 -0.009655621834099293 -0.18767768144607544
v -0.021250035613775253 -0.009391134604811668 -0.18693850934505463
v -0.021250030025839806 -0.009055468253791332 -0.18622878193855286
v -0.021250030025839806 -0.0086518544703722 -0.18555541336536407
v -0.021250030025839806 -0.008184181526303291 -0.18492482602596283
v -0.021250031888484955 -0.007656951900571585 -0.1843430995941162
v -0.021250031888484955 -0.007075244095176458 -0.1838158667087555
v -0.021250031888484955 -0.0064446586184203625 -0.18334820866584778
v -0.021250031888484955 -0.005771270953118801 -0.18294459581375122
v -0.021250031888484955 -0.005061564035713673 -0.18260891735553741
v -0.021250031888484955 -0.004322375170886517 -0.1823444366455078
v -0.021250031888484955 -0.003560819895938039 -0.18215367197990417
v -0.021250031888484955 -0.002784234471619129 -0.18203848600387573
v -0.021250031888484955 -0.00200009741820395 -0.18199996650218964
v -0.021250031888484955 -0.0012159605976194143 -0.18203848600387573
v -0.021250031888484955 -0.00043937526061199605 -0.18215367197990417
v -0.021250031888484955 0.000322179141221568 -0.1823444366455078
v -0.021250031888484955 0.0010613694321364164 -0.18260891735553741
v -0.021250031888484955 0.0017710753018036485 -0.18294459581375122
v -0.021250031888484955 0.0024444633163511753 -0.18334820866584778
v -0.021250031888484955 0.0030750471632927656 -0.1838158667087555
v -0.021250031888484955 0.0036567547358572483 -0.1843430995941162
v -0.021250031888484955 0.004183984361588955 -0.18492482602596283
v -0.021250031888484955 0.004651656839996576 -0.18555541336536407
v -0.021250031888484955 0.005055269226431847 -0.18622878193855286
v -0.021250031888484955 0.005390934646129608 -0.18693850934505463
v -0.021250031888484955 0.005655421409755945 -0.18767768144607544
v -0.021250031888484955 0.005846180021762848 -0.1884392499923706
v -0.021250031888484955 0.005961374845355749 -0.18921582400798798
v -0.021250031888484955 0.005999898072332144 -0.18999995291233063
v -0.0212500412017107 0.005999882705509663 -0.2239999771118164
v -0.0212500412017107 0.005961359944194555 -0.22478410601615906
v -0.0212500412017107 0.005846164654940367 -0.22556069493293762
v -0.0212500412017107 0.005655404645949602 -0.2263222485780716
v -0.0212500412017107 0.00539091881364584 -0.2270614355802536
v -0.0212500412017107 0.0050552524626255035 -0.22777114808559418
v -0.0212500412017107 0.004651638213545084 -0.22844453155994415
v -0.0212500412017107 0.004183965735137463 -0.2290751188993454
v -0.0212500412017107 0.003656736807897687 -0.22965683043003082
v -0.0212500412017107 0.0030750285368412733 -0.23018406331539154
v -0.0212500412017107 0.002444443292915821 -0.23065173625946045
v -0.0212500412017107 0.0017710558604449034 -0.2310553342103958
v -0.0212500412017107 0.0010613496415317059 -0.23139101266860962
v -0.0212500412017107 0.00032215905957855284 -0.23165549337863922
v -0.0212500412017107 -0.00043939557508565485 -0.23184625804424286
v -0.0212500412017107 -0.001215980970300734 -0.2319614589214325
v -0.0212500412017107 -0.0020001179073005915 -0.2319999635219574
v -0.02125004678964615 -0.0027842549607157707 -0.2319614589214325
v -0.02125004678964615 -0.0035608401522040367 -0.23184625804424286
v -0.02125004678964615 -0.004322395194321871 -0.23165549337863922
v -0.02125004678964615 -0.005061584059149027 -0.23139101266860962
v -0.02125004678964615 -0.005771290045231581 -0.2310553342103958
v -0.02125004678964615 -0.006444678641855717 -0.23065173625946045
v -0.02125004678964615 -0.007075262721627951 -0.23018406331539154
v -0.02125004678964615 -0.00765697006136179 -0.22965683043003082
v -0.021250044927001 -0.008184200152754784 -0.2290751188993454
v -0.021250044927001 -0.008651873096823692 -0.22844453155994415
v -0.021250044927001 -0.009055485017597675 -0.22777114808559418
v -0.021250044927001 -0.009391151368618011 -0.2270614355802536
v -0.021250044927001 -0.009655638597905636 -0.2263222485780716
v -0.021250039339065552 -0.009846396744251251 -0.22556069493293762
v -0.021250039339065552 -0.009961592964828014 -0.22478410601615906
v -0.021250039339065552 -0.01000011432915926 -0.2239999771118164
v -0.01945004239678383 -0.010000099427998066 -0.18999998271465302
v -0.01945004239678383 -0.009961578994989395 -0.18921583890914917
v -0.01945004239678383 -0.009846383705735207 -0.1884392499923706
v -0.01945004239678383 -0.009655623696744442 -0.18767768144607544
v -0.01945004239678383 -0.009391136467456818 -0.18693850934505463
v -0.01945004239678383 -0.009055470116436481 -0.18622878193855286
v -0.01945004239678383 -0.00865185633301735 -0.18555541336536407
v -0.01945004239678383 -0.008184182457625866 -0.18492482602596283
v -0.019450031220912933 -0.007656953763216734 -0.1843430995941162
v -0.019450031220912933 -0.00707524549216032 -0.1838158667087555
v -0.019450031220912933 -0.006444659549742937 -0.18334820866584778
v -0.019450031220912933 -0.005771271418780088 -0.18294459581375122
v -0.019450031220912933 -0.0050615654326975346 -0.18260891735553741
v -0.019450031220912933 -0.004322375170886517 -0.1823444366455078
v -0.019450033083558083 -0.0035608201287686825 -0.18215367197990417
v -0.019450033083558083 -0.002784234704449773 -0.18203848600387573
v -0.019450033083558083 -0.002000098116695881 -0.18199996650218964
v -0.019450033083558083 -0.0012159610632807016 -0.18203848600387573
v -0.019450033083558083 -0.0004393757553771138 -0.18215367197990417
v -0.019450033083558083 0.00032217870466411114 -0.1823444366455078
v -0.019450033083558083 0.0010613689664751291 -0.18260891735553741
v -0.019450033083558083 0.0017710748361423612 -0.18294459581375122
v -0.019450033083558083 0.002444462850689888 -0.18334820866584778
v -0.019450033083558083 0.0030750457663089037 -0.1838158667087555
v -0.019450033083558083 0.00365675357170403 -0.1843430995941162
v -0.019450034946203232 0.00418398343026638 -0.18492482602596283
v -0.019450034946203232 0.004651655908674002 -0.18555541336536407
v -0.019450034946203232 0.005055268295109272 -0.18622878193855286
v -0.019450034946203232 0.0053909337148070335 -0.18693850934505463
v -0.019450034946203232 0.005655419547110796 -0.18767768144607544
v -0.019450034946203232 0.005846178159117699 -0.1884392499923706
v -0.019450034946203232 0.0059613739140331745 -0.18921582400798798
v -0.019450034946203232 0.0059998962096869946 -0.18999995291233063
v -0.019450044259428978 0.005999880842864513 -0.2239999771118164
v -0.019450044259428978 0.005961359012871981 -0.22478410601615906
v -0.019450044259428978 0.0058461627922952175 -0.22556069493293762
v -0.019450044259428978 0.005655402783304453 -0.2263222485780716
v -0.019450044259428978 0.005390917416661978 -0.2270614355802536
v -0.019450044259428978 0.005055251065641642 -0.22777114808559418
v -0.019450044259428978 0.004651637282222509 -0.22844453155994415
v -0.019450044259428978 0.004183964803814888 -0.2290751188993454
v -0.01945004239678383 0.0036567358765751123 -0.22965683043003082
v -0.01945004239678383 0.0030750276055186987 -0.23018406331539154
v -0.01945004239678383 0.00244444259442389 -0.23065173625946045
v -0.01945004239678383 0.001771055394783616 -0.2310553342103958
v -0.019450051710009575 0.0010613491758704185 -0.23139101266860962
v -0.019450051710009575 0.00032215859391726553 -0.23165549337863922
v -0.019450051710009575 -0.0004393960116431117 -0.23184625804424286
v -0.019450051710009575 -0.0012159814359620214 -0.2319614589214325
v -0.019450051710009575 -0.0020001183729618788 -0.2319999635219574
v -0.019450051710009575 -0.002784255426377058 -0.2319614589214325
v -0.019450051710009575 -0.0035608408506959677 -0.23184625804424286
v -0.019450049847364426 -0.004322395194321871 -0.23165549337863922
v -0.019450049847364426 -0.0050615849904716015 -0.23139101266860962
v -0.019450049847364426 -0.005771290976554155 -0.2310553342103958
v -0.019450049847364426 -0.006444680038839579 -0.23065173625946045
v -0.019450049847364426 -0.007075263652950525 -0.23018406331539154
v -0.019450049847364426 -0.007656971924006939 -0.22965683043003082
v -0.019450051710009575 -0.008184201084077358 -0.2290751188993454
v -0.019450051710009575 -0.008651874959468842 -0.22844453155994415
v -0.019450051710009575 -0.009055486880242825 -0.22777114808559418
v -0.019450051710009575 -0.009391152299940586 -0.2270614355802536
v -0.019450051710009575 -0.009655640460550785 -0.2263222485780716
v -0.019450051710009575 -0.0098463986068964 -0.22556069493293762
v -0.019450051710009575 -0.009961593896150589 -0.22478410601615906
v -0.019450051710009575 -0.010000115260481834 -0.2239999771118164
v -0.030550038442015648 -0.010000099427998066 -0.18999995291233063
v -0.030550038442015648 -0.00996157806366682 -0.18921583890914917
v -0.030550038442015648 -0.009846381843090057 -0.1884392499923706
v -0.030550038442015648 -0.009655622765421867 -0.18767768144607544
v -0.030550038442015648 -0.009391135536134243 -0.18693850934505463
v -0.030550038442015648 -0.009055469185113907 -0.18622878193855286
v -0.030550038442015648 -0.008651855401694775 -0.18555541336536407
v -0.030550038442015648 -0.008184182457625866 -0.18492482602596283
v -0.030550040304660797 -0.007656952831894159 -0.1843430995941162
v -0.030550040304660797 -0.007075244560837746 -0.1838158667087555
v -0.0305500365793705 -0.006444659549742937 -0.18334820866584778
v -0.0305500365793705 -0.005771271418780088 -0.18294459581375122
v -0.0305500365793705 -0.005061564967036247 -0.18260891735553741
v -0.0305500365793705 -0.004322375170886517 -0.1823444366455078
v -0.0305500365793705 -0.003560820361599326 -0.18215367197990417
v -0.0305500365793705 -0.00278423517011106 -0.18203848600387573
v -0.0305500365793705 -0.0020000983495265245 -0.18199996650218964
v -0.0305500365793705 -0.0012159611796960235 -0.18203848600387573
v -0.0305500365793705 -0.000439375959103927 -0.18215367197990417
v -0.0305500365793705 0.0003221784718334675 -0.1823444366455078
v -0.0305500365793705 0.0010613686172291636 -0.18260891735553741
v -0.0305500365793705 0.0017710744868963957 -0.18294459581375122
v -0.0305500365793705 0.0024444626178592443 -0.18334820866584778
v -0.0305500365793705 0.0030750464648008347 -0.1838158667087555
v -0.0305500365793705 0.0036567547358572483 -0.1843430995941162
v -0.0305500365793705 0.004183983895927668 -0.18492482602596283
v -0.0305500365793705 0.004651656374335289 -0.18555541336536407
v -0.0305500365793705 0.005055268760770559 -0.18622878193855286
v -0.0305500365793705 0.005390934180468321 -0.18693850934505463
v -0.0305500365793705 0.005655420012772083 -0.18767768144607544
v -0.0305500365793705 0.005846180021762848 -0.1884392499923706
v -0.0305500365793705 0.005961374845355749 -0.18921582400798798
v -0.0305500365793705 0.005999897141009569 -0.18999995291233063
v -0.03055005520582199 0.005999883636832237 -0.2239999771118164
v -0.03055005520582199 0.00596136087551713 -0.22478410601615906
v -0.03055005520582199 0.005846164654940367 -0.22556069493293762
v -0.03055005520582199 0.0056554051116108894 -0.2263222485780716
v -0.03055005520582199 0.005390919279307127 -0.2270614355802536
v -0.03055005520582199 0.0050552524626255035 -0.22777114808559418
v -0.03055005520582199 0.004651639144867659 -0.22844453155994415
v -0.03055005520582199 0.0041839671321213245 -0.2290751188993454
v -0.03055005520582199 0.003656737506389618 -0.22965683043003082
v -0.03055005520582199 0.0030750292353332043 -0.23018406331539154
v -0.03055006079375744 0.002444443991407752 -0.23065173625946045
v -0.03055006079375744 0.0017710566753521562 -0.2310553342103958
v -0.03055006079375744 0.0010613504564389586 -0.23139101266860962
v -0.03055006079375744 0.00032215987448580563 -0.23165549337863922
v -0.03055006079375744 -0.0004393947310745716 -0.23184625804424286
v -0.03055006079375744 -0.0012159801553934813 -0.2319614589214325
v -0.03055006079375744 -0.0020001172088086605 -0.2319999635219574
v -0.03055006079375744 -0.0027842537965625525 -0.2319614589214325
v -0.03055006079375744 -0.003560839220881462 -0.23184625804424286
v -0.03055006079375744 -0.004322393797338009 -0.23165549337863922
v -0.03055006079375744 -0.005061583127826452 -0.23139101266860962
v -0.03055006079375744 -0.005771290045231581 -0.2310553342103958
v -0.03055006079375744 -0.006444677710533142 -0.23065173625946045
v -0.03055006079375744 -0.007075261790305376 -0.23018406331539154
v -0.03055006079375744 -0.00765697006136179 -0.22965683043003082
v -0.03055005706846714 -0.008184198290109634 -0.2290751188993454
v -0.03055005706846714 -0.008651872165501118 -0.22844453155994415
v -0.03055005706846714 -0.009055485017597675 -0.22777114808559418
v -0.03055005706846714 -0.009391150437295437 -0.2270614355802536
v -0.03055005706846714 -0.009655637666583061 -0.2263222485780716
v -0.03055005706846714 -0.009846396744251251 -0.22556069493293762
v -0.03055005706846714 -0.00996159203350544 -0.22478410601615906
v -0.03055005706846714 -0.01000011246651411 -0.2239999771118164
v -0.028750039637088776 -0.010000099427998066 -0.18999998271465302
v -0.028750039637088776 -0.009961578994989395 -0.18921583890914917
v -0.028750039637088776 -0.009846382774412632 -0.1884392499923706
v -0.028750039637088776 -0.009655623696744442 -0.18767768144607544
v -0.028750039637088776 -0.009391136467456818 -0.18693850934505463
v -0.028750039637088776 -0.009055470116436481 -0.18622878193855286
v -0.028750035911798477 -0.00865185633301735 -0.18555541336536407
v -0.028750035911798477 -0.00818418338894844 -0.18492482602596283
v -0.028750037774443626 -0.007656953297555447 -0.1843430995941162
v -0.028750037774443626 -0.007075245957821608 -0.1838158667087555
v -0.028750037774443626 -0.006444659549742937 -0.18334820866584778
v -0.028750037774443626 -0.00577127281576395 -0.18294459581375122
v -0.028750037774443626 -0.005061565898358822 -0.18260891735553741
v -0.028750037774443626 -0.004322376102209091 -0.1823444366455078
v -0.028750037774443626 -0.0035608212929219007 -0.18215367197990417
v -0.028750037774443626 -0.002784235868602991 -0.18203848600387573
v -0.028750037774443626 -0.0020000990480184555 -0.18199996650218964
v -0.028750037774443626 -0.0012159619946032763 -0.18203848600387573
v -0.028750037774443626 -0.0004393767158035189 -0.18215367197990417
v -0.028750037774443626 0.00032217768603004515 -0.1823444366455078
v -0.02875003218650818 0.0010613679187372327 -0.18260891735553741
v -0.02875003218650818 0.0017710739048197865 -0.18294459581375122
v -0.02875003218650818 0.0024444619193673134 -0.18334820866584778
v -0.02875003218650818 0.0030750453006476164 -0.1838158667087555
v -0.028750037774443626 0.00365675357170403 -0.1843430995941162
v -0.028750037774443626 0.004183982498943806 -0.18492482602596283
v -0.028750037774443626 0.004651655443012714 -0.18555541336536407
v -0.028750037774443626 0.005055267363786697 -0.18622878193855286
v -0.028750037774443626 0.005390932783484459 -0.18693850934505463
v -0.028750037774443626 0.005655419547110796 -0.18767768144607544
v -0.028750037774443626 0.005846179090440273 -0.1884392499923706
v -0.028750037774443626 0.0059613739140331745 -0.18921582400798798
v -0.028750037774443626 0.0059998962096869946 -0.18999995291233063
v -0.02875005267560482 0.005999882705509663 -0.2239999771118164
v -0.02875005267560482 0.005961359478533268 -0.22478410601615906
v -0.02875005267560482 0.0058461641892790794 -0.22556069493293762
v -0.02875005640089512 0.005655404180288315 -0.2263222485780716
v -0.02875005640089512 0.005390917882323265 -0.2270614355802536
v -0.02875005640089512 0.005055251996964216 -0.22777114808559418
v -0.02875005640089512 0.004651638213545084 -0.22844453155994415
v -0.02875005640089512 0.004183965735137463 -0.2290751188993454
v -0.02875005640089512 0.0036567363422363997 -0.22965683043003082
v -0.02875005640089512 0.003075028071179986 -0.23018406331539154
v -0.02875005640089512 0.002444443292915821 -0.23065173625946045
v -0.02875005640089512 0.0017710558604449034 -0.2310553342103958
v -0.02875005640089512 0.0010613496415317059 -0.23139101266860962
v -0.02875005640089512 0.00032215911778621376 -0.23165549337863922
v -0.028750061988830566 -0.00043939551687799394 -0.23184625804424286
v -0.028750061988830566 -0.001215980970300734 -0.2319614589214325
v -0.028750061988830566 -0.0020001179073005915 -0.2319999635219574
v -0.028750061988830566 -0.002784254727885127 -0.2319614589214325
v -0.028750061988830566 -0.0035608401522040367 -0.23184625804424286
v -0.028750061988830566 -0.004322395194321871 -0.23165549337863922
v -0.028750061988830566 -0.005061584524810314 -0.23139101266860962
v -0.028750061988830566 -0.005771290045231581 -0.2310553342103958
v -0.028750061988830566 -0.006444678641855717 -0.23065173625946045
v -0.028750061988830566 -0.007075263187289238 -0.23018406331539154
v -0.028750061988830566 -0.007656970527023077 -0.22965683043003082
v -0.028750060126185417 -0.008184200152754784 -0.2290751188993454
v -0.028750060126185417 -0.008651873096823692 -0.22844453155994415
v -0.028750060126185417 -0.00905548594892025 -0.22777114808559418
v -0.028750060126185417 -0.009391151368618011 -0.2270614355802536
v -0.028750060126185417 -0.009655638597905636 -0.2263222485780716
v -0.028750060126185417 -0.009846397675573826 -0.22556069493293762
v -0.02875005453824997 -0.009961592964828014 -0.22478410601615906
v -0.02875005453824997 -0.01000011432915926 -0.2239999771118164
v -0.028749996796250343 -0.010000115260481834 -0.2239999771118164
v -0.028749996796250343 -0.009961594827473164 -0.22321584820747375
v -0.028749996796250343 -0.0098463986068964 -0.2224392592906952
v -0.028749996796250343 -0.009655638597905636 -0.22167770564556122
v -0.028749996796250343 -0.009391151368618011 -0.2209385335445404
v -0.028749993070960045 -0.009055485017597675 -0.22022880613803864
v -0.028749993070960045 -0.008651871234178543 -0.21955543756484985
v -0.028749993070960045 -0.008184198290109634 -0.21892482042312622
v -0.028749994933605194 -0.007656969595700502 -0.218343123793602
v -0.028749994933605194 -0.0070752608589828014 -0.21781589090824127
v -0.028749994933605194 -0.006444675847887993 -0.21734823286533356
v -0.028749994933605194 -0.005771287716925144 -0.216944620013237
v -0.028749994933605194 -0.005061580799520016 -0.2166089564561844
v -0.028749994933605194 -0.00432239193469286 -0.2163444459438324
v -0.028749994933605194 -0.0035608368925750256 -0.21615371108055115
v -0.028749994933605194 -0.002784251468256116 -0.2160385102033615
v -0.028749994933605194 -0.0020001144148409367 -0.21599997580051422
v -0.028749994933605194 -0.0012159774778410792 -0.2160385102033615
v -0.028749994933605194 -0.0004393921990413219 -0.21615369617938995
v -0.028749994933605194 0.00032216220279224217 -0.2163444459438324
v -0.028749994933605194 0.0010613524354994297 -0.2166089415550232
v -0.028749994933605194 0.0017710584215819836 -0.216944620013237
v -0.028749994933605194 0.0024444463197141886 -0.21734823286533356
v -0.028749994933605194 0.003075030166655779 -0.21781589090824127
v -0.028749994933605194 0.0036567377392202616 -0.218343123793602
v -0.028749994933605194 0.004183967597782612 -0.21892482042312622
v -0.028749994933605194 0.004651640076190233 -0.21955543756484985
v -0.028749994933605194 0.0050552524626255035 -0.22022880613803864
v -0.028749994933605194 0.005390917882323265 -0.2209385335445404
v -0.028749994933605194 0.005655404180288315 -0.22167770564556122
v -0.028749994933605194 0.005846163257956505 -0.2224392592906952
v -0.028749994933605194 0.005961358547210693 -0.22321584820747375
v -0.028749994933605194 0.005999880842864513 -0.2239999771118164
v -0.028750000521540642 0.005999870132654905 -0.24799999594688416
v -0.028750000521540642 0.005961347837001085 -0.2487841248512268
v -0.028750000521540642 0.005846151616424322 -0.24956069886684418
v -0.028750000521540642 0.005655392073094845 -0.25032225251197815
v -0.028750000521540642 0.005390906240791082 -0.25106146931648254
v -0.02875000424683094 0.005055239424109459 -0.25177115201950073
v -0.02875000424683094 0.004651625640690327 -0.2524445652961731
v -0.02875000424683094 0.004183953162282705 -0.25307515263557434
v -0.02875000424683094 0.003656724002212286 -0.2536568343639374
v -0.02875000424683094 0.0030750157311558723 -0.2541840672492981
v -0.02875000424683094 0.0024444307200610638 -0.2546517252922058
v -0.02875000424683094 0.0017710431711748242 -0.25505533814430237
v -0.02875000424683094 0.0010613369522616267 -0.25539103150367737
v -0.02875000424683094 0.0003221464285161346 -0.25565552711486816
v -0.02875000424683094 -0.0004394082061480731 -0.2558462619781494
v -0.02875000424683094 -0.0012159936595708132 -0.25596144795417786
v -0.02875000424683094 -0.0020001304801553488 -0.25599998235702515
v -0.02875000424683094 -0.002784267533570528 -0.25596144795417786
v -0.02875000424683094 -0.0035608529578894377 -0.2558462619781494
v -0.02875000424683094 -0.004322407767176628 -0.25565552711486816
v -0.02875000424683094 -0.005061596166342497 -0.25539103150367737
v -0.02875000424683094 -0.005771303083747625 -0.25505533814430237
v -0.02875000424683094 -0.006444691214710474 -0.2546517252922058
v -0.02875000424683094 -0.007075275294482708 -0.2541840672492981
v -0.02875000424683094 -0.007656982634216547 -0.2536568343639374
v -0.02875000238418579 -0.008184212259948254 -0.25307515263557434
v -0.02875000238418579 -0.008651886135339737 -0.2524445652961731
v -0.02875000238418579 -0.00905549805611372 -0.25177115201950073
v -0.02875000238418579 -0.009391163475811481 -0.25106146931648254
v -0.02875000238418579 -0.009655650705099106 -0.25032225251197815
v -0.02875000238418579 -0.00984641071408987 -0.24956069886684418
v -0.02875000238418579 -0.009961605072021484 -0.2487841248512268
v -0.02875000238418579 -0.010000127367675304 -0.24799999594688416
v -0.026949994266033173 -0.010000116191804409 -0.2239999771118164
v -0.026949994266033173 -0.009961596690118313 -0.22321584820747375
v -0.026949994266033173 -0.00984640046954155 -0.2224392592906952
v -0.026949994266033173 -0.009655640460550785 -0.22167770564556122
v -0.026949994266033173 -0.00939115323126316 -0.2209385335445404
v -0.026949994266033173 -0.009055486880242825 -0.22022880613803864
v -0.026949994266033173 -0.008651873096823692 -0.21955543756484985
v -0.026949994266033173 -0.008184200152754784 -0.21892482042312622
v -0.026949996128678322 -0.007656970527023077 -0.218343123793602
v -0.026949996128678322 -0.007075262721627951 -0.21781589090824127
v -0.026949996128678322 -0.00644467631354928 -0.21734823286533356
v -0.026949996128678322 -0.005771288648247719 -0.216944620013237
v -0.026949996128678322 -0.005061582662165165 -0.2166089564561844
v -0.026949996128678322 -0.004322392400354147 -0.2163444459438324
v -0.026949996128678322 -0.003560837125405669 -0.21615371108055115
v -0.026949996128678322 -0.0027842517010867596 -0.2160385102033615
v -0.026949996128678322 -0.0020001151133328676 -0.21599997580051422
v -0.026949996128678322 -0.0012159781763330102 -0.2160385102033615
v -0.026949996128678322 -0.0004393926647026092 -0.21615371108055115
v -0.026949996128678322 0.00032216173713095486 -0.2163444459438324
v -0.026949996128678322 0.0010613519698381424 -0.2166089564561844
v -0.026949996128678322 0.0017710579559206963 -0.216944620013237
v -0.026949996128678322 0.0024444458540529013 -0.21734823286533356
v -0.026949996128678322 0.0030750292353332043 -0.21781589090824127
v -0.026949996128678322 0.003656736807897687 -0.218343123793602
v -0.026949996128678322 0.004183966666460037 -0.21892482042312622
v -0.026949996128678322 0.004651638679206371 -0.21955543756484985
v -0.026949996128678322 0.005055251065641642 -0.22022880613803864
v -0.026949996128678322 0.005390916019678116 -0.2209385335445404
v -0.026949996128678322 0.005655402783304453 -0.22167770564556122
v -0.026949996128678322 0.005846161860972643 -0.2224392592906952
v -0.026949996128678322 0.005961356684565544 -0.22321584820747375
v -0.026949996128678322 0.0059998794458806515 -0.2239999771118164
v -0.02695000171661377 0.005999868270009756 -0.24799999594688416
v -0.02695000171661377 0.005961346440017223 -0.2487841248512268
v -0.02695000171661377 0.00584615021944046 -0.24956069886684418
v -0.02695000171661377 0.005655390210449696 -0.25032225251197815
v -0.02695000171661377 0.0053909048438072205 -0.25106146931648254
v -0.02695000171661377 0.005055238492786884 -0.25177115201950073
v -0.02695000171661377 0.004651624243706465 -0.2524445652961731
v -0.02695000171661377 0.004183952230960131 -0.25307515263557434
v -0.02695000171661377 0.0036567230708897114 -0.2536568343639374
v -0.02695000171661377 0.0030750147998332977 -0.2541840672492981
v -0.02695000171661377 0.0024444302543997765 -0.2546517252922058
v -0.02695000171661377 0.0017710428219288588 -0.25505533814430237
v -0.02695000171661377 0.0010613364866003394 -0.25539103150367737
v -0.026950005441904068 0.00032214599195867777 -0.25565552711486816
v -0.026950005441904068 -0.00043940864270552993 -0.2558462619781494
v -0.026950005441904068 -0.0012159942416474223 -0.25596144795417786
v -0.026950005441904068 -0.002000130945816636 -0.25599998235702515
v -0.026950005441904068 -0.0027842677664011717 -0.25596144795417786
v -0.026950005441904068 -0.0035608531907200813 -0.2558462619781494
v -0.026950005441904068 -0.004322407767176628 -0.25565552711486816
v -0.026950005441904068 -0.005061597563326359 -0.25539103150367737
v -0.026950005441904068 -0.005771303549408913 -0.25505533814430237
v -0.026950005441904068 -0.006444692611694336 -0.2546517252922058
v -0.026950005441904068 -0.007075276225805283 -0.2541840672492981
v -0.026950005441904068 -0.007656984496861696 -0.2536568343639374
v -0.02695000357925892 -0.008184213191270828 -0.25307515263557434
v -0.02695000357925892 -0.008651887997984886 -0.2524445652961731
v -0.02695000357925892 -0.00905549991875887 -0.25177115201950073
v -0.02695000357925892 -0.009391164407134056 -0.25106146931648254
v -0.02695000357925892 -0.009655652567744255 -0.25032225251197815
v -0.02695000357925892 -0.009846411645412445 -0.24956069886684418
v -0.02695000357925892 -0.009961606003344059 -0.2487841248512268
v -0.02695000357925892 -0.010000127367675304 -0.24799999594688416
v -0.02304999902844429 -0.010000115260481834 -0.2239999771118164
v -0.02304999902844429 -0.009961592964828014 -0.22321584820747375
v -0.02304999902844429 -0.009846396744251251 -0.2224392592906952
v -0.02304999902844429 -0.009655637666583061 -0.22167770564556122
v -0.02304999902844429 -0.009391150437295437 -0.2209385335445404
v -0.02304999530315399 -0.0090554840862751 -0.22022880613803864
v -0.02304999530315399 -0.008651870302855968 -0.21955543756484985
v -0.02304999530315399 -0.00818419735878706 -0.21892482042312622
v -0.02304999716579914 -0.007656967733055353 -0.218343123793602
v -0.02304999716579914 -0.0070752594619989395 -0.21781589090824127
v -0.02304999716579914 -0.006444673985242844 -0.21734823286533356
v -0.02304999716579914 -0.005771286319941282 -0.216944620013237
v -0.02304999716579914 -0.005061579868197441 -0.2166089564561844
v -0.02304999716579914 -0.00432239007204771 -0.2163444459438324
v -0.02304999716579914 -0.0035608350299298763 -0.21615371108055115
v -0.02304999716579914 -0.0027842496056109667 -0.2160385102033615
v -0.02304999716579914 -0.002000112785026431 -0.21599997580051422
v -0.02304999716579914 -0.0012159758480265737 -0.2160385102033615
v -0.02304999716579914 -0.0004393905692268163 -0.21615369617938995
v -0.02304999716579914 0.00032216383260674775 -0.2163444459438324
v -0.02304999716579914 0.0010613539488986135 -0.2166089415550232
v -0.02304999716579914 0.0017710600513964891 -0.216944620013237
v -0.02304999716579914 0.002444447949528694 -0.21734823286533356
v -0.02304999716579914 0.0030750317964702845 -0.21781589090824127
v -0.02304999716579914 0.003656739601865411 -0.218343123793602
v -0.02304999716579914 0.004183968994766474 -0.21892482042312622
v -0.02304999716579914 0.004651641473174095 -0.21955543756484985
v -0.02304999716579914 0.0050552538596093655 -0.22022880613803864
v -0.02304999716579914 0.005390919279307127 -0.2209385335445404
v -0.02304999716579914 0.005655406042933464 -0.22167770564556122
v -0.02304999716579914 0.005846164654940367 -0.2224392592906952
v -0.02304999716579914 0.005961359478533268 -0.22321584820747375
v -0.02304999716579914 0.005999882705509663 -0.2239999771118164
v -0.02305000275373459 0.005999871529638767 -0.24799999594688416
v -0.02305000275373459 0.005961349233984947 -0.2487841248512268
v -0.02305000275373459 0.005846153479069471 -0.24956069886684418
v -0.02305000275373459 0.005655393470078707 -0.25032225251197815
v -0.02305000275373459 0.005390908103436232 -0.25106146931648254
v -0.023050006479024887 0.005055241286754608 -0.25177115201950073
v -0.023050006479024887 0.004651627037674189 -0.2524445652961731
v -0.023050006479024887 0.0041839550249278545 -0.25307515263557434
v -0.023050006479024887 0.0036567258648574352 -0.2536568343639374
v -0.023050006479024887 0.0030750175938010216 -0.2541840672492981
v -0.023050006479024887 0.0024444323498755693 -0.2546517252922058
v -0.023050006479024887 0.0017710448009893298 -0.25505533814430237
v -0.023050006479024887 0.0010613385820761323 -0.25539103150367737
v -0.023050006479024887 0.00032214808743447065 -0.25565552711486816
v -0.023050006479024887 -0.00043940654722973704 -0.2558462619781494
v -0.023050006479024887 -0.0012159920297563076 -0.25596144795417786
v -0.023050006479024887 -0.002000128850340843 -0.25599998235702515
v -0.023050006479024887 -0.002784265670925379 -0.25596144795417786
v -0.023050006479024887 -0.0035608510952442884 -0.2558462619781494
v -0.023050006479024887 -0.004322405904531479 -0.25565552711486816
v -0.023050006479024887 -0.005061595235019922 -0.25539103150367737
v -0.023050006479024887 -0.005771301221102476 -0.25505533814430237
v -0.023050006479024887 -0.006444690283387899 -0.2546517252922058
v -0.023050006479024887 -0.007075273431837559 -0.2541840672492981
v -0.023050006479024887 -0.007656981237232685 -0.2536568343639374
v -0.023050004616379738 -0.008184210397303104 -0.25307515263557434
v -0.023050004616379738 -0.008651885204017162 -0.2524445652961731
v -0.023050004616379738 -0.00905549619346857 -0.25177115201950073
v -0.023050004616379738 -0.009391161613166332 -0.25106146931648254
v -0.023050004616379738 -0.009655649773776531 -0.25032225251197815
v -0.023050004616379738 -0.009846408851444721 -0.24956069886684418
v -0.023050004616379738 -0.009961603209376335 -0.2487841248512268
v -0.023050004616379738 -0.010000125505030155 -0.24799999594688416
v -0.02124999649822712 -0.010000115260481834 -0.2239999771118164
v -0.02124999649822712 -0.009961593896150589 -0.22321584820747375
v -0.02124999649822712 -0.0098463986068964 -0.2224392592906952
v -0.02124999649822712 -0.009655638597905636 -0.22167770564556122
v -0.02124999649822712 -0.009391151368618011 -0.2209385335445404
v -0.02124999649822712 -0.009055485017597675 -0.22022880613803864
v -0.02124999649822712 -0.008651871234178543 -0.21955543756484985
v -0.02124999649822712 -0.00818419735878706 -0.21892482042312622
v -0.02124999836087227 -0.007656968664377928 -0.218343123793602
v -0.02124999836087227 -0.007075260393321514 -0.21781589090824127
v -0.02124999836087227 -0.006444674450904131 -0.21734823286533356
v -0.02124999836087227 -0.005771286319941282 -0.216944620013237
v -0.02124999836087227 -0.005061580333858728 -0.2166089564561844
v -0.02124999836087227 -0.004322391003370285 -0.2163444459438324
v -0.02124999836087227 -0.0035608357284218073 -0.21615371108055115
v -0.02124999836087227 -0.0027842503041028976 -0.2160385102033615
v -0.02124999836087227 -0.002000113483518362 -0.21599997580051422
v -0.02124999836087227 -0.0012159764301031828 -0.2160385102033615
v -0.02124999836087227 -0.00043939106399193406 -0.21615371108055115
v -0.02124999836087227 0.00032216333784163 -0.2163444459438324
v -0.02124999836087227 0.001061353599652648 -0.2166089564561844
v -0.02124999836087227 0.00177105946931988 -0.216944620013237
v -0.02124999836087227 0.0024444477166980505 -0.21734823286533356
v -0.02124999836087227 0.003075030632317066 -0.21781589090824127
v -0.02124999836087227 0.0036567384377121925 -0.218343123793602
v -0.02124999836087227 0.004183967597782612 -0.21892482042312622
v -0.02124999836087227 0.0046516405418515205 -0.21955543756484985
v -0.02124999836087227 0.005055253393948078 -0.22022880613803864
v -0.02124999836087227 0.00539091881364584 -0.2209385335445404
v -0.02124999836087227 0.005655404645949602 -0.22167770564556122
v -0.02124999836087227 0.005846163257956505 -0.2224392592906952
v -0.02124999836087227 0.005961359012871981 -0.22321584820747375
v -0.02124999836087227 0.005999881308525801 -0.2239999771118164
v -0.021250003948807716 0.005999870598316193 -0.24799999594688416
v -0.021250003948807716 0.005961348302662373 -0.2487841248512268
v -0.021250003948807716 0.0058461520820856094 -0.24956069886684418
v -0.021250003948807716 0.005655393004417419 -0.25032225251197815
v -0.021250003948807716 0.00539090670645237 -0.25106146931648254
v -0.021250003948807716 0.0050552403554320335 -0.25177115201950073
v -0.021250003948807716 0.004651625640690327 -0.2524445652961731
v -0.021250003948807716 0.004183953627943993 -0.25307515263557434
v -0.021250003948807716 0.003656724700704217 -0.2536568343639374
v -0.021250003948807716 0.0030750164296478033 -0.2541840672492981
v -0.021250003948807716 0.002444431884214282 -0.2546517252922058
v -0.021250003948807716 0.0017710444517433643 -0.25505533814430237
v -0.021250003948807716 0.0010613382328301668 -0.25539103150367737
v -0.021250009536743164 0.0003221475926693529 -0.25565552711486816
v -0.021250009536743164 -0.00043940701289102435 -0.2558462619781494
v -0.021250009536743164 -0.0012159926118329167 -0.25596144795417786
v -0.021250009536743164 -0.0020001293160021305 -0.25599998235702515
v -0.021250009536743164 -0.0027842663694173098 -0.25596144795417786
v -0.021250009536743164 -0.0035608517937362194 -0.2558462619781494
v -0.021250009536743164 -0.0043224068358540535 -0.25565552711486816
v -0.021250009536743164 -0.0050615957006812096 -0.25539103150367737
v -0.021250009536743164 -0.005771301686763763 -0.25505533814430237
v -0.021250009536743164 -0.006444690283387899 -0.2546517252922058
v -0.021250009536743164 -0.007075274363160133 -0.2541840672492981
v -0.021250009536743164 -0.007656981702893972 -0.2536568343639374
v -0.021250005811452866 -0.008184212259948254 -0.25307515263557434
v -0.021250005811452866 -0.008651885204017162 -0.2524445652961731
v -0.021250005811452866 -0.00905549805611372 -0.25177115201950073
v -0.021250005811452866 -0.009391163475811481 -0.25106146931648254
v -0.021250005811452866 -0.009655650705099106 -0.25032225251197815
v -0.021250005811452866 -0.009846409782767296 -0.24956069886684418
v -0.021250005811452866 -0.00996160414069891 -0.2487841248512268
v -0.021250005811452866 -0.010000127367675304 -0.24799999594688416
v -0.02124999649822712 -0.010000129230320454 -0.24799995124340057
v -0.02124999649822712 -0.009961606934666634 -0.24721582233905792
v -0.02124999649822712 -0.009846411645412445 -0.24643924832344055
v -0.02124999649822712 -0.00965565163642168 -0.24567767977714539
v -0.02124999649822712 -0.009391164407134056 -0.24493850767612457
v -0.02124999277293682 -0.00905549805611372 -0.2442287802696228
v -0.02124999277293682 -0.008651884272694588 -0.24355541169643402
v -0.02124999277293682 -0.008184210397303104 -0.24292480945587158
v -0.02124999463558197 -0.007656981702893972 -0.24234309792518616
v -0.02124999463558197 -0.007075273431837559 -0.24181586503982544
v -0.02124999463558197 -0.00644468842074275 -0.24134820699691772
v -0.02124999463558197 -0.005771300755441189 -0.24094459414482117
v -0.02124999463558197 -0.005061593372374773 -0.24060894548892975
v -0.02124999463558197 -0.004322404507547617 -0.24034442007541656
v -0.02124999463558197 -0.0035608496982604265 -0.24015368521213531
v -0.02124999463558197 -0.002784264273941517 -0.24003848433494568
v -0.02124999463558197 -0.0020001272205263376 -0.23999996483325958
v -0.02124999463558197 -0.0012159901671111584 -0.24003848433494568
v -0.02124999463558197 -0.00043940491741523147 -0.24015367031097412
v -0.02124999463558197 0.0003221494844183326 -0.24034442007541656
v -0.02124999463558197 0.0010613397462293506 -0.24060891568660736
v -0.02124999463558197 0.0017710456158965826 -0.24094459414482117
v -0.02124999463558197 0.0024444337468594313 -0.24134820699691772
v -0.02124999463558197 0.003075017360970378 -0.24181586503982544
v -0.02124999463558197 0.0036567249335348606 -0.24234309792518616
v -0.02124999463558197 0.004183954559266567 -0.24292480945587158
v -0.02124999463558197 0.004651627503335476 -0.24355541169643402
v -0.02124999463558197 0.005055239424109459 -0.2442287802696228
v -0.02124999463558197 0.005390905309468508 -0.24493850767612457
v -0.02124999463558197 0.0056553916074335575 -0.24567767977714539
v -0.02124999463558197 0.00584615021944046 -0.24643924832344055
v -0.02124999463558197 0.005961345974355936 -0.24721582233905792
v -0.02124999463558197 0.005999868270009756 -0.24799995124340057
v -0.02124999836087227 0.005999857559800148 -0.27199995517730713
v -0.02124999836087227 0.005961335264146328 -0.27278411388397217
v -0.02124999836087227 0.005846139043569565 -0.27356070280075073
v -0.02124999836087227 0.0056553790345788 -0.2743222415447235
v -0.02124999836087227 0.005390893667936325 -0.2750614285469055
v -0.021250003948807716 0.005055226851254702 -0.2757711410522461
v -0.021250003948807716 0.004651612602174282 -0.27644452452659607
v -0.021250003948807716 0.004183940589427948 -0.2770751118659973
v -0.021250003948807716 0.0036567114293575287 -0.27765682339668274
v -0.021250003948807716 0.003075003158301115 -0.27818405628204346
v -0.021250003948807716 0.002444417914375663 -0.27865171432495117
v -0.021250003948807716 0.001771030598320067 -0.27905532717704773
v -0.021250003948807716 0.0010613243794068694 -0.27939099073410034
v -0.021250003948807716 0.00032213376834988594 -0.27965548634529114
v -0.021250003948807716 -0.00043942086631432176 -0.2798462510108948
v -0.021250003948807716 -0.0012160062324255705 -0.2799614667892456
v -0.021250003948807716 -0.0020001432858407497 -0.2799999713897705
v -0.021250003948807716 -0.002784280339255929 -0.2799614667892456
v -0.021250003948807716 -0.003560865530744195 -0.2798462510108948
v -0.021250003948807716 -0.004322420340031385 -0.27965548634529114
v -0.021250003948807716 -0.005061608739197254 -0.27939099073410034
v -0.021250003948807716 -0.005771315656602383 -0.27905532717704773
v -0.021250003948807716 -0.006444704253226519 -0.27865171432495117
v -0.021250003948807716 -0.007075287401676178 -0.27818405628204346
v -0.021250003948807716 -0.007656995672732592 -0.27765682339668274
v -0.021250002086162567 -0.008184225298464298 -0.2770751118659973
v -0.021250002086162567 -0.008651899173855782 -0.27644452452659607
v -0.021250002086162567 -0.009055511094629765 -0.2757711410522461
v -0.021250002086162567 -0.009391176514327526 -0.2750614285469055
v -0.021250002086162567 -0.00965566374361515 -0.2743222415447235
v -0.021250002086162567 -0.00984642282128334 -0.27356070280075073
v -0.021250002086162567 -0.009961618110537529 -0.27278411388397217
v -0.021250002086162567 -0.010000140406191349 -0.27199995517730713
v -0.019450005143880844 -0.010000129230320454 -0.24799995124340057
v -0.019450005143880844 -0.009961608797311783 -0.24721582233905792
v -0.019450005143880844 -0.00984641257673502 -0.24643924832344055
v -0.019450005143880844 -0.00965565349906683 -0.24567767977714539
v -0.019450005143880844 -0.009391166269779205 -0.24493850767612457
v -0.019450005143880844 -0.00905549991875887 -0.2442287802696228
v -0.019450005143880844 -0.008651886135339737 -0.24355541169643402
v -0.019450005143880844 -0.008184212259948254 -0.24292480945587158
v -0.01944999396800995 -0.007656983099877834 -0.24234309792518616
v -0.01944999396800995 -0.007075275294482708 -0.24181586503982544
v -0.01944999396800995 -0.006444689352065325 -0.24134820699691772
v -0.01944999396800995 -0.005771301221102476 -0.24094459414482117
v -0.01944999396800995 -0.005061595235019922 -0.24060894548892975
v -0.01944999396800995 -0.004322404973208904 -0.24034442007541656
v -0.01944999396800995 -0.00356084993109107 -0.24015368521213531
v -0.01944999396800995 -0.0027842645067721605 -0.24003848433494568
v -0.01944999396800995 -0.002000127686187625 -0.23999996483325958
v -0.01944999396800995 -0.0012159907491877675 -0.24003848433494568
v -0.01944999396800995 -0.00043940541218034923 -0.24015368521213531
v -0.01944999396800995 0.0003221490478608757 -0.24034442007541656
v -0.01944999396800995 0.0010613392805680633 -0.24060894548892975
v -0.01944999396800995 0.0017710451502352953 -0.24094459414482117
v -0.01944999396800995 0.002444433281198144 -0.24134820699691772
v -0.01944999396800995 0.0030750164296478033 -0.24181586503982544
v -0.01944999396800995 0.003656724002212286 -0.24234309792518616
v -0.019449995830655098 0.004183953627943993 -0.24292480945587158
v -0.019449995830655098 0.004651626572012901 -0.24355541169643402
v -0.019449995830655098 0.005055238492786884 -0.2442287802696228
v -0.019449995830655098 0.005390903912484646 -0.24493850767612457
v -0.019449995830655098 0.005655389744788408 -0.24567767977714539
v -0.019449995830655098 0.005846149288117886 -0.24643924832344055
v -0.019449995830655098 0.005961344111710787 -0.24721582233905792
v -0.019449995830655098 0.005999866407364607 -0.24799995124340057
v -0.019450005143880844 0.005999855697154999 -0.27199995517730713
v -0.019450005143880844 0.005961333401501179 -0.27278411388397217
v -0.019450005143880844 0.005846137646585703 -0.27356070280075073
v -0.019450005143880844 0.005655378103256226 -0.2743222415447235
v -0.019450005143880844 0.005390891805291176 -0.2750614285469055
v -0.019450005143880844 0.005055225919932127 -0.2757711410522461
v -0.019450005143880844 0.0046516116708517075 -0.27644452452659607
v -0.019450005143880844 0.004183939658105373 -0.2770751118659973
v -0.019450005143880844 0.0036567107308655977 -0.27765682339668274
v -0.019450005143880844 0.003075002459809184 -0.27818405628204346
v -0.019450005143880844 0.0024444174487143755 -0.27865171432495117
v -0.019450005143880844 0.0017710301326587796 -0.27905532717704773
v -0.019450005143880844 0.0010613237973302603 -0.27939099073410034
v -0.019450005143880844 0.00032213330268859863 -0.27965548634529114
v -0.019450005143880844 -0.00043942133197560906 -0.2798462510108948
v -0.019450005143880844 -0.0012160069309175014 -0.2799614667892456
v -0.019450005143880844 -0.002000143751502037 -0.2799999713897705
v -0.019450005143880844 -0.0027842805720865726 -0.2799614667892456
v -0.019450005143880844 -0.0035608659964054823 -0.2798462510108948
v -0.019450003281235695 -0.004322420805692673 -0.27965548634529114
v -0.019450003281235695 -0.005061610601842403 -0.27939099073410034
v -0.019450003281235695 -0.005771316587924957 -0.27905532717704773
v -0.019450003281235695 -0.006444705184549093 -0.27865171432495117
v -0.019450003281235695 -0.007075289264321327 -0.27818405628204346
v -0.019450003281235695 -0.007656996604055166 -0.27765682339668274
v -0.019450005143880844 -0.008184227161109447 -0.2770751118659973
v -0.019450005143880844 -0.008651900105178356 -0.27644452452659607
v -0.019450005143880844 -0.00905551202595234 -0.2757711410522461
v -0.019450005143880844 -0.009391178376972675 -0.2750614285469055
v -0.019450005143880844 -0.0096556656062603 -0.2743222415447235
v -0.019450005143880844 -0.009846423752605915 -0.27356070280075073
v -0.019450005143880844 -0.009961619041860104 -0.27278411388397217
v -0.019450005143880844 -0.010000140406191349 -0.27199995517730713
v -0.030550001189112663 -0.010000129230320454 -0.24799995124340057
v -0.030550001189112663 -0.009961607865989208 -0.24721582233905792
v -0.030550001189112663 -0.009846411645412445 -0.24643924832344055
v -0.030550001189112663 -0.009655652567744255 -0.24567767977714539
v -0.030550001189112663 -0.00939116533845663 -0.24493850767612457
v -0.030549995601177216 -0.009055498987436295 -0.2442287802696228
v -0.030549995601177216 -0.008651885204017162 -0.24355541169643402
v -0.030549995601177216 -0.008184212259948254 -0.24292480945587158
v -0.030549997463822365 -0.007656982634216547 -0.24234309792518616
v -0.030549997463822365 -0.007075274363160133 -0.24181586503982544
v -0.030549997463822365 -0.0064446888864040375 -0.24134820699691772
v -0.030549997463822365 -0.005771301221102476 -0.24094459414482117
v -0.030549997463822365 -0.005061594769358635 -0.24060894548892975
v -0.030549997463822365 -0.004322404973208904 -0.24034442007541656
v -0.030549997463822365 -0.003560850163921714 -0.24015368521213531
v -0.030549997463822365 -0.0027842645067721605 -0.24003848433494568
v -0.030549997463822365 -0.0020001279190182686 -0.23999996483325958
v -0.030549997463822365 -0.0012159908656030893 -0.24003848433494568
v -0.030549997463822365 -0.00043940558680333197 -0.24015367031097412
v -0.030549997463822365 0.00032214881503023207 -0.24034442007541656
v -0.030549997463822365 0.0010613390477374196 -0.24060891568660736
v -0.030549997463822365 0.0017710448009893298 -0.24094459414482117
v -0.030549997463822365 0.0024444328155368567 -0.24134820699691772
v -0.030549997463822365 0.003075016662478447 -0.24181586503982544
v -0.030549997463822365 0.0036567244678735733 -0.24234309792518616
v -0.030549997463822365 0.00418395409360528 -0.24292480945587158
v -0.030549997463822365 0.004651626572012901 -0.24355541169643402
v -0.030549997463822365 0.005055238958448172 -0.2442287802696228
v -0.030549997463822365 0.005390904378145933 -0.24493850767612457
v -0.030549997463822365 0.00565539114177227 -0.24567767977714539
v -0.030549997463822365 0.005846149753779173 -0.24643924832344055
v -0.030549997463822365 0.005961344577372074 -0.24721582233905792
v -0.030549997463822365 0.0059998673386871815 -0.24799995124340057
v -0.030550003051757812 0.005999856628477573 -0.27199995517730713
v -0.030550003051757812 0.005961333867162466 -0.27278411388397217
v -0.030550003051757812 0.0058461385779082775 -0.27356070280075073
v -0.030550003051757812 0.005655378568917513 -0.2743222415447235
v -0.030550003051757812 0.005390892270952463 -0.2750614285469055
v -0.03055000677704811 0.005055226385593414 -0.2757711410522461
v -0.03055000677704811 0.004651612136512995 -0.27644452452659607
v -0.03055000677704811 0.004183940123766661 -0.2770751118659973
v -0.03055000677704811 0.0036567109636962414 -0.27765682339668274
v -0.03055000677704811 0.0030750026926398277 -0.27818405628204346
v -0.03055000677704811 0.002444416983053088 -0.27865171432495117
v -0.03055000677704811 0.0017710297834128141 -0.27905532717704773
v -0.03055000677704811 0.0010613235644996166 -0.27939099073410034
v -0.03055000677704811 0.000322133069857955 -0.27965548634529114
v -0.03055000677704811 -0.0004394215648062527 -0.2798462510108948
v -0.03055000677704811 -0.0012160069309175014 -0.2799614667892456
v -0.03055000677704811 -0.0020001442171633244 -0.2799999713897705
v -0.03055000677704811 -0.0027842805720865726 -0.2799614667892456
v -0.03055000677704811 -0.0035608659964054823 -0.2798462510108948
v -0.03055000677704811 -0.004322420805692673 -0.27965548634529114
v -0.03055000677704811 -0.005061610136181116 -0.27939099073410034
v -0.03055000677704811 -0.00577131612226367 -0.27905532717704773
v -0.03055000677704811 -0.006444705184549093 -0.27865171432495117
v -0.03055000677704811 -0.00707528879866004 -0.27818405628204346
v -0.03055000677704811 -0.007656996138393879 -0.27765682339668274
v -0.03055000491440296 -0.008184225298464298 -0.2770751118659973
v -0.03055000491440296 -0.008651900105178356 -0.27644452452659607
v -0.03055000491440296 -0.009055511094629765 -0.2757711410522461
v -0.03055000491440296 -0.0093911774456501 -0.2750614285469055
v -0.03055000491440296 -0.009655664674937725 -0.2743222415447235
v -0.03055000491440296 -0.009846423752605915 -0.27356070280075073
v -0.03055000491440296 -0.009961619041860104 -0.27278411388397217
v -0.03055000491440296 -0.010000140406191349 -0.27199995517730713
v -0.028749996796250343 -0.010000131092965603 -0.24799995124340057
v -0.028749996796250343 -0.009961608797311783 -0.24721582233905792
v -0.028749996796250343 -0.009846413508057594 -0.24643924832344055
v -0.028749996796250343 -0.00965565349906683 -0.24567767977714539
v -0.028749996796250343 -0.009391166269779205 -0.24493850767612457
v -0.028749996796250343 -0.00905549991875887 -0.2442287802696228
v -0.028749996796250343 -0.008651886135339737 -0.24355541169643402
v -0.028749996796250343 -0.008184212259948254 -0.24292480945587158
v -0.028750000521540642 -0.007656983565539122 -0.24234309792518616
v -0.028750000521540642 -0.007075275294482708 -0.24181586503982544
v -0.028750000521540642 -0.006444689352065325 -0.24134820699691772
v -0.028750000521540642 -0.005771301686763763 -0.24094459414482117
v -0.028750000521540642 -0.005061595235019922 -0.24060894548892975
v -0.028750000521540642 -0.004322405904531479 -0.24034442007541656
v -0.028750000521540642 -0.003560850862413645 -0.24015368521213531
v -0.028750000521540642 -0.0027842652052640915 -0.24003848433494568
v -0.028750000521540642 -0.002000128384679556 -0.23999996483325958
v -0.028750000521540642 -0.0012159915640950203 -0.24003848433494568
v -0.028750000521540642 -0.00043940608156844974 -0.24015368521213531
v -0.028750000521540642 0.00032214834936894476 -0.24034442007541656
v -0.028750000521540642 0.0010613385820761323 -0.24060894548892975
v -0.028750000521540642 0.0017710445681586862 -0.24094459414482117
v -0.028750000521540642 0.002444432582706213 -0.24134820699691772
v -0.028750000521540642 0.0030750154983252287 -0.24181586503982544
v -0.028750000521540642 0.0036567230708897114 -0.24234309792518616
v -0.028750000521540642 0.004183952696621418 -0.24292480945587158
v -0.028750000521540642 0.004651625640690327 -0.24355541169643402
v -0.028750000521540642 0.00505523756146431 -0.2442287802696228
v -0.028750000521540642 0.005390903912484646 -0.24493850767612457
v -0.028750000521540642 0.005655389744788408 -0.24567767977714539
v -0.028750000521540642 0.005846148356795311 -0.24643924832344055
v -0.028750000521540642 0.005961344111710787 -0.24721582233905792
v -0.028750000521540642 0.005999866407364607 -0.24799995124340057
v -0.02875000424683094 0.005999855697154999 -0.27199995517730713
v -0.02875000424683094 0.005961333401501179 -0.27278411388397217
v -0.02875000424683094 0.005846137180924416 -0.27356070280075073
v -0.02875000424683094 0.005655378103256226 -0.2743222415447235
v -0.02875000424683094 0.005390891805291176 -0.2750614285469055
v -0.02875000424683094 0.00505522545427084 -0.2757711410522461
v -0.02875000424683094 0.004651610739529133 -0.27644452452659607
v -0.02875000424683094 0.004183938726782799 -0.2770751118659973
v -0.02875000424683094 0.003656709799543023 -0.27765682339668274
v -0.02875000424683094 0.0030750015284866095 -0.27818405628204346
v -0.02875000424683094 0.0024444167502224445 -0.27865171432495117
v -0.02875000424683094 0.0017710295505821705 -0.27905532717704773
v -0.02875000424683094 0.0010613230988383293 -0.27939099073410034
v -0.028750009834766388 0.0003221325750928372 -0.27965548634529114
v -0.028750009834766388 -0.0004394220595713705 -0.2798462510108948
v -0.028750009834766388 -0.0012160076294094324 -0.2799614667892456
v -0.028750009834766388 -0.002000144449993968 -0.2799999713897705
v -0.028750009834766388 -0.0027842812705785036 -0.2799614667892456
v -0.028750009834766388 -0.0035608666948974133 -0.2798462510108948
v -0.028750009834766388 -0.004322421737015247 -0.27965548634529114
v -0.028750009834766388 -0.005061610601842403 -0.27939099073410034
v -0.028750009834766388 -0.005771316587924957 -0.27905532717704773
v -0.028750009834766388 -0.006444705184549093 -0.27865171432495117
v -0.028750009834766388 -0.007075289264321327 -0.27818405628204346
v -0.028750009834766388 -0.007656997535377741 -0.27765682339668274
v -0.02875000610947609 -0.008184227161109447 -0.2770751118659973
v -0.02875000610947609 -0.008651900105178356 -0.27644452452659607
v -0.02875000610947609 -0.009055512957274914 -0.2757711410522461
v -0.02875000610947609 -0.009391178376972675 -0.2750614285469055
v -0.02875000610947609 -0.0096556656062603 -0.2743222415447235
v -0.02875000610947609 -0.00984642468392849 -0.27356070280075073
v -0.02875000610947609 -0.009961619041860104 -0.27278411388397217
v -0.02875000610947609 -0.010000141337513924 -0.27199995517730713
v -0.021250003948807716 0.005999856628477573 -0.27199995517730713
v -0.021250003948807716 0.005961333867162466 -0.27278411388397217
v -0.021250003948807716 0.005846137646585703 -0.27356070280075073
v -0.021250003948807716 0.005655378103256226 -0.2743222415447235
v -0.021250003948807716 0.005390892270952463 -0.2750614285469055
v -0.021250003948807716 0.005055225919932127 -0.2757711410522461
v -0.021250003948807716 0.0046516116708517075 -0.27644452452659607
v -0.021250003948807716 0.004183939192444086 -0.2770751118659973
v -0.021250003948807716 0.0036567102652043104 -0.27765682339668274
v -0.021250003948807716 0.0030750019941478968 -0.27818405628204346
v -0.021250003948807716 0.0024444174487143755 -0.27865171432495117
v -0.021250003948807716 0.001771029899828136 -0.27905532717704773
v -0.021250003948807716 0.0010613236809149384 -0.27939099073410034
v -0.021250013262033463 0.0003221331862732768 -0.27965548634529114
v -0.021250013262033463 -0.0004394214483909309 -0.2798462510108948
v -0.021250013262033463 -0.0012160070473328233 -0.2799614667892456
v -0.021250013262033463 -0.002000143751502037 -0.2799999713897705
v -0.021250013262033463 -0.00278428103774786 -0.2799614667892456
v -0.021250013262033463 -0.0035608659964054823 -0.2798462510108948
v -0.021250013262033463 -0.004322420805692673 -0.27965548634529114
v -0.021250013262033463 -0.005061610136181116 -0.27939099073410034
v -0.021250013262033463 -0.00577131612226367 -0.27905532717704773
v -0.021250013262033463 -0.006444705184549093 -0.27865171432495117
v -0.021250013262033463 -0.00707528879866004 -0.27818405628204346
v -0.021250013262033463 -0.007656996604055166 -0.27765682339668274
v -0.021250011399388313 -0.008184226229786873 -0.2770751118659973
v -0.021250011399388313 -0.008651900105178356 -0.27644452452659607
v -0.021250011399388313 -0.00905551202595234 -0.2757711410522461
v -0.021250011399388313 -0.0093911774456501 -0.2750614285469055
v -0.021250011399388313 -0.0096556656062603 -0.2743222415447235
v -0.021250011399388313 -0.009846423752605915 -0.27356070280075073
v -0.021250011399388313 -0.009961619041860104 -0.27278411388397217
v -0.021250011399388313 -0.010000141337513924 -0.27199995517730713
v -0.02305000275373459 0.005999868735671043 -0.24799999594688416
v -0.02305000275373459 0.005961346905678511 -0.2487841248512268
v -0.02305000275373459 0.005846151150763035 -0.24956069886684418
v -0.02305000275373459 0.00565539114177227 -0.25032225251197815
v -0.02305000275373459 0.005390905309468508 -0.25106146931648254
v -0.02305000275373459 0.005055238958448172 -0.25177115201950073
v -0.02305000275373459 0.004651624709367752 -0.2524445652961731
v -0.02305000275373459 0.004183952696621418 -0.25307515263557434
v -0.02305000275373459 0.0036567235365509987 -0.2536568343639374
v -0.02305000275373459 0.003075015265494585 -0.2541840672492981
v -0.02305000275373459 0.00244443048723042 -0.2546517252922058
v -0.02305000275373459 0.0017710430547595024 -0.25505533814430237
v -0.02305000275373459 0.001061336719430983 -0.25539103150367737
v -0.023050006479024887 0.00032214628299698234 -0.25565552711486816
v -0.023050006479024887 -0.00043940835166722536 -0.2558462619781494
v -0.023050006479024887 -0.0012159938924014568 -0.25596144795417786
v -0.023050006479024887 -0.0020001307129859924 -0.25599998235702515
v -0.023050006479024887 -0.002784267533570528 -0.25596144795417786
v -0.023050006479024887 -0.0035608529578894377 -0.2558462619781494
v -0.023050006479024887 -0.004322407767176628 -0.25565552711486816
v -0.023050006479024887 -0.005061597563326359 -0.25539103150367737
v -0.023050006479024887 -0.005771303083747625 -0.25505533814430237
v -0.023050006479024887 -0.006444691680371761 -0.2546517252922058
v -0.023050006479024887 -0.007075275760143995 -0.2541840672492981
v -0.023050006479024887 -0.007656983565539122 -0.2536568343639374
v -0.023050004616379738 -0.008184213191270828 -0.25307515263557434
v -0.023050004616379738 -0.008651887066662312 -0.2524445652961731
v -0.023050004616379738 -0.009055498987436295 -0.25177115201950073
v -0.023050004616379738 -0.009391164407134056 -0.25106146931648254
v -0.023050004616379738 -0.009655652567744255 -0.25032225251197815
v -0.023050004616379738 -0.00984641071408987 -0.24956069886684418
v -0.023050004616379738 -0.009961606003344059 -0.2487841248512268
v -0.023050004616379738 -0.010000128298997879 -0.24799999594688416
v -0.02304999530315399 -0.010000117123126984 -0.2239999771118164
v -0.02304999530315399 -0.009961595758795738 -0.22321584820747375
v -0.02304999530315399 -0.009846399538218975 -0.2224392592906952
v -0.02304999530315399 -0.00965563952922821 -0.22167770564556122
v -0.02304999530315399 -0.00939115323126316 -0.2209385335445404
v -0.02304999530315399 -0.00905548594892025 -0.22022880613803864
v -0.02304999530315399 -0.008651872165501118 -0.21955543756484985
v -0.02304999530315399 -0.008184199221432209 -0.21892482042312622
v -0.02304999716579914 -0.00765697006136179 -0.218343123793602
v -0.02304999716579914 -0.007075261790305376 -0.21781589090824127
v -0.02304999716579914 -0.006444675847887993 -0.21734823286533356
v -0.02304999716579914 -0.0057712881825864315 -0.216944620013237
v -0.02304999716579914 -0.005061582196503878 -0.2166089564561844
v -0.02304999716579914 -0.00432239193469286 -0.2163444459438324
v -0.02304999716579914 -0.0035608368925750256 -0.21615371108055115
v -0.02304999716579914 -0.002784251468256116 -0.2160385102033615
v -0.02304999716579914 -0.0020001146476715803 -0.21599997580051422
v -0.02304999716579914 -0.0012159778270870447 -0.2160385102033615
v -0.02304999716579914 -0.0004393923736643046 -0.21615371108055115
v -0.02304999716579914 0.0003221620572730899 -0.2163444459438324
v -0.02304999716579914 0.001061352202668786 -0.2166089564561844
v -0.02304999716579914 0.0017710583051666617 -0.216944620013237
v -0.02304999716579914 0.0024444463197141886 -0.21734823286533356
v -0.02304999716579914 0.003075029468163848 -0.21781589090824127
v -0.02304999716579914 0.0036567372735589743 -0.218343123793602
v -0.02304999716579914 0.004183966666460037 -0.21892482042312622
v -0.02304999716579914 0.004651639144867659 -0.21955543756484985
v -0.02304999716579914 0.005055251531302929 -0.22022880613803864
v -0.02304999716579914 0.0053909169510006905 -0.2209385335445404
v -0.02304999716579914 0.0056554037146270275 -0.22167770564556122
v -0.02304999716579914 0.00584616232663393 -0.2224392592906952
v -0.02304999716579914 0.0059613571502268314 -0.22321584820747375
v -0.02304999716579914 0.005999880377203226 -0.2239999771118164
v -0.021250039339065552 -0.010000099427998066 -0.18999998271465302
v -0.021250039339065552 -0.00996157806366682 -0.18921583890914917
v -0.021250039339065552 -0.009846381843090057 -0.1884392499923706
v -0.021250039339065552 -0.009655622765421867 -0.18767768144607544
v -0.021250039339065552 -0.009391136467456818 -0.18693850934505463
v -0.021250039339065552 -0.009055470116436481 -0.18622878193855286
v -0.021250035613775253 -0.008651855401694775 -0.18555541336536407
v -0.021250035613775253 -0.008184182457625866 -0.18492482602596283
v -0.021250037476420403 -0.007656952831894159 -0.1843430995941162
v -0.021250037476420403 -0.00707524549216032 -0.1838158667087555
v -0.021250037476420403 -0.00644465908408165 -0.18334820866584778
v -0.021250037476420403 -0.005771271884441376 -0.18294459581375122
v -0.021250037476420403 -0.0050615654326975346 -0.18260891735553741
v -0.021250037476420403 -0.004322375636547804 -0.1823444366455078
v -0.021250037476420403 -0.0035608208272606134 -0.18215367197990417
v -0.021250037476420403 -0.002784235402941704 -0.18203848600387573
v -0.021250037476420403 -0.0020000983495265245 -0.18199996650218964
v -0.021250037476420403 -0.0012159614125266671 -0.18203848600387573
v -0.021250037476420403 -0.0004393761628307402 -0.18215367197990417
v -0.021250037476420403 0.00032217823900282383 -0.1823444366455078
v -0.021250031888484955 0.0010613685008138418 -0.18260891735553741
v -0.021250031888484955 0.0017710743704810739 -0.18294459581375122
v -0.021250031888484955 0.0024444626178592443 -0.18334820866584778
v -0.021250031888484955 0.0030750457663089037 -0.1838158667087555
v -0.021250037476420403 0.003656754270195961 -0.1843430995941162
v -0.021250037476420403 0.00418398343026638 -0.18492482602596283
v -0.021250037476420403 0.004651655443012714 -0.18555541336536407
v -0.021250037476420403 0.005055268295109272 -0.18622878193855286
v -0.021250037476420403 0.0053909337148070335 -0.18693850934505463
v -0.021250037476420403 0.005655420012772083 -0.18767768144607544
v -0.021250037476420403 0.005846179556101561 -0.1884392499923706
v -0.021250037476420403 0.005961374379694462 -0.18921582400798798
v -0.021250037476420403 0.005999897141009569 -0.18999995291233063
v -0.04725003242492676 -0.010000101290643215 -0.18999995291233063
v -0.04725003242492676 -0.00996157992631197 -0.18921583890914917
v -0.04725003242492676 -0.009846383705735207 -0.1884392499923706
v -0.04725003242492676 -0.009655623696744442 -0.18767768144607544
v -0.04725003242492676 -0.009391136467456818 -0.18693850934505463
v -0.04725002497434616 -0.009055471047759056 -0.18622878193855286
v -0.04725002497434616 -0.00865185633301735 -0.18555541336536407
v -0.04725002497434616 -0.00818418338894844 -0.18492482602596283
v -0.04725002497434616 -0.0076569546945393085 -0.1843430995941162
v -0.04725002497434616 -0.007075245957821608 -0.1838158667087555
v -0.04725002497434616 -0.006444660946726799 -0.18334820866584778
v -0.04725002497434616 -0.00577127281576395 -0.18294459581375122
v -0.04725002497434616 -0.005061565898358822 -0.18260891735553741
v -0.04725002497434616 -0.004322377033531666 -0.1823444366455078
v -0.04725002497434616 -0.0035608219914138317 -0.18215367197990417
v -0.04725002497434616 -0.0027842363342642784 -0.18203848600387573
v -0.04725002497434616 -0.002000099513679743 -0.18199996650218964
v -0.04725002497434616 -0.0012159624602645636 -0.18203848600387573
v -0.04725002497434616 -0.00043937721056863666 -0.18215367197990417
v -0.04725002497434616 0.00032217722036875784 -0.1823444366455078
v -0.04725002497434616 0.0010613674530759454 -0.18260891735553741
v -0.04725002497434616 0.0017710733227431774 -0.18294459581375122
v -0.04725002497434616 0.002444461453706026 -0.18334820866584778
v -0.04725002497434616 0.0030750450678169727 -0.1838158667087555
v -0.04725002497434616 0.0036567526403814554 -0.1843430995941162
v -0.04725002497434616 0.004183982498943806 -0.18492482602596283
v -0.04725002497434616 0.004651654977351427 -0.18555541336536407
v -0.04725002497434616 0.00505526689812541 -0.18622878193855286
v -0.04725002497434616 0.005390932783484459 -0.18693850934505463
v -0.04725002497434616 0.005655419081449509 -0.18767768144607544
v -0.04725002497434616 0.005846177693456411 -0.1884392499923706
v -0.04725002497434616 0.005961373448371887 -0.18921582400798798
v -0.04725002497434616 0.005999895744025707 -0.18999995291233063
v -0.047250036150217056 0.005999880377203226 -0.2239999771118164
v -0.047250036150217056 0.005961358547210693 -0.22478410601615906
v -0.047250036150217056 0.00584616232663393 -0.22556069493293762
v -0.047250036150217056 0.005655402317643166 -0.2263222485780716
v -0.047250036150217056 0.0053909169510006905 -0.2270614355802536
v -0.047250036150217056 0.005055250134319067 -0.22777114808559418
v -0.047250036150217056 0.004651636350899935 -0.22844453155994415
v -0.047250036150217056 0.004183964338153601 -0.2290751188993454
v -0.047250036150217056 0.003656734712421894 -0.22965683043003082
v -0.047250036150217056 0.0030750264413654804 -0.23018406331539154
v -0.047250036150217056 0.002444441197440028 -0.23065173625946045
v -0.047250036150217056 0.0017710539977997541 -0.2310553342103958
v -0.047250036150217056 0.0010613476624712348 -0.23139101266860962
v -0.047250036150217056 0.0003221571387257427 -0.23165549337863922
v -0.047250036150217056 -0.000439397495938465 -0.23184625804424286
v -0.047250036150217056 -0.001215982949361205 -0.2319614589214325
v -0.047250036150217056 -0.0020001200027763844 -0.2319999635219574
v -0.047250039875507355 -0.00278425682336092 -0.2319614589214325
v -0.047250039875507355 -0.0035608422476798296 -0.23184625804424286
v -0.047250039875507355 -0.004322396591305733 -0.23165549337863922
v -0.047250039875507355 -0.005061585456132889 -0.23139101266860962
v -0.047250039875507355 -0.005771292373538017 -0.2310553342103958
v -0.047250039875507355 -0.006444680970162153 -0.23065173625946045
v -0.047250039875507355 -0.0070752645842731 -0.23018406331539154
v -0.047250039875507355 -0.007656972389668226 -0.22965683043003082
v -0.047250039875507355 -0.008184202015399933 -0.2290751188993454
v -0.047250039875507355 -0.008651875890791416 -0.22844453155994415
v -0.047250039875507355 -0.0090554878115654 -0.22777114808559418
v -0.047250039875507355 -0.00939115323126316 -0.2270614355802536
v -0.047250039875507355 -0.009655640460550785 -0.2263222485780716
v -0.047250036150217056 -0.009846399538218975 -0.22556069493293762
v -0.047250036150217056 -0.009961594827473164 -0.22478410601615906
v -0.047250036150217056 -0.010000116191804409 -0.2239999771118164
v -0.045450031757354736 -0.010000101290643215 -0.18999998271465302
v -0.045450031757354736 -0.009961580857634544 -0.18921583890914917
v -0.045450031757354736 -0.009846384637057781 -0.1884392499923706
v -0.045450031757354736 -0.009655624628067017 -0.18767768144607544
v -0.045450031757354736 -0.009391138330101967 -0.18693850934505463
v -0.045450031757354736 -0.009055471047759056 -0.18622878193855286
v -0.045450031757354736 -0.008651857264339924 -0.18555541336536407
v -0.045450031757354736 -0.008184184320271015 -0.18492482602596283
v -0.04545002430677414 -0.007656955160200596 -0.1843430995941162
v -0.04545002430677414 -0.007075246889144182 -0.1838158667087555
v -0.04545002430677414 -0.006444660946726799 -0.18334820866584778
v -0.04545002430677414 -0.005771273281425238 -0.18294459581375122
v -0.04545002430677414 -0.005061567295342684 -0.18260891735553741
v -0.04545002430677414 -0.004322377033531666 -0.1823444366455078
v -0.04545002430677414 -0.0035608222242444754 -0.18215367197990417
v -0.04545002430677414 -0.002784236567094922 -0.18203848600387573
v -0.04545002430677414 -0.0020001002121716738 -0.18199996650218964
v -0.04545002430677414 -0.0012159630423411727 -0.18203848600387573
v -0.04545002430677414 -0.00043937767622992396 -0.18215367197990417
v -0.04545002430677414 0.0003221767256036401 -0.1823444366455078
v -0.04545002430677414 0.001061366987414658 -0.18260891735553741
v -0.04545002430677414 0.00177107285708189 -0.18294459581375122
v -0.04545002430677414 0.002444460755214095 -0.18334820866584778
v -0.04545002430677414 0.003075044136494398 -0.1838158667087555
v -0.04545002430677414 0.003656751709058881 -0.1843430995941162
v -0.04545002430677414 0.004183981567621231 -0.18492482602596283
v -0.04545002430677414 0.0046516540460288525 -0.18555541336536407
v -0.04545002430677414 0.005055266432464123 -0.18622878193855286
v -0.04545002430677414 0.005390931852161884 -0.18693850934505463
v -0.04545002430677414 0.005655418615788221 -0.18767768144607544
v -0.04545002430677414 0.005846177227795124 -0.1884392499923706
v -0.04545002430677414 0.005961372051388025 -0.18921582400798798
v -0.04545002430677414 0.005999894347041845 -0.18999995291233063
v -0.045450031757354736 0.0059998794458806515 -0.2239999771118164
v -0.045450031757354736 0.0059613571502268314 -0.22478410601615906
v -0.045450031757354736 0.005846160929650068 -0.22556069493293762
v -0.045450031757354736 0.005655401851981878 -0.2263222485780716
v -0.045450031757354736 0.0053909155540168285 -0.2270614355802536
v -0.045450031757354736 0.005055249202996492 -0.22777114808559418
v -0.045450031757354736 0.00465163541957736 -0.22844453155994415
v -0.045450031757354736 0.004183962941169739 -0.2290751188993454
v -0.045450031757354736 0.0036567337810993195 -0.22965683043003082
v -0.045450031757354736 0.003075025510042906 -0.23018406331539154
v -0.045450031757354736 0.002444440731778741 -0.23065173625946045
v -0.045450031757354736 0.0017710535321384668 -0.2310553342103958
v -0.04545004293322563 0.0010613471968099475 -0.23139101266860962
v -0.04545004293322563 0.00032215664396062493 -0.23165549337863922
v -0.04545004293322563 -0.00043939799070358276 -0.23184625804424286
v -0.04545004293322563 -0.0012159835314378142 -0.2319614589214325
v -0.04545004293322563 -0.0020001204684376717 -0.2319999635219574
v -0.04545004293322563 -0.0027842570561915636 -0.2319614589214325
v -0.04545004293322563 -0.0035608424805104733 -0.23184625804424286
v -0.04545004293322563 -0.00432239705696702 -0.23165549337863922
v -0.04545004293322563 -0.005061586853116751 -0.23139101266860962
v -0.04545004293322563 -0.005771292839199305 -0.2310553342103958
v -0.04545004293322563 -0.006444680970162153 -0.23065173625946045
v -0.04545004293322563 -0.0070752655155956745 -0.23018406331539154
v -0.04545004293322563 -0.0076569728553295135 -0.22965683043003082
v -0.04545004293322563 -0.008184202946722507 -0.2290751188993454
v -0.04545004293322563 -0.00865187682211399 -0.22844453155994415
v -0.04545004293322563 -0.009055488742887974 -0.22777114808559418
v -0.04545004293322563 -0.009391154162585735 -0.2270614355802536
v -0.04545004293322563 -0.00965564139187336 -0.2263222485780716
v -0.04545004293322563 -0.00984640046954155 -0.22556069493293762
v -0.04545004293322563 -0.009961595758795738 -0.22478410601615906
v -0.04545004293322563 -0.010000117123126984 -0.2239999771118164
v -0.056550033390522 -0.010000101290643215 -0.18999995291233063
v -0.056550033390522 -0.00996157992631197 -0.18921583890914917
v -0.056550033390522 -0.009846383705735207 -0.1884392499923706
v -0.056550033390522 -0.009655624628067017 -0.18767768144607544
v -0.056550033390522 -0.009391138330101967 -0.18693850934505463
v -0.056550033390522 -0.009055471047759056 -0.18622878193855286
v -0.056550033390522 -0.008651857264339924 -0.18555541336536407
v -0.056550033390522 -0.008184184320271015 -0.18492482602596283
v -0.056550033390522 -0.0076569546945393085 -0.1843430995941162
v -0.056550033390522 -0.007075246889144182 -0.1838158667087555
v -0.056550029665231705 -0.006444661412388086 -0.18334820866584778
v -0.056550029665231705 -0.005771273747086525 -0.18294459581375122
v -0.056550029665231705 -0.005061567295342684 -0.18260891735553741
v -0.056550029665231705 -0.00432237796485424 -0.1823444366455078
v -0.056550029665231705 -0.003560822457075119 -0.18215367197990417
v -0.056550029665231705 -0.002784237265586853 -0.18203848600387573
v -0.056550029665231705 -0.0020001002121716738 -0.18199996650218964
v -0.056550029665231705 -0.0012159632751718163 -0.18203848600387573
v -0.056550029665231705 -0.0004393779090605676 -0.18215367197990417
v -0.056550029665231705 0.0003221764927729964 -0.1823444366455078
v -0.056550029665231705 0.0010613667545840144 -0.18260891735553741
v -0.056550029665231705 0.0017710727406665683 -0.18294459581375122
v -0.056550029665231705 0.002444460755214095 -0.18334820866584778
v -0.056550029665231705 0.0030750443693250418 -0.1838158667087555
v -0.056550029665231705 0.0036567526403814554 -0.1843430995941162
v -0.056550029665231705 0.004183981567621231 -0.18492482602596283
v -0.056550029665231705 0.0046516540460288525 -0.18555541336536407
v -0.056550029665231705 0.005055266432464123 -0.18622878193855286
v -0.056550029665231705 0.005390931852161884 -0.18693850934505463
v -0.056550029665231705 0.005655418615788221 -0.18767768144607544
v -0.056550029665231705 0.005846177693456411 -0.1884392499923706
v -0.056550029665231705 0.005961372517049313 -0.18921582400798798
v -0.056550029665231705 0.00599989527836442 -0.18999995291233063
v -0.0565500482916832 0.005999881308525801 -0.2239999771118164
v -0.0565500482916832 0.005961358547210693 -0.22478410601615906
v -0.0565500482916832 0.0058461627922952175 -0.22556069493293762
v -0.0565500482916832 0.005655402783304453 -0.2263222485780716
v -0.0565500482916832 0.0053909169510006905 -0.2270614355802536
v -0.0565500482916832 0.005055251065641642 -0.22777114808559418
v -0.0565500482916832 0.004651637282222509 -0.22844453155994415
v -0.0565500482916832 0.004183964803814888 -0.2290751188993454
v -0.0565500482916832 0.003656735410913825 -0.22965683043003082
v -0.0565500482916832 0.0030750271398574114 -0.23018406331539154
v -0.056550052016973495 0.002444442128762603 -0.23065173625946045
v -0.056550052016973495 0.001771054696291685 -0.2310553342103958
v -0.056550052016973495 0.0010613483609631658 -0.23139101266860962
v -0.056550052016973495 0.00032215792452916503 -0.23165549337863922
v -0.056550052016973495 -0.00043939671013504267 -0.23184625804424286
v -0.056550052016973495 -0.0012159821344539523 -0.2319614589214325
v -0.056550052016973495 -0.0020001190714538097 -0.2319999635219574
v -0.056550052016973495 -0.002784256124868989 -0.2319614589214325
v -0.056550052016973495 -0.003560841316357255 -0.23184625804424286
v -0.056550052016973495 -0.004322396125644445 -0.23165549337863922
v -0.056550052016973495 -0.005061585456132889 -0.23139101266860962
v -0.056550052016973495 -0.005771291442215443 -0.2310553342103958
v -0.056550052016973495 -0.006444680038839579 -0.23065173625946045
v -0.056550052016973495 -0.0070752645842731 -0.23018406331539154
v -0.056550052016973495 -0.007656971924006939 -0.22965683043003082
v -0.056550052016973495 -0.008184201084077358 -0.2290751188993454
v -0.056550052016973495 -0.008651874959468842 -0.22844453155994415
v -0.056550052016973495 -0.009055486880242825 -0.22777114808559418
v -0.056550052016973495 -0.00939115323126316 -0.2270614355802536
v -0.056550052016973495 -0.009655640460550785 -0.2263222485780716
v -0.056550052016973495 -0.0098463986068964 -0.22556069493293762
v -0.056550052016973495 -0.009961594827473164 -0.22478410601615906
v -0.056550052016973495 -0.01000011432915926 -0.2239999771118164
v -0.05475003644824028 -0.01000010222196579 -0.18999998271465302
v -0.05475003644824028 -0.009961580857634544 -0.18921583890914917
v -0.05475003644824028 -0.009846384637057781 -0.1884392499923706
v -0.05475003644824028 -0.009655625559389591 -0.18767768144607544
v -0.05475003644824028 -0.009391138330101967 -0.18693850934505463
v -0.05475003644824028 -0.00905547197908163 -0.18622878193855286
v -0.05475003272294998 -0.008651858195662498 -0.18555541336536407
v -0.05475003272294998 -0.00818418525159359 -0.18492482602596283
v -0.05475003272294998 -0.007656955625861883 -0.1843430995941162
v -0.05475003272294998 -0.007075247820466757 -0.1838158667087555
v -0.05475003272294998 -0.006444661878049374 -0.18334820866584778
v -0.05475003272294998 -0.005771274212747812 -0.18294459581375122
v -0.05475003272294998 -0.005061567761003971 -0.18260891735553741
v -0.05475003272294998 -0.00432237796485424 -0.1823444366455078
v -0.05475003272294998 -0.00356082315556705 -0.18215367197990417
v -0.05475003272294998 -0.0027842377312481403 -0.18203848600387573
v -0.05475003272294998 -0.0020001009106636047 -0.18199996650218964
v -0.05475003272294998 -0.0012159639736637473 -0.18203848600387573
v -0.05475003272294998 -0.00043937869486398995 -0.18215367197990417
v -0.05475003272294998 0.000322175765177235 -0.1823444366455078
v -0.054750025272369385 0.0010613659396767616 -0.18260891735553741
v -0.054750025272369385 0.0017710718093439937 -0.18294459581375122
v -0.054750025272369385 0.002444460056722164 -0.18334820866584778
v -0.054750025272369385 0.003075043438002467 -0.1838158667087555
v -0.05475003272294998 0.003656751709058881 -0.1843430995941162
v -0.05475003272294998 0.0041839806362986565 -0.18492482602596283
v -0.05475003272294998 0.004651653114706278 -0.18555541336536407
v -0.05475003272294998 0.0050552659668028355 -0.18622878193855286
v -0.05475003272294998 0.00539093092083931 -0.18693850934505463
v -0.05475003272294998 0.0056554172188043594 -0.18767768144607544
v -0.05475003272294998 0.005846177227795124 -0.1884392499923706
v -0.05475003272294998 0.005961372051388025 -0.18921582400798798
v -0.05475003272294998 0.005999893881380558 -0.18999995291233063
v -0.054750047624111176 0.005999880842864513 -0.2239999771118164
v -0.054750047624111176 0.005961357615888119 -0.22478410601615906
v -0.054750047624111176 0.005846161860972643 -0.22556069493293762
v -0.054750051349401474 0.005655401851981878 -0.2263222485780716
v -0.054750051349401474 0.005390916019678116 -0.2270614355802536
v -0.054750051349401474 0.00505524966865778 -0.22777114808559418
v -0.054750051349401474 0.004651636350899935 -0.22844453155994415
v -0.054750051349401474 0.004183964338153601 -0.2290751188993454
v -0.054750051349401474 0.0036567344795912504 -0.22965683043003082
v -0.054750051349401474 0.0030750262085348368 -0.23018406331539154
v -0.054750051349401474 0.002444441430270672 -0.23065173625946045
v -0.054750051349401474 0.0017710539977997541 -0.2310553342103958
v -0.054750051349401474 0.0010613476624712348 -0.23139101266860962
v -0.054750051349401474 0.0003221571387257427 -0.23165549337863922
v -0.05475005507469177 -0.00043939746683463454 -0.23184625804424286
v -0.05475005507469177 -0.001215982949361205 -0.2319614589214325
v -0.05475005507469177 -0.0020001197699457407 -0.2319999635219574
v -0.05475005507469177 -0.00278425682336092 -0.2319614589214325
v -0.05475005507469177 -0.003560842014849186 -0.23184625804424286
v -0.05475005507469177 -0.004322396591305733 -0.23165549337863922
v -0.05475005507469177 -0.005061586387455463 -0.23139101266860962
v -0.05475005507469177 -0.005771292373538017 -0.2310553342103958
v -0.05475005507469177 -0.006444680970162153 -0.23065173625946045
v -0.05475005507469177 -0.007075265049934387 -0.23018406331539154
v -0.05475005507469177 -0.0076569728553295135 -0.22965683043003082
v -0.05475005507469177 -0.008184202015399933 -0.2290751188993454
v -0.05475005507469177 -0.008651875890791416 -0.22844453155994415
v -0.05475005507469177 -0.0090554878115654 -0.22777114808559418
v -0.05475005507469177 -0.00939115323126316 -0.2270614355802536
v -0.05475005507469177 -0.00965564139187336 -0.2263222485780716
v -0.05475005507469177 -0.00984640046954155 -0.22556069493293762
v -0.054750051349401474 -0.009961594827473164 -0.22478410601615906
v -0.054750051349401474 -0.010000116191804409 -0.2239999771118164
v -0.0547499917447567 -0.010000118985772133 -0.2239999771118164
v -0.0547499917447567 -0.009961596690118313 -0.22321584820747375
v -0.0547499917447567 -0.00984640046954155 -0.2224392592906952
v -0.0547499917447567 -0.009655640460550785 -0.22167770564556122
v -0.0547499917447567 -0.009391154162585735 -0.2209385335445404
v -0.0547499880194664 -0.0090554878115654 -0.22022880613803864
v -0.0547499880194664 -0.008651873096823692 -0.21955543756484985
v -0.0547499880194664 -0.008184200152754784 -0.21892482042312622
v -0.0547499880194664 -0.007656970992684364 -0.218343123793602
v -0.0547499880194664 -0.007075263187289238 -0.21781589090824127
v -0.0547499880194664 -0.006444677710533142 -0.21734823286533356
v -0.0547499880194664 -0.005771290045231581 -0.216944620013237
v -0.0547499880194664 -0.005061583127826452 -0.2166089564561844
v -0.0547499880194664 -0.004322393797338009 -0.2163444459438324
v -0.0547499880194664 -0.003560838755220175 -0.21615371108055115
v -0.0547499880194664 -0.002784253330901265 -0.2160385102033615
v -0.0547499880194664 -0.0020001165103167295 -0.21599997580051422
v -0.0547499880194664 -0.0012159795733168721 -0.2160385102033615
v -0.0547499880194664 -0.00043939417810179293 -0.21615369617938995
v -0.0547499880194664 0.0003221602237317711 -0.2163444459438324
v -0.0547499880194664 0.0010613504564389586 -0.2166089415550232
v -0.0547499880194664 0.0017710563261061907 -0.216944620013237
v -0.0547499880194664 0.0024444444570690393 -0.21734823286533356
v -0.0547499880194664 0.0030750283040106297 -0.21781589090824127
v -0.0547499880194664 0.0036567358765751123 -0.218343123793602
v -0.0547499880194664 0.004183965735137463 -0.21892482042312622
v -0.0547499880194664 0.004651638213545084 -0.21955543756484985
v -0.0547499880194664 0.005055250134319067 -0.22022880613803864
v -0.0547499880194664 0.0053909155540168285 -0.2209385335445404
v -0.0547499880194664 0.005655402317643166 -0.22167770564556122
v -0.0547499880194664 0.005846160929650068 -0.2224392592906952
v -0.0547499880194664 0.005961356218904257 -0.22321584820747375
v -0.0547499880194664 0.005999878980219364 -0.2239999771118164
v -0.0547499917447567 0.005999867804348469 -0.24799999594688416
v -0.0547499917447567 0.005961345974355936 -0.2487841248512268
v -0.0547499917447567 0.005846149753779173 -0.24956069886684418
v -0.0547499917447567 0.005655389744788408 -0.25032225251197815
v -0.0547499917447567 0.005390903912484646 -0.25106146931648254
v -0.054749999195337296 0.00505523756146431 -0.25177115201950073
v -0.054749999195337296 0.00465162331238389 -0.2524445652961731
v -0.054749999195337296 0.004183951299637556 -0.25307515263557434
v -0.054749999195337296 0.0036567223723977804 -0.2536568343639374
v -0.054749999195337296 0.003075013868510723 -0.2541840672492981
v -0.054749999195337296 0.002444428624585271 -0.2546517252922058
v -0.054749999195337296 0.001771041308529675 -0.25505533814430237
v -0.054749999195337296 0.0010613349732011557 -0.25539103150367737
v -0.054749999195337296 0.0003221445076633245 -0.25565552711486816
v -0.054749999195337296 -0.0004394101270008832 -0.2558462619781494
v -0.054749999195337296 -0.0012159955222159624 -0.25596144795417786
v -0.054749999195337296 -0.0020001325756311417 -0.25599998235702515
v -0.054749999195337296 -0.0027842693962156773 -0.25596144795417786
v -0.054749999195337296 -0.003560854820534587 -0.2558462619781494
v -0.054749999195337296 -0.004322409629821777 -0.25565552711486816
v -0.054749999195337296 -0.005061598960310221 -0.25539103150367737
v -0.054749999195337296 -0.005771304946392775 -0.25505533814430237
v -0.054749999195337296 -0.0064446935430169106 -0.2546517252922058
v -0.054749999195337296 -0.00707527669146657 -0.2541840672492981
v -0.054749999195337296 -0.0076569849625229836 -0.2536568343639374
v -0.054749999195337296 -0.008184214122593403 -0.25307515263557434
v -0.054749999195337296 -0.008651887997984886 -0.2524445652961731
v -0.054749999195337296 -0.00905549991875887 -0.25177115201950073
v -0.054749999195337296 -0.009391166269779205 -0.25106146931648254
v -0.054749999195337296 -0.00965565349906683 -0.25032225251197815
v -0.054749999195337296 -0.009846411645412445 -0.24956069886684418
v -0.054749999195337296 -0.009961606934666634 -0.2487841248512268
v -0.054749999195337296 -0.010000129230320454 -0.24799999594688416
v -0.05294999107718468 -0.010000118985772133 -0.2239999771118164
v -0.05294999107718468 -0.009961597621440887 -0.22321584820747375
v -0.05294999107718468 -0.009846402332186699 -0.2224392592906952
v -0.05294999107718468 -0.009655642323195934 -0.22167770564556122
v -0.05294999107718468 -0.00939115509390831 -0.2209385335445404
v -0.05294999107718468 -0.0090554878115654 -0.22022880613803864
v -0.05294999107718468 -0.008651874959468842 -0.21955543756484985
v -0.05294999107718468 -0.008184201084077358 -0.21892482042312622
v -0.05294999107718468 -0.007656972389668226 -0.218343123793602
v -0.05294999107718468 -0.007075263652950525 -0.21781589090824127
v -0.05294999107718468 -0.006444678176194429 -0.21734823286533356
v -0.05294999107718468 -0.005771290045231581 -0.216944620013237
v -0.05294999107718468 -0.005061584059149027 -0.2166089564561844
v -0.05294999107718468 -0.004322394262999296 -0.2163444459438324
v -0.05294999107718468 -0.003560839220881462 -0.21615371108055115
v -0.05294999107718468 -0.0027842537965625525 -0.2160385102033615
v -0.05294999107718468 -0.002000116975978017 -0.21599997580051422
v -0.05294999107718468 -0.0012159800389781594 -0.2160385102033615
v -0.05294999107718468 -0.00043939464376308024 -0.21615371108055115
v -0.05294999107718468 0.00032215978717431426 -0.2163444459438324
v -0.05294999107718468 0.0010613499907776713 -0.2166089564561844
v -0.05294999107718468 0.0017710558604449034 -0.216944620013237
v -0.05294999107718468 0.002444443991407752 -0.21734823286533356
v -0.05294999107718468 0.003075026674196124 -0.21781589090824127
v -0.05294999107718468 0.003656734712421894 -0.218343123793602
v -0.05294999107718468 0.004183964338153601 -0.21892482042312622
v -0.05294999107718468 0.004651636816561222 -0.21955543756484985
v -0.05294999107718468 0.00505524966865778 -0.22022880613803864
v -0.05294999107718468 0.005390915088355541 -0.2209385335445404
v -0.05294999107718468 0.005655400920659304 -0.22167770564556122
v -0.05294999107718468 0.005846159998327494 -0.2224392592906952
v -0.05294999107718468 0.005961355287581682 -0.22321584820747375
v -0.05294999107718468 0.0059998780488967896 -0.2239999771118164
v -0.052949994802474976 0.0059998673386871815 -0.24799999594688416
v -0.052949994802474976 0.005961344577372074 -0.2487841248512268
v -0.052949994802474976 0.005846148356795311 -0.24956069886684418
v -0.052949994802474976 0.005655389279127121 -0.25032225251197815
v -0.052949994802474976 0.005390902981162071 -0.25106146931648254
v -0.052949994802474976 0.005055236630141735 -0.25177115201950073
v -0.052949994802474976 0.0046516223810613155 -0.2524445652961731
v -0.052949994802474976 0.004183949902653694 -0.25307515263557434
v -0.052949994802474976 0.0036567209754139185 -0.2536568343639374
v -0.052949994802474976 0.003075012704357505 -0.2541840672492981
v -0.052949994802474976 0.0024444281589239836 -0.2546517252922058
v -0.052949994802474976 0.0017710408428683877 -0.25505533814430237
v -0.052949994802474976 0.0010613345075398684 -0.25539103150367737
v -0.052949998527765274 0.0003221440128982067 -0.25565552711486816
v -0.052949998527765274 -0.000439410621766001 -0.2558462619781494
v -0.052949998527765274 -0.0012159961042925715 -0.25596144795417786
v -0.052949998527765274 -0.002000133041292429 -0.25599998235702515
v -0.052949998527765274 -0.0027842698618769646 -0.25596144795417786
v -0.052949998527765274 -0.003560855286195874 -0.2558462619781494
v -0.052949998527765274 -0.004322410095483065 -0.25565552711486816
v -0.052949998527765274 -0.005061599425971508 -0.25539103150367737
v -0.052949998527765274 -0.005771305412054062 -0.25505533814430237
v -0.052949998527765274 -0.0064446935430169106 -0.2546517252922058
v -0.052949998527765274 -0.007075278088450432 -0.2541840672492981
v -0.052949998527765274 -0.007656985428184271 -0.2536568343639374
v -0.052949998527765274 -0.008184215053915977 -0.25307515263557434
v -0.052949998527765274 -0.00865188892930746 -0.2524445652961731
v -0.052949998527765274 -0.009055500850081444 -0.25177115201950073
v -0.052949998527765274 -0.009391166269779205 -0.25106146931648254
v -0.052949998527765274 -0.00965565349906683 -0.25032225251197815
v -0.052949998527765274 -0.009846413508057594 -0.24956069886684418
v -0.052949998527765274 -0.009961607865989208 -0.2487841248512268
v -0.052949998527765274 -0.010000131092965603 -0.24799999594688416
v -0.049049995839595795 -0.010000116191804409 -0.2239999771118164
v -0.049049995839595795 -0.009961594827473164 -0.22321584820747375
v -0.049049995839595795 -0.009846399538218975 -0.2224392592906952
v -0.049049995839595795 -0.00965563952922821 -0.22167770564556122
v -0.049049995839595795 -0.009391152299940586 -0.2209385335445404
v -0.049049992114305496 -0.00905548594892025 -0.22022880613803864
v -0.049049992114305496 -0.008651872165501118 -0.21955543756484985
v -0.049049992114305496 -0.008184198290109634 -0.21892482042312622
v -0.049049992114305496 -0.00765697006136179 -0.218343123793602
v -0.049049992114305496 -0.007075261324644089 -0.21781589090824127
v -0.049049992114305496 -0.00644467631354928 -0.21734823286533356
v -0.049049992114305496 -0.0057712881825864315 -0.216944620013237
v -0.049049992114305496 -0.005061581265181303 -0.2166089564561844
v -0.049049992114305496 -0.004322392400354147 -0.2163444459438324
v -0.049049992114305496 -0.003560837125405669 -0.21615371108055115
v -0.049049992114305496 -0.0027842517010867596 -0.2160385102033615
v -0.049049992114305496 -0.0020001146476715803 -0.21599997580051422
v -0.049049992114305496 -0.0012159778270870447 -0.2160385102033615
v -0.049049992114305496 -0.0004393925773911178 -0.21615369617938995
v -0.049049992114305496 0.0003221618535462767 -0.2163444459438324
v -0.049049992114305496 0.0010613520862534642 -0.2166089415550232
v -0.049049992114305496 0.0017710579559206963 -0.216944620013237
v -0.049049992114305496 0.002444446086883545 -0.21734823286533356
v -0.049049992114305496 0.003075029468163848 -0.21781589090824127
v -0.049049992114305496 0.0036567372735589743 -0.218343123793602
v -0.049049992114305496 0.004183966666460037 -0.21892482042312622
v -0.049049992114305496 0.004651639610528946 -0.21955543756484985
v -0.049049992114305496 0.005055251531302929 -0.22022880613803864
v -0.049049992114305496 0.005390917416661978 -0.2209385335445404
v -0.049049992114305496 0.0056554037146270275 -0.22167770564556122
v -0.049049992114305496 0.00584616232663393 -0.2224392592906952
v -0.049049992114305496 0.005961357615888119 -0.22321584820747375
v -0.049049992114305496 0.005999880377203226 -0.2239999771118164
v -0.049049995839595795 0.005999869666993618 -0.24799999594688416
v -0.049049995839595795 0.005961346905678511 -0.2487841248512268
v -0.049049995839595795 0.005846151150763035 -0.24956069886684418
v -0.049049995839595795 0.0056553916074335575 -0.25032225251197815
v -0.049049995839595795 0.005390905309468508 -0.25106146931648254
v -0.04904999956488609 0.005055238958448172 -0.25177115201950073
v -0.04904999956488609 0.004651624709367752 -0.2524445652961731
v -0.04904999956488609 0.004183952696621418 -0.25307515263557434
v -0.04904999956488609 0.0036567237693816423 -0.2536568343639374
v -0.04904999956488609 0.0030750154983252287 -0.2541840672492981
v -0.04904999956488609 0.0024444302543997765 -0.2546517252922058
v -0.04904999956488609 0.0017710429383441806 -0.25505533814430237
v -0.04904999956488609 0.0010613366030156612 -0.25539103150367737
v -0.04904999956488609 0.0003221461083739996 -0.25565552711486816
v -0.04904999956488609 -0.0004394085262902081 -0.2558462619781494
v -0.04904999956488609 -0.0012159938924014568 -0.25596144795417786
v -0.04904999956488609 -0.002000130945816636 -0.25599998235702515
v -0.04904999956488609 -0.0027842677664011717 -0.25596144795417786
v -0.04904999956488609 -0.0035608531907200813 -0.2558462619781494
v -0.04904999956488609 -0.004322408232837915 -0.25565552711486816
v -0.04904999956488609 -0.0050615970976650715 -0.25539103150367737
v -0.04904999956488609 -0.005771303549408913 -0.25505533814430237
v -0.04904999956488609 -0.006444691680371761 -0.2546517252922058
v -0.04904999956488609 -0.007075275760143995 -0.2541840672492981
v -0.04904999956488609 -0.007656983099877834 -0.2536568343639374
v -0.04904999956488609 -0.008184213191270828 -0.25307515263557434
v -0.04904999956488609 -0.008651886135339737 -0.2524445652961731
v -0.04904999956488609 -0.009055498987436295 -0.25177115201950073
v -0.04904999956488609 -0.009391164407134056 -0.25106146931648254
v -0.04904999956488609 -0.00965565163642168 -0.25032225251197815
v -0.04904999956488609 -0.00984641071408987 -0.24956069886684418
v -0.04904999956488609 -0.009961606003344059 -0.2487841248512268
v -0.04904999956488609 -0.010000127367675304 -0.24799999594688416
v -0.047249991446733475 -0.010000117123126984 -0.2239999771118164
v -0.047249991446733475 -0.009961596690118313 -0.22321584820747375
v -0.047249991446733475 -0.00984640046954155 -0.2224392592906952
v -0.047249991446733475 -0.009655640460550785 -0.22167770564556122
v -0.047249991446733475 -0.00939115323126316 -0.2209385335445404
v -0.047249991446733475 -0.009055486880242825 -0.22022880613803864
v -0.047249991446733475 -0.008651873096823692 -0.21955543756484985
v -0.047249991446733475 -0.008184200152754784 -0.21892482042312622
v -0.047249991446733475 -0.007656970527023077 -0.218343123793602
v -0.047249991446733475 -0.007075262721627951 -0.21781589090824127
v -0.047249991446733475 -0.00644467631354928 -0.21734823286533356
v -0.047249991446733475 -0.005771288648247719 -0.216944620013237
v -0.047249991446733475 -0.005061582662165165 -0.2166089564561844
v -0.047249991446733475 -0.004322392866015434 -0.2163444459438324
v -0.047249991446733475 -0.0035608378238976 -0.21615371108055115
v -0.047249991446733475 -0.002784252166748047 -0.2160385102033615
v -0.047249991446733475 -0.002000115578994155 -0.21599997580051422
v -0.047249991446733475 -0.0012159784091636539 -0.2160385102033615
v -0.047249991446733475 -0.0004393929848447442 -0.21615371108055115
v -0.047249991446733475 0.00032216141698881984 -0.2163444459438324
v -0.047249991446733475 0.001061351620592177 -0.2166089564561844
v -0.047249991446733475 0.001771057490259409 -0.216944620013237
v -0.047249991446733475 0.0024444456212222576 -0.21734823286533356
v -0.047249991446733475 0.0030750285368412733 -0.21781589090824127
v -0.047249991446733475 0.0036567363422363997 -0.218343123793602
v -0.047249991446733475 0.004183965735137463 -0.21892482042312622
v -0.047249991446733475 0.004651638679206371 -0.21955543756484985
v -0.047249991446733475 0.005055251065641642 -0.22022880613803864
v -0.047249991446733475 0.005390916019678116 -0.2209385335445404
v -0.047249991446733475 0.005655402783304453 -0.22167770564556122
v -0.047249991446733475 0.005846161860972643 -0.2224392592906952
v -0.047249991446733475 0.005961356684565544 -0.22321584820747375
v -0.047249991446733475 0.005999878980219364 -0.2239999771118164
v -0.04724999889731407 0.005999868270009756 -0.24799999594688416
v -0.04724999889731407 0.005961345974355936 -0.2487841248512268
v -0.04724999889731407 0.00584615021944046 -0.24956069886684418
v -0.04724999889731407 0.005655390210449696 -0.25032225251197815
v -0.04724999889731407 0.005390904378145933 -0.25106146931648254
v -0.04724999889731407 0.005055238492786884 -0.25177115201950073
v -0.04724999889731407 0.0046516237780451775 -0.2524445652961731
v -0.04724999889731407 0.004183951765298843 -0.25307515263557434
v -0.04724999889731407 0.0036567228380590677 -0.2536568343639374
v -0.04724999889731407 0.003075014567002654 -0.2541840672492981
v -0.04724999889731407 0.002444429788738489 -0.2546517252922058
v -0.04724999889731407 0.0017710424726828933 -0.25505533814430237
v -0.04724999889731407 0.001061336137354374 -0.25539103150367737
v -0.04725000262260437 0.0003221456427127123 -0.25565552711486816
v -0.04725000262260437 -0.00043940896284766495 -0.2558462619781494
v -0.04725000262260437 -0.001215994474478066 -0.25596144795417786
v -0.04725000262260437 -0.0020001314114779234 -0.25599998235702515
v -0.04725000262260437 -0.002784268232062459 -0.25596144795417786
v -0.04725000262260437 -0.0035608536563813686 -0.2558462619781494
v -0.04725000262260437 -0.004322408232837915 -0.25565552711486816
v -0.04725000262260437 -0.005061598028987646 -0.25539103150367737
v -0.04725000262260437 -0.005771303549408913 -0.25505533814430237
v -0.04725000262260437 -0.006444692611694336 -0.2546517252922058
v -0.04725000262260437 -0.00707527669146657 -0.2541840672492981
v -0.04725000262260437 -0.007656984496861696 -0.2536568343639374
v -0.04725000262260437 -0.008184213191270828 -0.25307515263557434
v -0.04725000262260437 -0.008651887997984886 -0.2524445652961731
v -0.04725000262260437 -0.00905549991875887 -0.25177115201950073
v -0.04725000262260437 -0.00939116533845663 -0.25106146931648254
v -0.04725000262260437 -0.009655652567744255 -0.25032225251197815
v -0.04725000262260437 -0.009846411645412445 -0.24956069886684418
v -0.04725000262260437 -0.009961606934666634 -0.2487841248512268
v -0.04725000262260437 -0.010000128298997879 -0.24799999594688416
v -0.047249991446733475 -0.010000131092965603 -0.24799995124340057
v -0.047249991446733475 -0.009961609728634357 -0.24721582233905792
v -0.047249991446733475 -0.009846413508057594 -0.24643924832344055
v -0.047249991446733475 -0.00965565349906683 -0.24567767977714539
v -0.047249991446733475 -0.009391166269779205 -0.24493850767612457
v -0.047249987721443176 -0.00905549991875887 -0.2442287802696228
v -0.047249987721443176 -0.008651886135339737 -0.24355541169643402
v -0.047249987721443176 -0.008184213191270828 -0.24292480945587158
v -0.047249987721443176 -0.007656984496861696 -0.24234309792518616
v -0.047249987721443176 -0.007075275760143995 -0.24181586503982544
v -0.047249987721443176 -0.006444690749049187 -0.24134820699691772
v -0.047249987721443176 -0.005771302618086338 -0.24094459414482117
v -0.047249987721443176 -0.0050615957006812096 -0.24060894548892975
v -0.047249987721443176 -0.004322406370192766 -0.24034442007541656
v -0.047249987721443176 -0.0035608515609055758 -0.24015368521213531
v -0.047249987721443176 -0.002784266136586666 -0.24003848433494568
v -0.047249987721443176 -0.002000129083171487 -0.23999996483325958
v -0.047249987721443176 -0.0012159921461716294 -0.24003848433494568
v -0.047249987721443176 -0.0004394068382680416 -0.24015367031097412
v -0.047249987721443176 0.00032214756356552243 -0.24034442007541656
v -0.047249987721443176 0.0010613377671688795 -0.24060891568660736
v -0.047249987721443176 0.0017710436368361115 -0.24094459414482117
v -0.047249987721443176 0.002444431884214282 -0.24134820699691772
v -0.047249987721443176 0.0030750154983252287 -0.24181586503982544
v -0.047249987721443176 0.0036567230708897114 -0.24234309792518616
v -0.047249987721443176 0.004183952696621418 -0.24292480945587158
v -0.047249987721443176 0.004651625640690327 -0.24355541169643402
v -0.047249987721443176 0.00505523756146431 -0.2442287802696228
v -0.047249987721443176 0.005390902981162071 -0.24493850767612457
v -0.047249987721443176 0.005655389279127121 -0.24567767977714539
v -0.047249987721443176 0.005846148356795311 -0.24643924832344055
v -0.047249987721443176 0.0059613436460494995 -0.24721582233905792
v -0.047249987721443176 0.0059998659417033195 -0.24799995124340057
v -0.047249991446733475 0.0059998552314937115 -0.27199995517730713
v -0.047249991446733475 0.0059613329358398914 -0.27278411388397217
v -0.047249991446733475 0.005846137180924416 -0.27356070280075073
v -0.047249991446733475 0.005655377171933651 -0.2743222415447235
v -0.047249991446733475 0.0053908913396298885 -0.2750614285469055
v -0.04724999889731407 0.005055224522948265 -0.2757711410522461
v -0.04724999889731407 0.004651610739529133 -0.27644452452659607
v -0.04724999889731407 0.004183938726782799 -0.2770751118659973
v -0.04724999889731407 0.0036567095667123795 -0.27765682339668274
v -0.04724999889731407 0.003075001062825322 -0.27818405628204346
v -0.04724999889731407 0.00244441581889987 -0.27865171432495117
v -0.04724999889731407 0.0017710286192595959 -0.27905532717704773
v -0.04724999889731407 0.0010613222839310765 -0.27939099073410034
v -0.04724999889731407 0.0003221317892894149 -0.27965548634529114
v -0.04724999889731407 -0.0004394228453747928 -0.2798462510108948
v -0.04724999889731407 -0.0012160082114860415 -0.2799614667892456
v -0.04724999889731407 -0.0020001453813165426 -0.2799999713897705
v -0.04724999889731407 -0.0027842822019010782 -0.2799614667892456
v -0.04724999889731407 -0.003560867626219988 -0.2798462510108948
v -0.04724999889731407 -0.004322422202676535 -0.27965548634529114
v -0.04724999889731407 -0.005061611067503691 -0.27939099073410034
v -0.04724999889731407 -0.005771317984908819 -0.27905532717704773
v -0.04724999889731407 -0.006444706115871668 -0.27865171432495117
v -0.04724999889731407 -0.007075290195643902 -0.27818405628204346
v -0.04724999889731407 -0.007656997535377741 -0.27765682339668274
v -0.04724999889731407 -0.008184227161109447 -0.2770751118659973
v -0.04724999889731407 -0.00865190103650093 -0.27644452452659607
v -0.04724999889731407 -0.009055512957274914 -0.2757711410522461
v -0.04724999889731407 -0.009391178376972675 -0.2750614285469055
v -0.04724999889731407 -0.0096556656062603 -0.2743222415447235
v -0.04724999889731407 -0.00984642468392849 -0.27356070280075073
v -0.04724999889731407 -0.009961619973182678 -0.27278411388397217
v -0.04724999889731407 -0.010000141337513924 -0.27199995517730713
v -0.04544999450445175 -0.010000132024288177 -0.24799995124340057
v -0.04544999450445175 -0.009961610659956932 -0.24721582233905792
v -0.04544999450445175 -0.009846414439380169 -0.24643924832344055
v -0.04544999450445175 -0.009655654430389404 -0.24567767977714539
v -0.04544999450445175 -0.00939116720110178 -0.24493850767612457
v -0.04544999450445175 -0.009055500850081444 -0.2442287802696228
v -0.04544999450445175 -0.008651887066662312 -0.24355541169643402
v -0.04544999450445175 -0.008184214122593403 -0.24292480945587158
v -0.045449983328580856 -0.0076569849625229836 -0.24234309792518616
v -0.045449983328580856 -0.00707527669146657 -0.24181586503982544
v -0.045449983328580856 -0.006444690749049187 -0.24134820699691772
v -0.045449983328580856 -0.005771303083747625 -0.24094459414482117
v -0.045449983328580856 -0.005061596166342497 -0.24060894548892975
v -0.045449983328580856 -0.0043224068358540535 -0.24034442007541656
v -0.045449983328580856 -0.0035608517937362194 -0.24015368521213531
v -0.045449983328580856 -0.0027842663694173098 -0.24003848433494568
v -0.045449983328580856 -0.002000129781663418 -0.23999996483325958
v -0.045449983328580856 -0.0012159928446635604 -0.24003848433494568
v -0.045449983328580856 -0.0004394073330331594 -0.24015368521213531
v -0.045449983328580856 0.00032214706880040467 -0.24034442007541656
v -0.045449983328580856 0.0010613373015075922 -0.24060894548892975
v -0.045449983328580856 0.0017710431711748242 -0.24094459414482117
v -0.045449983328580856 0.002444431185722351 -0.24134820699691772
v -0.045449983328580856 0.003075014567002654 -0.24181586503982544
v -0.045449983328580856 0.0036567223723977804 -0.24234309792518616
v -0.045449983328580856 0.004183951765298843 -0.24292480945587158
v -0.045449983328580856 0.004651624709367752 -0.24355541169643402
v -0.045449983328580856 0.005055236630141735 -0.2442287802696228
v -0.045449983328580856 0.005390902515500784 -0.24493850767612457
v -0.045449983328580856 0.005655388813465834 -0.24567767977714539
v -0.045449983328580856 0.005846147425472736 -0.24643924832344055
v -0.045449983328580856 0.005961342249065638 -0.24721582233905792
v -0.045449983328580856 0.005999865476042032 -0.24799995124340057
v -0.04544999450445175 0.0059998538345098495 -0.27199995517730713
v -0.04544999450445175 0.005961332004517317 -0.27278411388397217
v -0.04544999450445175 0.005846136249601841 -0.27356070280075073
v -0.04544999450445175 0.005655376240611076 -0.2743222415447235
v -0.04544999450445175 0.005390890408307314 -0.2750614285469055
v -0.04544999450445175 0.005055224057286978 -0.2757711410522461
v -0.04544999450445175 0.004651609808206558 -0.27644452452659607
v -0.04544999450445175 0.004183937795460224 -0.2770751118659973
v -0.04544999450445175 0.003656708635389805 -0.27765682339668274
v -0.04544999450445175 0.003075000364333391 -0.27818405628204346
v -0.04544999450445175 0.0024444153532385826 -0.27865171432495117
v -0.04544999450445175 0.0017710281535983086 -0.27905532717704773
v -0.04544999450445175 0.0010613218182697892 -0.27939099073410034
v -0.04544999450445175 0.0003221313236281276 -0.27965548634529114
v -0.04544999450445175 -0.00043942328193224967 -0.2798462510108948
v -0.04544999450445175 -0.0012160089099779725 -0.2799614667892456
v -0.04544999450445175 -0.00200014584697783 -0.2799999713897705
v -0.04544999450445175 -0.002784282434731722 -0.2799614667892456
v -0.04544999450445175 -0.0035608678590506315 -0.2798462510108948
v -0.04544999450445175 -0.004322422668337822 -0.27965548634529114
v -0.04544999450445175 -0.005061611998826265 -0.27939099073410034
v -0.04544999450445175 -0.005771317984908819 -0.27905532717704773
v -0.04544999450445175 -0.006444706581532955 -0.27865171432495117
v -0.04544999450445175 -0.007075290661305189 -0.27818405628204346
v -0.04544999450445175 -0.0076569984667003155 -0.27765682339668274
v -0.04544999450445175 -0.008184228092432022 -0.2770751118659973
v -0.04544999450445175 -0.008651901967823505 -0.27644452452659607
v -0.04544999450445175 -0.009055513888597488 -0.2757711410522461
v -0.04544999450445175 -0.00939117930829525 -0.2750614285469055
v -0.04544999450445175 -0.009655667468905449 -0.2743222415447235
v -0.04544999450445175 -0.009846425615251064 -0.27356070280075073
v -0.04544999450445175 -0.009961620904505253 -0.27278411388397217
v -0.04544999450445175 -0.010000142268836498 -0.27199995517730713
v -0.05654999613761902 -0.010000131092965603 -0.24799995124340057
v -0.05654999613761902 -0.009961609728634357 -0.24721582233905792
v -0.05654999613761902 -0.009846414439380169 -0.24643924832344055
v -0.05654999613761902 -0.009655654430389404 -0.24567767977714539
v -0.05654999613761902 -0.00939116720110178 -0.24493850767612457
v -0.05654999241232872 -0.009055500850081444 -0.2442287802696228
v -0.05654999241232872 -0.008651887066662312 -0.24355541169643402
v -0.05654999241232872 -0.008184213191270828 -0.24292480945587158
v -0.05654999241232872 -0.0076569849625229836 -0.24234309792518616
v -0.05654999241232872 -0.007075276225805283 -0.24181586503982544
v -0.05654999241232872 -0.006444691214710474 -0.24134820699691772
v -0.05654999241232872 -0.005771303549408913 -0.24094459414482117
v -0.05654999241232872 -0.005061596166342497 -0.24060894548892975
v -0.05654999241232872 -0.004322407301515341 -0.24034442007541656
v -0.05654999241232872 -0.0035608522593975067 -0.24015368521213531
v -0.05654999241232872 -0.0027842670679092407 -0.24003848433494568
v -0.05654999241232872 -0.002000129781663418 -0.23999996483325958
v -0.05654999241232872 -0.0012159928446635604 -0.24003848433494568
v -0.05654999241232872 -0.00043940756586380303 -0.24015367031097412
v -0.05654999241232872 0.000322146835969761 -0.24034442007541656
v -0.05654999241232872 0.0010613370686769485 -0.24060891568660736
v -0.05654999241232872 0.0017710430547595024 -0.24094459414482117
v -0.05654999241232872 0.0024444309528917074 -0.24134820699691772
v -0.05654999241232872 0.003075014567002654 -0.24181586503982544
v -0.05654999241232872 0.0036567223723977804 -0.24234309792518616
v -0.05654999241232872 0.004183951765298843 -0.24292480945587158
v -0.05654999241232872 0.004651624709367752 -0.24355541169643402
v -0.05654999241232872 0.005055236630141735 -0.2442287802696228
v -0.05654999241232872 0.005390902515500784 -0.24493850767612457
v -0.05654999241232872 0.005655388813465834 -0.24567767977714539
v -0.05654999241232872 0.005846147425472736 -0.24643924832344055
v -0.05654999241232872 0.005961342714726925 -0.24721582233905792
v -0.05654999241232872 0.005999865476042032 -0.24799995124340057
v -0.05654999613761902 0.005999854765832424 -0.27199995517730713
v -0.05654999613761902 0.005961332004517317 -0.27278411388397217
v -0.05654999613761902 0.005846136249601841 -0.27356070280075073
v -0.05654999613761902 0.005655376240611076 -0.2743222415447235
v -0.05654999613761902 0.005390890408307314 -0.2750614285469055
v -0.05654999986290932 0.005055224057286978 -0.2757711410522461
v -0.05654999986290932 0.004651609808206558 -0.27644452452659607
v -0.05654999986290932 0.004183937795460224 -0.2770751118659973
v -0.05654999986290932 0.0036567088682204485 -0.27765682339668274
v -0.05654999986290932 0.003075000597164035 -0.27818405628204346
v -0.05654999986290932 0.0024444153532385826 -0.27865171432495117
v -0.05654999986290932 0.001771027920767665 -0.27905532717704773
v -0.05654999986290932 0.0010613215854391456 -0.27939099073410034
v -0.05654999986290932 0.0003221310907974839 -0.27965548634529114
v -0.05654999986290932 -0.0004394235147628933 -0.2798462510108948
v -0.05654999986290932 -0.0012160090263932943 -0.2799614667892456
v -0.05654999986290932 -0.00200014584697783 -0.2799999713897705
v -0.05654999986290932 -0.002784283133223653 -0.2799614667892456
v -0.05654999986290932 -0.003560868091881275 -0.2798462510108948
v -0.05654999986290932 -0.004322423133999109 -0.27965548634529114
v -0.05654999986290932 -0.005061611998826265 -0.27939099073410034
v -0.05654999986290932 -0.0057713184505701065 -0.27905532717704773
v -0.05654999986290932 -0.00644470751285553 -0.27865171432495117
v -0.05654999986290932 -0.007075290661305189 -0.27818405628204346
v -0.05654999986290932 -0.0076569984667003155 -0.27765682339668274
v -0.05654999986290932 -0.008184228092432022 -0.2770751118659973
v -0.05654999986290932 -0.00865190103650093 -0.27644452452659607
v -0.05654999986290932 -0.009055513888597488 -0.2757711410522461
v -0.05654999986290932 -0.00939117930829525 -0.2750614285469055
v -0.05654999986290932 -0.009655667468905449 -0.2743222415447235
v -0.05654999986290932 -0.009846425615251064 -0.27356070280075073
v -0.05654999986290932 -0.009961620904505253 -0.27278411388397217
v -0.05654999986290932 -0.010000141337513924 -0.27199995517730713
v -0.0547499917447567 -0.010000132955610752 -0.24799995124340057
v -0.0547499917447567 -0.009961611591279507 -0.24721582233905792
v -0.0547499917447567 -0.009846415370702744 -0.24643924832344055
v -0.0547499917447567 -0.009655655361711979 -0.24567767977714539
v -0.0547499917447567 -0.009391168132424355 -0.24493850767612457
v -0.0547499917447567 -0.009055501781404018 -0.2442287802696228
v -0.0547499917447567 -0.008651887997984886 -0.24355541169643402
v -0.0547499917447567 -0.008184215053915977 -0.24292480945587158
v -0.0547499917447567 -0.007656985428184271 -0.24234309792518616
v -0.0547499917447567 -0.0070752776227891445 -0.24181586503982544
v -0.0547499917447567 -0.006444691680371761 -0.24134820699691772
v -0.0547499917447567 -0.005771303549408913 -0.24094459414482117
v -0.0547499917447567 -0.005061597563326359 -0.24060894548892975
v -0.0547499917447567 -0.004322407767176628 -0.24034442007541656
v -0.0547499917447567 -0.003560852725058794 -0.24015368521213531
v -0.0547499917447567 -0.0027842673007398844 -0.24003848433494568
v -0.0547499917447567 -0.0020001304801553488 -0.23999996483325958
v -0.0547499917447567 -0.0012159934267401695 -0.24003848433494568
v -0.0547499917447567 -0.00043940803152509034 -0.24015368521213531
v -0.0547499917447567 0.00032214639941230416 -0.24034442007541656
v -0.0547499917447567 0.0010613366030156612 -0.24060894548892975
v -0.0547499917447567 0.0017710424726828933 -0.24094459414482117
v -0.0547499917447567 0.0024444307200610638 -0.24134820699691772
v -0.0547499917447567 0.0030750136356800795 -0.24181586503982544
v -0.0547499917447567 0.003656721441075206 -0.24234309792518616
v -0.0547499917447567 0.004183950833976269 -0.24292480945587158
v -0.0547499917447567 0.0046516237780451775 -0.24355541169643402
v -0.0547499917447567 0.005055236164480448 -0.2442287802696228
v -0.0547499917447567 0.005390901118516922 -0.24493850767612457
v -0.0547499917447567 0.005655387416481972 -0.24567767977714539
v -0.0547499917447567 0.005846146959811449 -0.24643924832344055
v -0.0547499917447567 0.00596134178340435 -0.24721582233905792
v -0.0547499917447567 0.00599986407905817 -0.24799995124340057
v -0.054749999195337296 0.005999853368848562 -0.27199995517730713
v -0.054749999195337296 0.005961331073194742 -0.27278411388397217
v -0.054749999195337296 0.005846135318279266 -0.27356070280075073
v -0.054749999195337296 0.005655375309288502 -0.2743222415447235
v -0.054749999195337296 0.005390889476984739 -0.2750614285469055
v -0.054749999195337296 0.0050552235916256905 -0.2757711410522461
v -0.054749999195337296 0.004651608876883984 -0.27644452452659607
v -0.054749999195337296 0.0041839368641376495 -0.2770751118659973
v -0.054749999195337296 0.003656707936897874 -0.27765682339668274
v -0.054749999195337296 0.0030749996658414602 -0.27818405628204346
v -0.054749999195337296 0.0024444148875772953 -0.27865171432495117
v -0.054749999195337296 0.0017710274551063776 -0.27905532717704773
v -0.054749999195337296 0.0010613211197778583 -0.27939099073410034
v -0.054750002920627594 0.00032213065424002707 -0.27965548634529114
v -0.054750002920627594 -0.0004394239804241806 -0.2798462510108948
v -0.054750002920627594 -0.0012160096084699035 -0.2799614667892456
v -0.054750002920627594 -0.0020001463126391172 -0.2799999713897705
v -0.054750002920627594 -0.0027842833660542965 -0.2799614667892456
v -0.054750002920627594 -0.0035608685575425625 -0.2798462510108948
v -0.054750002920627594 -0.004322423133999109 -0.27965548634529114
v -0.054750002920627594 -0.00506161293014884 -0.27939099073410034
v -0.054750002920627594 -0.0057713184505701065 -0.27905532717704773
v -0.054750002920627594 -0.00644470751285553 -0.27865171432495117
v -0.054750002920627594 -0.007075291592627764 -0.27818405628204346
v -0.054750002920627594 -0.00765699939802289 -0.27765682339668274
v -0.054750002920627594 -0.008184229023754597 -0.2770751118659973
v -0.054750002920627594 -0.00865190289914608 -0.27644452452659607
v -0.054750002920627594 -0.009055514819920063 -0.2757711410522461
v -0.054750002920627594 -0.009391180239617825 -0.2750614285469055
v -0.054750002920627594 -0.009655667468905449 -0.2743222415447235
v -0.054750002920627594 -0.009846426546573639 -0.27356070280075073
v -0.054750002920627594 -0.009961621835827827 -0.27278411388397217
v -0.054750002920627594 -0.010000144131481647 -0.27199995517730713
v -0.04724999889731407 0.0059998538345098495 -0.27199995517730713
v -0.04724999889731407 0.0059613315388560295 -0.27278411388397217
v -0.04724999889731407 0.005846136249601841 -0.27356070280075073
v -0.04724999889731407 0.005655376240611076 -0.2743222415447235
v -0.04724999889731407 0.005390889942646027 -0.2750614285469055
v -0.04724999889731407 0.0050552235916256905 -0.2757711410522461
v -0.04724999889731407 0.004651609808206558 -0.27644452452659607
v -0.04724999889731407 0.004183937795460224 -0.2770751118659973
v -0.04724999889731407 0.0036567081697285175 -0.27765682339668274
v -0.04724999889731407 0.003074999898672104 -0.27818405628204346
v -0.04724999889731407 0.0024444153532385826 -0.27865171432495117
v -0.04724999889731407 0.0017710280371829867 -0.27905532717704773
v -0.04724999889731407 0.0010613217018544674 -0.27939099073410034
v -0.04725000634789467 0.00032213120721280575 -0.27965548634529114
v -0.04725000634789467 -0.00043942342745140195 -0.2798462510108948
v -0.04725000634789467 -0.0012160090263932943 -0.2799614667892456
v -0.04725000634789467 -0.00200014584697783 -0.2799999713897705
v -0.04725000634789467 -0.0027842826675623655 -0.2799614667892456
v -0.04725000634789467 -0.003560868091881275 -0.2798462510108948
v -0.04725000634789467 -0.004322422668337822 -0.27965548634529114
v -0.04725000634789467 -0.005061612464487553 -0.27939099073410034
v -0.04725000634789467 -0.0057713184505701065 -0.27905532717704773
v -0.04725000634789467 -0.006444706581532955 -0.27865171432495117
v -0.04725000634789467 -0.0070752911269664764 -0.27818405628204346
v -0.04725000634789467 -0.0076569984667003155 -0.27765682339668274
v -0.04725000634789467 -0.008184228092432022 -0.2770751118659973
v -0.04725000634789467 -0.008651901967823505 -0.27644452452659607
v -0.04725000634789467 -0.009055514819920063 -0.2757711410522461
v -0.04725000634789467 -0.00939117930829525 -0.2750614285469055
v -0.04725000634789467 -0.009655667468905449 -0.2743222415447235
v -0.04725000634789467 -0.009846425615251064 -0.27356070280075073
v -0.04725000634789467 -0.009961620904505253 -0.27278411388397217
v -0.04725000634789467 -0.010000142268836498 -0.27199995517730713
v -0.049049995839595795 0.0059998673386871815 -0.24799999594688416
v -0.049049995839595795 0.005961344577372074 -0.2487841248512268
v -0.049049995839595795 0.005846148356795311 -0.24956069886684418
v -0.049049995839595795 0.005655389279127121 -0.25032225251197815
v -0.049049995839595795 0.005390902981162071 -0.25106146931648254
v -0.049049995839595795 0.005055236630141735 -0.25177115201950073
v -0.049049995839595795 0.0046516223810613155 -0.2524445652961731
v -0.049049995839595795 0.0041839503683149815 -0.25307515263557434
v -0.049049995839595795 0.003656721441075206 -0.2536568343639374
v -0.049049995839595795 0.003075013170018792 -0.2541840672492981
v -0.049049995839595795 0.0024444283917546272 -0.2546517252922058
v -0.049049995839595795 0.0017710410756990314 -0.25505533814430237
v -0.049049995839595795 0.0010613348567858338 -0.25539103150367737
v -0.04904999956488609 0.0003221443039365113 -0.25565552711486816
v -0.04904999956488609 -0.00043941030162386596 -0.2558462619781494
v -0.04904999956488609 -0.0012159958714619279 -0.25596144795417786
v -0.04904999956488609 -0.0020001328084617853 -0.25599998235702515
v -0.04904999956488609 -0.002784269629046321 -0.25596144795417786
v -0.04904999956488609 -0.0035608550533652306 -0.2558462619781494
v -0.04904999956488609 -0.004322410095483065 -0.25565552711486816
v -0.04904999956488609 -0.005061599425971508 -0.25539103150367737
v -0.04904999956488609 -0.005771305412054062 -0.25505533814430237
v -0.04904999956488609 -0.0064446935430169106 -0.2546517252922058
v -0.04904999956488609 -0.007075278088450432 -0.2541840672492981
v -0.04904999956488609 -0.007656985428184271 -0.2536568343639374
v -0.04904999956488609 -0.008184215053915977 -0.25307515263557434
v -0.04904999956488609 -0.00865188892930746 -0.2524445652961731
v -0.04904999956488609 -0.009055500850081444 -0.25177115201950073
v -0.04904999956488609 -0.009391166269779205 -0.25106146931648254
v -0.04904999956488609 -0.00965565349906683 -0.25032225251197815
v -0.04904999956488609 -0.009846413508057594 -0.24956069886684418
v -0.04904999956488609 -0.009961607865989208 -0.2487841248512268
v -0.04904999956488609 -0.010000129230320454 -0.24799999594688416
v -0.049049992114305496 -0.010000118985772133 -0.2239999771118164
v -0.049049992114305496 -0.009961597621440887 -0.22321584820747375
v -0.049049992114305496 -0.009846402332186699 -0.2224392592906952
v -0.049049992114305496 -0.009655642323195934 -0.22167770564556122
v -0.049049992114305496 -0.00939115509390831 -0.2209385335445404
v -0.049049992114305496 -0.009055488742887974 -0.22022880613803864
v -0.049049992114305496 -0.008651874959468842 -0.21955543756484985
v -0.049049992114305496 -0.008184201084077358 -0.21892482042312622
v -0.049049992114305496 -0.007656972389668226 -0.218343123793602
v -0.049049992114305496 -0.007075263652950525 -0.21781589090824127
v -0.049049992114305496 -0.006444678176194429 -0.21734823286533356
v -0.049049992114305496 -0.005771290045231581 -0.216944620013237
v -0.049049992114305496 -0.005061584059149027 -0.2166089564561844
v -0.049049992114305496 -0.004322394262999296 -0.2163444459438324
v -0.049049992114305496 -0.0035608389880508184 -0.21615371108055115
v -0.049049992114305496 -0.002784253563731909 -0.2160385102033615
v -0.049049992114305496 -0.002000116743147373 -0.21599997580051422
v -0.049049992114305496 -0.0012159798061475158 -0.2160385102033615
v -0.049049992114305496 -0.00043939438182860613 -0.21615371108055115
v -0.049049992114305496 0.00032216007821261883 -0.2163444459438324
v -0.049049992114305496 0.0010613503400236368 -0.2166089564561844
v -0.049049992114305496 0.0017710562096908689 -0.216944620013237
v -0.049049992114305496 0.0024444442242383957 -0.21734823286533356
v -0.049049992114305496 0.0030750271398574114 -0.21781589090824127
v -0.049049992114305496 0.003656734712421894 -0.218343123793602
v -0.049049992114305496 0.004183964338153601 -0.21892482042312622
v -0.049049992114305496 0.004651637282222509 -0.21955543756484985
v -0.049049992114305496 0.005055249202996492 -0.22022880613803864
v -0.049049992114305496 0.005390915088355541 -0.2209385335445404
v -0.049049992114305496 0.005655400920659304 -0.22167770564556122
v -0.049049992114305496 0.005846159998327494 -0.2224392592906952
v -0.049049992114305496 0.005961355287581682 -0.22321584820747375
v -0.049049992114305496 0.0059998780488967896 -0.2239999771118164
v -0.047250036150217056 -0.01000010222196579 -0.18999998271465302
v -0.047250036150217056 -0.00996157992631197 -0.18921583890914917
v -0.047250036150217056 -0.009846384637057781 -0.1884392499923706
v -0.047250036150217056 -0.009655625559389591 -0.18767768144607544
v -0.047250036150217056 -0.009391138330101967 -0.18693850934505463
v -0.047250036150217056 -0.00905547197908163 -0.18622878193855286
v -0.04725003242492676 -0.008651858195662498 -0.18555541336536407
v -0.04725003242492676 -0.008184184320271015 -0.18492482602596283
v -0.04725003242492676 -0.007656955160200596 -0.1843430995941162
v -0.04725003242492676 -0.007075246889144182 -0.1838158667087555
v -0.04725003242492676 -0.006444661412388086 -0.18334820866584778
v -0.04725003242492676 -0.005771273747086525 -0.18294459581375122
v -0.04725003242492676 -0.005061567295342684 -0.18260891735553741
v -0.04725003242492676 -0.004322377499192953 -0.1823444366455078
v -0.04725003242492676 -0.0035608229227364063 -0.18215367197990417
v -0.04725003242492676 -0.002784237265586853 -0.18203848600387573
v -0.04725003242492676 -0.0020001002121716738 -0.18199996650218964
v -0.04725003242492676 -0.0012159633915871382 -0.18203848600387573
v -0.04725003242492676 -0.00043937808368355036 -0.18215367197990417
v -0.04725003242492676 0.0003221763181500137 -0.1823444366455078
v -0.04725002497434616 0.0010613665217533708 -0.18260891735553741
v -0.04725002497434616 0.0017710723914206028 -0.18294459581375122
v -0.04725002497434616 0.0024444605223834515 -0.18334820866584778
v -0.04725002497434616 0.003075043670833111 -0.1838158667087555
v -0.04725003242492676 0.003656752174720168 -0.1843430995941162
v -0.04725003242492676 0.004183981101959944 -0.18492482602596283
v -0.04725003242492676 0.004651653580367565 -0.18555541336536407
v -0.04725003242492676 0.0050552659668028355 -0.18622878193855286
v -0.04725003242492676 0.005390931852161884 -0.18693850934505463
v -0.04725003242492676 0.005655417684465647 -0.18767768144607544
v -0.04725003242492676 0.005846177227795124 -0.1884392499923706
v -0.04725003242492676 0.005961372517049313 -0.18921582400798798
v -0.04725003242492676 0.005999894347041845 -0.18999995291233063
v -0.04725002124905586 -0.03150005266070366 -0.1029999703168869
v -0.04725002124905586 -0.031461525708436966 -0.10221584141254425
v -0.04725002124905586 -0.03134633228182793 -0.10143925249576569
v -0.04725002124905586 -0.031155571341514587 -0.10067769885063171
v -0.04725002124905586 -0.030891085043549538 -0.09993850439786911
v -0.047250017523765564 -0.030555419623851776 -0.09922879934310913
v -0.047250017523765564 -0.03015180490911007 -0.09855540841817856
v -0.047250017523765564 -0.02968413382768631 -0.09792482852935791
v -0.047250017523765564 -0.02915690466761589 -0.09734311699867249
v -0.047250017523765564 -0.028575193136930466 -0.09681589156389236
v -0.047250017523765564 -0.02794460766017437 -0.09634821861982346
v -0.047250017523765564 -0.027271220460534096 -0.0959445908665657
v -0.047250017523765564 -0.026561515405774117 -0.09560892730951309
v -0.047250017523765564 -0.02582232467830181 -0.09534445405006409
v -0.047250017523765564 -0.02506076917052269 -0.09515368938446045
v -0.047250017523765564 -0.024284183979034424 -0.09503849595785141
v -0.047250017523765564 -0.023500045761466026 -0.09499997645616531
v -0.047250017523765564 -0.022715909406542778 -0.09503849595785141
v -0.047250017523765564 -0.021939322352409363 -0.09515368938446045
v -0.047250017523765564 -0.02117777056992054 -0.09534445405006409
v -0.047250017523765564 -0.020438579842448235 -0.09560893476009369
v -0.047250017523765564 -0.019728874787688255 -0.0959446057677269
v -0.047250017523765564 -0.01905548758804798 -0.09634822607040405
v -0.047250017523765564 -0.018424903973937035 -0.09681589901447296
v -0.047250017523765564 -0.017843196168541908 -0.09734312444925308
v -0.047250017523765564 -0.01731596514582634 -0.0979248434305191
v -0.047250017523765564 -0.01684829406440258 -0.09855541586875916
v -0.047250017523765564 -0.016444681212306023 -0.09922880679368973
v -0.047250017523765564 -0.016109013929963112 -0.09993851184844971
v -0.047250017523765564 -0.01584452949464321 -0.10067770630121231
v -0.04725002124905586 -0.01565377041697502 -0.10143926739692688
v -0.04725002124905586 -0.015538574196398258 -0.10221584141254425
v -0.04725002124905586 -0.015500051900744438 -0.1029999777674675
v -0.04725003242492676 -0.015500067733228207 -0.13699999451637268
v -0.04725003242492676 -0.015538590028882027 -0.13778412342071533
v -0.04725003242492676 -0.015653785318136215 -0.1385607123374939
v -0.04725002497434616 -0.015844546258449554 -0.13932226598262787
v -0.04725002497434616 -0.016109030693769455 -0.14006145298480988
v -0.04725002497434616 -0.016444697976112366 -0.14077116549015045
v -0.04725002497434616 -0.016848314553499222 -0.14144454896450043
v -0.04725002497434616 -0.01731598563492298 -0.14207513630390167
v -0.04725002497434616 -0.01784321293234825 -0.1426568478345871
v -0.04725002497434616 -0.018424920737743378 -0.14318406581878662
v -0.04725002497434616 -0.019055508077144623 -0.14365173876285553
v -0.04725002497434616 -0.019728895276784897 -0.1440553516149521
v -0.04725002497434616 -0.020438598468899727 -0.1443910151720047
v -0.04725002497434616 -0.02117779105901718 -0.1446555107831955
v -0.04725002497434616 -0.021939346566796303 -0.14484627544879913
v -0.04725002497434616 -0.02271592989563942 -0.14496147632598877
v -0.04725002497434616 -0.023500068113207817 -0.14499998092651367
v -0.04725003242492676 -0.024284204468131065 -0.14496147632598877
v -0.04725003242492676 -0.02506078965961933 -0.14484627544879913
v -0.04725003242492676 -0.025822345167398453 -0.1446555107831955
v -0.04725003242492676 -0.02656153216958046 -0.1443910151720047
v -0.04725003242492676 -0.027271239086985588 -0.1440553516149521
v -0.04725003242492676 -0.02794462814927101 -0.14365173876285553
v -0.04725003242492676 -0.028575211763381958 -0.14318406581878662
v -0.04725003242492676 -0.029156921431422234 -0.1426568329334259
v -0.04725003242492676 -0.029684150591492653 -0.14207513630390167
v -0.04725003242492676 -0.03015182539820671 -0.14144453406333923
v -0.04725003242492676 -0.03055543638765812 -0.14077115058898926
v -0.04725003242492676 -0.03089110180735588 -0.14006145298480988
v -0.04725003242492676 -0.03115558810532093 -0.13932225108146667
v -0.04725002497434616 -0.03134634718298912 -0.1385607123374939
v -0.04725002497434616 -0.03146154060959816 -0.13778410851955414
v -0.04725002497434616 -0.031500063836574554 -0.1369999796152115
v -0.04545002430677414 -0.03150005266070366 -0.1029999777674675
v -0.04545002430677414 -0.031461529433727264 -0.10221584141254425
v -0.04545002430677414 -0.03134633228182793 -0.10143925249576569
v -0.04545002430677414 -0.031155571341514587 -0.10067769885063171
v -0.04545002430677414 -0.030891085043549538 -0.09993850439786911
v -0.04545002430677414 -0.030555419623851776 -0.09922879934310913
v -0.04545002430677414 -0.03015180490911007 -0.09855540841817856
v -0.04545002430677414 -0.02968413382768631 -0.09792482852935791
v -0.045450013130903244 -0.029156900942325592 -0.09734311699867249
v -0.045450013130903244 -0.028575193136930466 -0.09681589156389236
v -0.045450013130903244 -0.02794460952281952 -0.09634821861982346
v -0.045450013130903244 -0.027271220460534096 -0.0959445908665657
v -0.045450013130903244 -0.026561515405774117 -0.09560892730951309
v -0.045450013130903244 -0.02582232467830181 -0.09534445405006409
v -0.045450013130903244 -0.02506076917052269 -0.09515368938446045
v -0.045450013130903244 -0.024284183979034424 -0.09503849595785141
v -0.045450013130903244 -0.023500045761466026 -0.09499997645616531
v -0.045450013130903244 -0.022715909406542778 -0.09503849595785141
v -0.045450013130903244 -0.021939324215054512 -0.09515368938446045
v -0.045450013130903244 -0.02117777056992054 -0.09534445405006409
v -0.045450013130903244 -0.020438579842448235 -0.09560893476009369
v -0.045450013130903244 -0.019728874787688255 -0.0959446057677269
v -0.045450013130903244 -0.01905548758804798 -0.09634822607040405
v -0.045450013130903244 -0.018424905836582184 -0.09681589901447296
v -0.045450013130903244 -0.017843198031187057 -0.09734312444925308
v -0.045450013130903244 -0.01731596700847149 -0.0979248434305191
v -0.045450013130903244 -0.01684829406440258 -0.09855541586875916
v -0.045450013130903244 -0.016444681212306023 -0.09922880679368973
v -0.045450013130903244 -0.01610901579260826 -0.09993851184844971
v -0.045450013130903244 -0.01584452949464321 -0.10067770630121231
v -0.04545001685619354 -0.01565377041697502 -0.10143926739692688
v -0.04545001685619354 -0.015538575127720833 -0.10221584141254425
v -0.04545001685619354 -0.015500052832067013 -0.1029999777674675
v -0.04545002803206444 -0.015500067733228207 -0.13699999451637268
v -0.04545002803206444 -0.015538590960204601 -0.13778412342071533
v -0.04545002803206444 -0.015653787180781364 -0.1385607123374939
v -0.04545002430677414 -0.015844544395804405 -0.13932226598262787
v -0.04545002430677414 -0.016109032556414604 -0.14006145298480988
v -0.04545002430677414 -0.016444697976112366 -0.14077116549015045
v -0.04545002430677414 -0.016848312690854073 -0.14144454896450043
v -0.04545002430677414 -0.01731598563492298 -0.14207513630390167
v -0.04545002430677414 -0.0178432147949934 -0.1426568478345871
v -0.04545002430677414 -0.018424924463033676 -0.14318406581878662
v -0.04545002430677414 -0.019055508077144623 -0.14365173876285553
v -0.04545002430677414 -0.019728895276784897 -0.1440553516149521
v -0.045450031757354736 -0.020438598468899727 -0.1443910151720047
v -0.045450031757354736 -0.021177789196372032 -0.1446555107831955
v -0.045450031757354736 -0.021939342841506004 -0.14484627544879913
v -0.045450031757354736 -0.02271592803299427 -0.14496147632598877
v -0.045450031757354736 -0.02350006438791752 -0.14499998092651367
v -0.045450031757354736 -0.024284202605485916 -0.14496147632598877
v -0.045450031757354736 -0.02506078965961933 -0.14484627544879913
v -0.045450031757354736 -0.025822343304753304 -0.1446555107831955
v -0.045450031757354736 -0.02656153403222561 -0.1443910151720047
v -0.045450031757354736 -0.027271239086985588 -0.1440553516149521
v -0.045450031757354736 -0.02794462814927101 -0.14365173876285553
v -0.045450031757354736 -0.028575211763381958 -0.14318406581878662
v -0.045450031757354736 -0.029156921431422234 -0.1426568329334259
v -0.045450031757354736 -0.029684152454137802 -0.14207513630390167
v -0.045450031757354736 -0.03015182539820671 -0.14144453406333923
v -0.045450031757354736 -0.03055543638765812 -0.14077115058898926
v -0.045450031757354736 -0.03089110180735588 -0.14006145298480988
v -0.045450031757354736 -0.03115558810532093 -0.13932225108146667
v -0.045450031757354736 -0.03134634718298912 -0.1385607123374939
v -0.045450031757354736 -0.03146154433488846 -0.13778410851955414
v -0.045450031757354736 -0.03150006756186485 -0.1369999796152115
v -0.056550025939941406 -0.03150004893541336 -0.1029999703168869
v -0.056550025939941406 -0.031461525708436966 -0.10221584141254425
v -0.056550025939941406 -0.03134633228182793 -0.10143925249576569
v -0.056550025939941406 -0.031155571341514587 -0.10067769885063171
v -0.056550025939941406 -0.030891085043549538 -0.09993850439786911
v -0.056550025939941406 -0.030555419623851776 -0.09922879934310913
v -0.056550025939941406 -0.03015180304646492 -0.09855540841817856
v -0.056550025939941406 -0.02968413010239601 -0.09792482852935791
v -0.056550025939941406 -0.029156900942325592 -0.09734311699867249
v -0.056550025939941406 -0.028575193136930466 -0.09681589156389236
v -0.05655002221465111 -0.02794460766017437 -0.09634821861982346
v -0.05655002221465111 -0.027271220460534096 -0.0959445908665657
v -0.05655002221465111 -0.026561515405774117 -0.09560892730951309
v -0.05655002221465111 -0.02582232467830181 -0.09534445405006409
v -0.05655002221465111 -0.02506076917052269 -0.09515368938446045
v -0.05655002221465111 -0.024284183979034424 -0.09503849595785141
v -0.05655002221465111 -0.023500045761466026 -0.09499997645616531
v -0.05655002221465111 -0.022715909406542778 -0.09503849595785141
v -0.05655002221465111 -0.021939322352409363 -0.09515368938446045
v -0.05655002221465111 -0.02117777056992054 -0.09534445405006409
v -0.05655002221465111 -0.020438579842448235 -0.09560893476009369
v -0.05655002221465111 -0.019728876650333405 -0.0959446057677269
v -0.05655002221465111 -0.01905548758804798 -0.09634822607040405
v -0.05655002221465111 -0.018424903973937035 -0.09681589901447296
v -0.05655002221465111 -0.017843196168541908 -0.09734312444925308
v -0.05655002221465111 -0.01731596700847149 -0.0979248434305191
v -0.05655002221465111 -0.01684829406440258 -0.09855541586875916
v -0.05655002221465111 -0.016444681212306023 -0.09922880679368973
v -0.05655002221465111 -0.016109013929963112 -0.09993851184844971
v -0.05655002221465111 -0.01584452949464321 -0.10067770630121231
v -0.056550025939941406 -0.015653768554329872 -0.10143926739692688
v -0.056550025939941406 -0.015538575127720833 -0.10221584141254425
v -0.056550025939941406 -0.015500051900744438 -0.1029999777674675
v -0.0565500445663929 -0.015500065870583057 -0.13699999451637268
v -0.0565500445663929 -0.015538589097559452 -0.13778412342071533
v -0.0565500445663929 -0.015653783455491066 -0.1385607123374939
v -0.0565500408411026 -0.015844544395804405 -0.13932226598262787
v -0.0565500408411026 -0.016109030693769455 -0.14006145298480988
v -0.0565500408411026 -0.016444696113467216 -0.14077116549015045
v -0.0565500408411026 -0.016848310828208923 -0.14144454896450043
v -0.0565500408411026 -0.017315983772277832 -0.14207513630390167
v -0.0565500408411026 -0.01784321293234825 -0.1426568478345871
v -0.0565500408411026 -0.018424922600388527 -0.14318406581878662
v -0.0565500445663929 -0.019055508077144623 -0.14365173876285553
v -0.0565500445663929 -0.019728895276784897 -0.1440553516149521
v -0.0565500445663929 -0.020438598468899727 -0.1443910151720047
v -0.0565500445663929 -0.021177787333726883 -0.1446555107831955
v -0.0565500445663929 -0.021939340978860855 -0.14484627544879913
v -0.0565500445663929 -0.02271592617034912 -0.14496147632598877
v -0.0565500445663929 -0.02350006252527237 -0.14499998092651367
v -0.0565500445663929 -0.024284200742840767 -0.14496147632598877
v -0.0565500445663929 -0.025060785934329033 -0.14484627544879913
v -0.0565500445663929 -0.025822341442108154 -0.1446555107831955
v -0.0565500445663929 -0.02656153216958046 -0.1443910151720047
v -0.0565500445663929 -0.02727123722434044 -0.1440553516149521
v -0.0565500445663929 -0.027944626286625862 -0.14365173876285553
v -0.0565500445663929 -0.02857520990073681 -0.14318406581878662
v -0.0565500445663929 -0.029156917706131935 -0.1426568329334259
v -0.0565500445663929 -0.029684145003557205 -0.14207513630390167
v -0.0565500445663929 -0.030151819810271263 -0.14144453406333923
v -0.0565500445663929 -0.03055543079972267 -0.14077115058898926
v -0.0565500445663929 -0.030891098082065582 -0.14006145298480988
v -0.0565500445663929 -0.03115558624267578 -0.13932225108146667
v -0.0565500445663929 -0.03134634718298912 -0.1385607123374939
v -0.0565500445663929 -0.03146154060959816 -0.13778410851955414
v -0.0565500445663929 -0.031500063836574554 -0.1369999796152115
v -0.054750025272369385 -0.03150004893541336 -0.1029999777674675
v -0.054750025272369385 -0.031461525708436966 -0.10221584141254425
v -0.054750025272369385 -0.03134633228182793 -0.10143925249576569
v -0.054750025272369385 -0.031155571341514587 -0.10067769885063171
v -0.054750025272369385 -0.030891085043549538 -0.09993850439786911
v -0.054750025272369385 -0.030555417761206627 -0.09922879934310913
v -0.054750021547079086 -0.03015180304646492 -0.09855540841817856
v -0.054750021547079086 -0.02968413010239601 -0.09792482852935791
v -0.054750021547079086 -0.029156900942325592 -0.09734311699867249
v -0.054750021547079086 -0.028575193136930466 -0.09681589156389236
v -0.054750021547079086 -0.02794460952281952 -0.09634821861982346
v -0.054750021547079086 -0.027271220460534096 -0.0959446057677269
v -0.054750021547079086 -0.026561515405774117 -0.09560892730951309
v -0.054750021547079086 -0.02582232467830181 -0.09534445405006409
v -0.054750021547079086 -0.02506076917052269 -0.09515368938446045
v -0.054750021547079086 -0.024284180253744125 -0.09503849595785141
v -0.054750021547079086 -0.023500043898820877 -0.09499997645616531
v -0.054750021547079086 -0.02271590568125248 -0.09503849595785141
v -0.054750021547079086 -0.021939324215054512 -0.09515368938446045
v -0.054750021547079086 -0.02117777056992054 -0.09534445405006409
v -0.05475001782178879 -0.020438581705093384 -0.09560893476009369
v -0.05475001782178879 -0.019728878512978554 -0.0959446057677269
v -0.05475001782178879 -0.01905549131333828 -0.09634822607040405
v -0.05475001782178879 -0.018424907699227333 -0.09681589901447296
v -0.054750021547079086 -0.017843198031187057 -0.09734312444925308
v -0.054750021547079086 -0.017315968871116638 -0.0979248434305191
v -0.054750021547079086 -0.01684829592704773 -0.09855541586875916
v -0.054750021547079086 -0.016444683074951172 -0.09922880679368973
v -0.054750021547079086 -0.01610901765525341 -0.09993851184844971
v -0.054750021547079086 -0.01584453135728836 -0.10067770630121231
v -0.054750025272369385 -0.01565377227962017 -0.10143926739692688
v -0.054750025272369385 -0.015538575127720833 -0.10221584141254425
v -0.054750025272369385 -0.015500055626034737 -0.1029999777674675
v -0.05475004017353058 -0.015500067733228207 -0.13699999451637268
v -0.05475004017353058 -0.015538590960204601 -0.13778412342071533
v -0.05475004017353058 -0.015653787180781364 -0.1385607123374939
v -0.05475004017353058 -0.015844546258449554 -0.13932226598262787
v -0.05475004017353058 -0.016109032556414604 -0.14006145298480988
v -0.05475004017353058 -0.016444697976112366 -0.14077116549015045
v -0.05475004017353058 -0.016848312690854073 -0.14144454896450043
v -0.05475004017353058 -0.01731598563492298 -0.14207513630390167
v -0.05475004017353058 -0.0178432147949934 -0.1426568478345871
v -0.05475004017353058 -0.018424922600388527 -0.14318406581878662
v -0.05475004017353058 -0.019055508077144623 -0.14365173876285553
v -0.05475004017353058 -0.019728897139430046 -0.1440553516149521
v -0.05475004017353058 -0.020438598468899727 -0.1443910151720047
v -0.05475004017353058 -0.021177787333726883 -0.1446555107831955
v -0.054750047624111176 -0.021939340978860855 -0.14484627544879913
v -0.054750047624111176 -0.02271592803299427 -0.14496147632598877
v -0.054750047624111176 -0.02350006438791752 -0.14499998092651367
v -0.054750047624111176 -0.024284202605485916 -0.14496147632598877
v -0.054750047624111176 -0.025060785934329033 -0.14484627544879913
v -0.054750047624111176 -0.025822343304753304 -0.1446555107831955
v -0.054750047624111176 -0.02656153216958046 -0.1443910151720047
v -0.054750047624111176 -0.027271239086985588 -0.1440553516149521
v -0.054750047624111176 -0.027944626286625862 -0.14365173876285553
v -0.054750047624111176 -0.028575211763381958 -0.14318406581878662
v -0.054750047624111176 -0.029156921431422234 -0.1426568329334259
v -0.054750047624111176 -0.029684146866202354 -0.14207513630390167
v -0.054750047624111176 -0.030151821672916412 -0.14144453406333923
v -0.054750047624111176 -0.03055543452501297 -0.14077115058898926
v -0.054750047624111176 -0.03089110180735588 -0.14006145298480988
v -0.054750047624111176 -0.03115558810532093 -0.13932225108146667
v -0.054750047624111176 -0.03134634718298912 -0.1385607123374939
v -0.05475004017353058 -0.03146154060959816 -0.13778410851955414
v -0.05475004017353058 -0.031500063836574554 -0.1369999796152115
v -0.0547499842941761 -0.031500063836574554 -0.13699999451637268
v -0.0547499842941761 -0.03146154433488846 -0.13621585071086884
v -0.0547499842941761 -0.03134634718298912 -0.13543926179409027
v -0.0547499842941761 -0.03115558810532093 -0.1346777081489563
v -0.0547499842941761 -0.030891098082065582 -0.1339385211467743
v -0.0547499805688858 -0.03055543079972267 -0.1332288235425949
v -0.0547499805688858 -0.030151819810271263 -0.13255542516708374
v -0.0547499805688858 -0.029684145003557205 -0.1319248378276825
v -0.0547499805688858 -0.029156917706131935 -0.13134314119815826
v -0.0547499805688858 -0.02857520990073681 -0.13081590831279755
v -0.0547499805688858 -0.027944624423980713 -0.13034823536872864
v -0.0547499805688858 -0.02727123722434044 -0.12994462251663208
v -0.0547499805688858 -0.026561526581645012 -0.12960895895957947
v -0.0547499805688858 -0.025822337716817856 -0.12934447824954987
v -0.0547499805688858 -0.025060782209038734 -0.12915371358394623
v -0.0547499805688858 -0.02428419701755047 -0.1290385127067566
v -0.0547499805688858 -0.02350006066262722 -0.1289999932050705
v -0.0547499805688858 -0.022715922445058823 -0.1290385127067566
v -0.0547499805688858 -0.021939339116215706 -0.12915371358394623
v -0.0547499805688858 -0.021177783608436584 -0.12934447824954987
v -0.0547499805688858 -0.02043859474360943 -0.12960895895957947
v -0.0547499805688858 -0.019728893414139748 -0.12994462251663208
v -0.0547499805688858 -0.019055504351854324 -0.13034825026988983
v -0.0547499805688858 -0.018424920737743378 -0.13081592321395874
v -0.0547499805688858 -0.01784321293234825 -0.13134314119815826
v -0.0547499805688858 -0.017315983772277832 -0.1319248527288437
v -0.0547499805688858 -0.016848310828208923 -0.13255544006824493
v -0.0547499805688858 -0.016444697976112366 -0.1332288235425949
v -0.0547499805688858 -0.016109032556414604 -0.13393853604793549
v -0.0547499805688858 -0.015844546258449554 -0.1346777081489563
v -0.0547499842941761 -0.015653787180781364 -0.13543927669525146
v -0.0547499842941761 -0.015538591891527176 -0.13621586561203003
v -0.0547499842941761 -0.015500068664550781 -0.13699999451637268
v -0.0547499880194664 -0.015500080771744251 -0.16099998354911804
v -0.0547499880194664 -0.015538603067398071 -0.1617841273546219
v -0.0547499880194664 -0.01565379835665226 -0.16256070137023926
v -0.0547499842941761 -0.0158445592969656 -0.16332225501537323
v -0.0547499842941761 -0.0161090437322855 -0.16406145691871643
v -0.0547499880194664 -0.01644471101462841 -0.1647711545228958
v -0.0547499880194664 -0.016848325729370117 -0.16544455289840698
v -0.0547499880194664 -0.017315998673439026 -0.16607511043548584
v -0.0547499880194664 -0.017843227833509445 -0.16665680706501007
v -0.0547499880194664 -0.01842493563890457 -0.1671840399503708
v -0.0547499880194664 -0.019055521115660667 -0.1676517277956009
v -0.0547499880194664 -0.01972890831530094 -0.16805531084537506
v -0.0547499880194664 -0.020438609644770622 -0.16839100420475006
v -0.0547499880194664 -0.021177800372242928 -0.16865548491477966
v -0.0547499880194664 -0.02193935588002205 -0.1688462495803833
v -0.0547499880194664 -0.022715942934155464 -0.16896143555641174
v -0.0547499880194664 -0.023500079289078712 -0.16899995505809784
v -0.0547499880194664 -0.02428421378135681 -0.16896143555641174
v -0.0547499880194664 -0.025060800835490227 -0.1688462495803833
v -0.0547499880194664 -0.0258223544806242 -0.16865548491477966
v -0.0547499880194664 -0.026561543345451355 -0.16839100420475006
v -0.0547499880194664 -0.027271248400211334 -0.16805531084537506
v -0.0547499880194664 -0.027944637462496758 -0.1676517277956009
v -0.0547499880194664 -0.028575222939252853 -0.1671840399503708
v -0.0547499880194664 -0.02915693074464798 -0.16665680706501007
v -0.0547499880194664 -0.0296841599047184 -0.16607511043548584
v -0.0547499880194664 -0.030151834711432457 -0.1654445379972458
v -0.0547499880194664 -0.030555445700883865 -0.16477112472057343
v -0.0547499880194664 -0.030891111120581627 -0.16406144201755524
v -0.0547499880194664 -0.031155597418546677 -0.16332222521305084
v -0.0547499880194664 -0.031346358358860016 -0.16256068646907806
v -0.0547499880194664 -0.031461551785469055 -0.1617841124534607
v -0.0547499880194664 -0.03150007873773575 -0.16099995374679565
v -0.05294997990131378 -0.031500063836574554 -0.13699999451637268
v -0.05294997990131378 -0.03146154433488846 -0.13621585071086884
v -0.05294997990131378 -0.03134635090827942 -0.13543926179409027
v -0.05294997990131378 -0.03115558810532093 -0.1346777081489563
v -0.05294997990131378 -0.03089110180735588 -0.1339385211467743
v -0.05294997990131378 -0.03055543452501297 -0.1332288235425949
v -0.05294997990131378 -0.030151819810271263 -0.13255542516708374
v -0.05294997990131378 -0.029684146866202354 -0.1319248378276825
v -0.05294997990131378 -0.029156917706131935 -0.13134314119815826
v -0.05294997990131378 -0.02857520990073681 -0.13081590831279755
v -0.05294997990131378 -0.027944624423980713 -0.13034823536872864
v -0.05294997990131378 -0.02727123536169529 -0.12994462251663208
v -0.05294997990131378 -0.02656152844429016 -0.12960895895957947
v -0.05294997990131378 -0.025822337716817856 -0.12934447824954987
v -0.05294997990131378 -0.025060784071683884 -0.12915371358394623
v -0.05294997990131378 -0.02428419701755047 -0.1290385127067566
v -0.05294997990131378 -0.02350006066262722 -0.1289999932050705
v -0.05294997990131378 -0.022715922445058823 -0.1290385127067566
v -0.05294997990131378 -0.021939339116215706 -0.12915371358394623
v -0.05294997990131378 -0.021177783608436584 -0.12934447824954987
v -0.05294997990131378 -0.02043859474360943 -0.12960895895957947
v -0.05294997990131378 -0.019728893414139748 -0.12994462251663208
v -0.05294997990131378 -0.019055506214499474 -0.13034825026988983
v -0.05294997990131378 -0.018424922600388527 -0.13081592321395874
v -0.05294997990131378 -0.0178432147949934 -0.13134314119815826
v -0.05294997990131378 -0.01731598563492298 -0.1319248527288437
v -0.05294997990131378 -0.016848310828208923 -0.13255544006824493
v -0.05294997990131378 -0.016444697976112366 -0.1332288235425949
v -0.05294997990131378 -0.016109034419059753 -0.13393853604793549
v -0.05294997990131378 -0.015844546258449554 -0.1346777081489563
v -0.05294998362660408 -0.015653787180781364 -0.13543927669525146
v -0.05294998362660408 -0.015538593754172325 -0.13621586561203003
v -0.05294998362660408 -0.01550007052719593 -0.13699999451637268
v -0.05294999107718468 -0.015500081703066826 -0.16099998354911804
v -0.05294999107718468 -0.015538603998720646 -0.1617841273546219
v -0.05294999107718468 -0.01565380021929741 -0.16256070137023926
v -0.05294998362660408 -0.0158445592969656 -0.16332225501537323
v -0.05294998362660408 -0.01610904559493065 -0.16406145691871643
v -0.05294998362660408 -0.01644471101462841 -0.1647711545228958
v -0.05294998362660408 -0.016848327592015266 -0.16544455289840698
v -0.05294998362660408 -0.017315998673439026 -0.16607511043548584
v -0.05294998362660408 -0.017843227833509445 -0.16665680706501007
v -0.05294998362660408 -0.01842493563890457 -0.1671840399503708
v -0.05294998362660408 -0.019055521115660667 -0.1676517277956009
v -0.05294998362660408 -0.01972891017794609 -0.16805531084537506
v -0.05294998362660408 -0.020438609644770622 -0.16839100420475006
v -0.05294999107718468 -0.02117779850959778 -0.16865548491477966
v -0.05294999107718468 -0.0219393540173769 -0.1688462495803833
v -0.05294999107718468 -0.022715939208865166 -0.16896143555641174
v -0.05294999107718468 -0.023500079289078712 -0.16899995505809784
v -0.05294999107718468 -0.02428421378135681 -0.16896143555641174
v -0.05294999107718468 -0.025060798972845078 -0.1688462495803833
v -0.05294999107718468 -0.0258223544806242 -0.16865548491477966
v -0.05294999107718468 -0.026561543345451355 -0.16839100420475006
v -0.05294999107718468 -0.027271252125501633 -0.16805531084537506
v -0.05294999107718468 -0.027944637462496758 -0.1676517277956009
v -0.05294999107718468 -0.028575224801898003 -0.1671840399503708
v -0.05294999107718468 -0.02915693260729313 -0.16665680706501007
v -0.05294999107718468 -0.02968416176736355 -0.16607511043548584
v -0.05294999107718468 -0.030151836574077606 -0.1654445379972458
v -0.05294999107718468 -0.030555447563529015 -0.16477112472057343
v -0.05294999107718468 -0.030891112983226776 -0.16406144201755524
v -0.05294999107718468 -0.031155601143836975 -0.16332222521305084
v -0.05294999107718468 -0.031346358358860016 -0.16256068646907806
v -0.05294999107718468 -0.031461551785469055 -0.1617841124534607
v -0.05294999107718468 -0.03150007873773575 -0.16099995374679565
v -0.0490499846637249 -0.031500063836574554 -0.13699999451637268
v -0.0490499846637249 -0.03146154060959816 -0.13621585071086884
v -0.0490499846637249 -0.03134634345769882 -0.13543926179409027
v -0.0490499846637249 -0.031155584380030632 -0.1346777081489563
v -0.0490499846637249 -0.030891096219420433 -0.1339385211467743
v -0.0490499809384346 -0.03055543079972267 -0.1332288235425949
v -0.0490499809384346 -0.030151817947626114 -0.13255542516708374
v -0.0490499809384346 -0.029684145003557205 -0.1319248378276825
v -0.0490499809384346 -0.029156915843486786 -0.13134314119815826
v -0.0490499809384346 -0.02857520617544651 -0.13081590831279755
v -0.0490499809384346 -0.027944622561335564 -0.13034823536872864
v -0.0490499809384346 -0.02727123163640499 -0.12994462251663208
v -0.0490499809384346 -0.026561526581645012 -0.12960895895957947
v -0.0490499809384346 -0.025822335854172707 -0.12934447824954987
v -0.0490499809384346 -0.025060782209038734 -0.12915371358394623
v -0.0490499809384346 -0.02428419515490532 -0.1290385127067566
v -0.0490499809384346 -0.02350006066262722 -0.1289999932050705
v -0.0490499809384346 -0.022715922445058823 -0.1290385127067566
v -0.0490499809384346 -0.021939337253570557 -0.12915371358394623
v -0.0490499809384346 -0.021177781745791435 -0.12934447824954987
v -0.0490499809384346 -0.02043859474360943 -0.12960895895957947
v -0.0490499809384346 -0.0197288915514946 -0.12994462251663208
v -0.0490499809384346 -0.019055504351854324 -0.13034825026988983
v -0.0490499809384346 -0.018424920737743378 -0.13081592321395874
v -0.0490499809384346 -0.017843211069703102 -0.13134314119815826
v -0.0490499809384346 -0.017315981909632683 -0.1319248527288437
v -0.0490499809384346 -0.016848308965563774 -0.13255544006824493
v -0.0490499809384346 -0.016444696113467216 -0.1332288235425949
v -0.0490499809384346 -0.016109030693769455 -0.13393853604793549
v -0.0490499809384346 -0.015844544395804405 -0.1346777081489563
v -0.0490499846637249 -0.015653785318136215 -0.13543927669525146
v -0.0490499846637249 -0.015538590028882027 -0.13621586561203003
v -0.0490499846637249 -0.015500068664550781 -0.13699999451637268
v -0.049049992114305496 -0.015500078909099102 -0.16099998354911804
v -0.049049992114305496 -0.015538600273430347 -0.1617841273546219
v -0.049049992114305496 -0.01565379649400711 -0.16256070137023926
v -0.0490499846637249 -0.01584455743432045 -0.16332225501537323
v -0.0490499846637249 -0.01610904186964035 -0.16406145691871643
v -0.049049992114305496 -0.01644470915198326 -0.1647711545228958
v -0.049049992114305496 -0.016848323866724968 -0.16544455289840698
v -0.049049992114305496 -0.017315994948148727 -0.16607511043548584
v -0.049049992114305496 -0.017843224108219147 -0.16665680706501007
v -0.049049992114305496 -0.018424933776259422 -0.1671840399503708
v -0.049049992114305496 -0.019055519253015518 -0.1676517277956009
v -0.049049992114305496 -0.019728906452655792 -0.16805531084537506
v -0.049049992114305496 -0.020438607782125473 -0.16839100420475006
v -0.049049992114305496 -0.02117779850959778 -0.16865548491477966
v -0.049049992114305496 -0.0219393502920866 -0.1688462495803833
v -0.049049992114305496 -0.022715937346220016 -0.16896143555641174
v -0.049049992114305496 -0.023500073701143265 -0.16899995505809784
v -0.049049992114305496 -0.024284211918711662 -0.16896143555641174
v -0.049049992114305496 -0.025060798972845078 -0.1688462495803833
v -0.049049992114305496 -0.02582235261797905 -0.16865548491477966
v -0.049049992114305496 -0.026561543345451355 -0.16839100420475006
v -0.049049992114305496 -0.027271248400211334 -0.16805531084537506
v -0.049049992114305496 -0.027944637462496758 -0.1676517277956009
v -0.049049992114305496 -0.028575222939252853 -0.1671840399503708
v -0.049049992114305496 -0.02915693074464798 -0.16665680706501007
v -0.049049992114305496 -0.0296841599047184 -0.16607511043548584
v -0.049049992114305496 -0.03015183098614216 -0.1654445379972458
v -0.049049992114305496 -0.030555443838238716 -0.16477112472057343
v -0.049049992114305496 -0.03089110739529133 -0.16406144201755524
v -0.049049992114305496 -0.031155597418546677 -0.16332222521305084
v -0.049049992114305496 -0.031346358358860016 -0.16256068646907806
v -0.049049992114305496 -0.031461551785469055 -0.1617841124534607
v -0.049049992114305496 -0.03150007128715515 -0.16099995374679565
v -0.04724998399615288 -0.03150006756186485 -0.13699999451637268
v -0.04724998399615288 -0.03146154806017876 -0.13621585071086884
v -0.04724998399615288 -0.03134634718298912 -0.13543926179409027
v -0.04724998399615288 -0.03115558810532093 -0.1346777081489563
v -0.04724998399615288 -0.03089110180735588 -0.1339385211467743
v -0.04724998399615288 -0.03055543452501297 -0.1332288235425949
v -0.04724998399615288 -0.030151821672916412 -0.13255542516708374
v -0.04724998399615288 -0.029684146866202354 -0.1319248378276825
v -0.04724998399615288 -0.029156917706131935 -0.13134314119815826
v -0.04724998399615288 -0.02857520990073681 -0.13081590831279755
v -0.04724998399615288 -0.027944624423980713 -0.13034823536872864
v -0.04724998399615288 -0.02727123722434044 -0.12994462251663208
v -0.04724998399615288 -0.02656152844429016 -0.12960895895957947
v -0.04724998399615288 -0.025822341442108154 -0.12934447824954987
v -0.04724998399615288 -0.025060784071683884 -0.12915371358394623
v -0.04724998399615288 -0.024284200742840767 -0.1290385127067566
v -0.04724998399615288 -0.02350006252527237 -0.1289999932050705
v -0.04724998399615288 -0.02271592617034912 -0.1290385127067566
v -0.04724998399615288 -0.021939339116215706 -0.12915371358394623
v -0.04724998399615288 -0.021177783608436584 -0.12934447824954987
v -0.04724998399615288 -0.020438596606254578 -0.12960895895957947
v -0.04724998399615288 -0.0197288915514946 -0.12994462251663208
v -0.04724998399615288 -0.019055502489209175 -0.13034825026988983
v -0.04724998399615288 -0.018424920737743378 -0.13081592321395874
v -0.04724998399615288 -0.017843211069703102 -0.13134314119815826
v -0.04724998399615288 -0.017315981909632683 -0.1319248527288437
v -0.04724998399615288 -0.016848310828208923 -0.13255544006824493
v -0.04724998399615288 -0.016444697976112366 -0.1332288235425949
v -0.04724998399615288 -0.016109030693769455 -0.13393853604793549
v -0.04724998399615288 -0.015844544395804405 -0.1346777081489563
v -0.047249987721443176 -0.015653787180781364 -0.13543927669525146
v -0.047249987721443176 -0.015538590960204601 -0.13621586561203003
v -0.047249987721443176 -0.015500067733228207 -0.13699999451637268
v -0.047249991446733475 -0.015500078909099102 -0.16099998354911804
v -0.047249991446733475 -0.015538602136075497 -0.1617841273546219
v -0.047249991446733475 -0.01565379649400711 -0.16256070137023926
v -0.047249987721443176 -0.01584455743432045 -0.16332225501537323
v -0.047249987721443176 -0.0161090437322855 -0.16406145691871643
v -0.047249987721443176 -0.01644470915198326 -0.1647711545228958
v -0.047249987721443176 -0.016848323866724968 -0.16544455289840698
v -0.047249987721443176 -0.017315996810793877 -0.16607511043548584
v -0.047249987721443176 -0.017843225970864296 -0.16665680706501007
v -0.047249987721443176 -0.018424933776259422 -0.1671840399503708
v -0.047249987721443176 -0.019055519253015518 -0.1676517277956009
v -0.047249987721443176 -0.019728906452655792 -0.16805531084537506
v -0.047249987721443176 -0.020438609644770622 -0.16839100420475006
v -0.047249991446733475 -0.021177800372242928 -0.16865548491477966
v -0.047249991446733475 -0.02193935588002205 -0.1688462495803833
v -0.047249991446733475 -0.022715939208865166 -0.16896143555641174
v -0.047249991446733475 -0.023500077426433563 -0.16899995505809784
v -0.047249991446733475 -0.02428421378135681 -0.16896143555641174
v -0.047249991446733475 -0.025060800835490227 -0.1688462495803833
v -0.047249991446733475 -0.0258223544806242 -0.16865548491477966
v -0.047249991446733475 -0.026561545208096504 -0.16839100420475006
v -0.047249991446733475 -0.027271252125501633 -0.16805531084537506
v -0.047249991446733475 -0.027944641187787056 -0.1676517277956009
v -0.047249991446733475 -0.028575224801898003 -0.1671840399503708
v -0.047249991446733475 -0.02915693260729313 -0.16665680706501007
v -0.047249991446733475 -0.0296841599047184 -0.16607511043548584
v -0.047249991446733475 -0.030151834711432457 -0.1654445379972458
v -0.047249991446733475 -0.030555445700883865 -0.16477112472057343
v -0.047249991446733475 -0.030891112983226776 -0.16406144201755524
v -0.047249991446733475 -0.031155601143836975 -0.16332222521305084
v -0.047249991446733475 -0.031346362084150314 -0.16256068646907806
v -0.047249991446733475 -0.031461551785469055 -0.1617841124534607
v -0.047249991446733475 -0.03150007873773575 -0.16099995374679565
v -0.04724998399615288 -0.03150007873773575 -0.16099993884563446
v -0.04724998399615288 -0.03146155923604965 -0.1602158099412918
v -0.04724998399615288 -0.031346362084150314 -0.15943923592567444
v -0.04724998399615288 -0.031155603006482124 -0.15867768228054047
v -0.04724998399615288 -0.030891114845871925 -0.15793849527835846
v -0.04724998027086258 -0.030555445700883865 -0.15722879767417908
v -0.04724998027086258 -0.030151834711432457 -0.1565553992986679
v -0.04724998027086258 -0.0296841599047184 -0.15592481195926666
v -0.04724998027086258 -0.02915693260729313 -0.15534311532974243
v -0.04724998027086258 -0.028575224801898003 -0.1548158824443817
v -0.04724998027086258 -0.027944637462496758 -0.1543482095003128
v -0.04724998027086258 -0.027271252125501633 -0.15394459664821625
v -0.04724998027086258 -0.026561543345451355 -0.15360893309116364
v -0.04724998027086258 -0.0258223544806242 -0.15334445238113403
v -0.04724998027086258 -0.02506079524755478 -0.1531537026166916
v -0.04724998027086258 -0.024284211918711662 -0.15303848683834076
v -0.04724998027086258 -0.023500073701143265 -0.15299996733665466
v -0.04724998027086258 -0.022715937346220016 -0.15303848683834076
v -0.04724998027086258 -0.0219393540173769 -0.1531536877155304
v -0.04724998027086258 -0.021177800372242928 -0.15334445238113403
v -0.04724998027086258 -0.020438609644770622 -0.15360893309116364
v -0.04724998027086258 -0.019728904590010643 -0.15394461154937744
v -0.04724998027086258 -0.01905551739037037 -0.154348224401474
v -0.04724998027086258 -0.018424933776259422 -0.1548158973455429
v -0.04724998027086258 -0.017843225970864296 -0.15534313023090363
v -0.04724998027086258 -0.017315994948148727 -0.15592482686042786
v -0.04724998027086258 -0.016848323866724968 -0.1565554141998291
v -0.04724998027086258 -0.01644471101462841 -0.15722879767417908
v -0.04724998027086258 -0.0161090437322855 -0.15793851017951965
v -0.04724998027086258 -0.0158445592969656 -0.15867769718170166
v -0.04724998399615288 -0.01565380021929741 -0.15943925082683563
v -0.04724998399615288 -0.015538603998720646 -0.160215824842453
v -0.04724998399615288 -0.015500081703066826 -0.16099995374679565
v -0.047249987721443176 -0.015500091947615147 -0.1849999576807022
v -0.047249987721443176 -0.015538615174591541 -0.18578410148620605
v -0.047249987721443176 -0.015653809532523155 -0.1865607053041458
v -0.04724998399615288 -0.015844570472836494 -0.1873222291469574
v -0.04724998399615288 -0.016109056770801544 -0.1880614459514618
v -0.047249987721443176 -0.016444722190499306 -0.18877112865447998
v -0.047249987721443176 -0.016848336905241013 -0.18944454193115234
v -0.047249987721443176 -0.01731600984930992 -0.19007508456707
v -0.047249987721443176 -0.01784323900938034 -0.19065679609775543
v -0.047249987721443176 -0.018424948677420616 -0.19118401408195496
v -0.047249987721443176 -0.019055534154176712 -0.19165170192718506
v -0.047249987721443176 -0.019728921353816986 -0.19205529987812042
v -0.047249987721443176 -0.020438626408576965 -0.19239099323749542
v -0.047249987721443176 -0.02117781527340412 -0.19265545904636383
v -0.047249987721443176 -0.021939368918538094 -0.19284623861312866
v -0.047249987721443176 -0.02271595597267151 -0.1929614394903183
v -0.047249987721443176 -0.023500094190239906 -0.192999929189682
v -0.047249987721443176 -0.024284228682518005 -0.1929614394903183
v -0.047249987721443176 -0.02506081573665142 -0.19284623861312866
v -0.047249987721443176 -0.025822369381785393 -0.19265545904636383
v -0.047249987721443176 -0.026561560109257698 -0.19239099323749542
v -0.047249987721443176 -0.027271263301372528 -0.19205529987812042
v -0.047249987721443176 -0.02794465236365795 -0.19165170192718506
v -0.047249987721443176 -0.028575235977768898 -0.19118401408195496
v -0.047249987721443176 -0.029156943783164024 -0.19065679609775543
v -0.047249987721443176 -0.029684172943234444 -0.19007508456707
v -0.047249987721443176 -0.0301518477499485 -0.18944451212882996
v -0.047249987721443176 -0.03055546060204506 -0.1887711137533188
v -0.047249987721443176 -0.03089112788438797 -0.1880614161491394
v -0.047249987721443176 -0.03115561231970787 -0.1873222142457962
v -0.047249987721443176 -0.03134637326002121 -0.18656067550182343
v -0.047249987721443176 -0.03146156668663025 -0.18578408658504486
v -0.047249987721443176 -0.031500089913606644 -0.18499994277954102
v -0.045449983328580856 -0.03150007873773575 -0.16099993884563446
v -0.045449983328580856 -0.03146155923604965 -0.1602158099412918
v -0.045449983328580856 -0.031346362084150314 -0.15943923592567444
v -0.045449983328580856 -0.031155603006482124 -0.15867769718170166
v -0.045449983328580856 -0.030891114845871925 -0.15793849527835846
v -0.045449983328580856 -0.030555447563529015 -0.15722879767417908
v -0.045449983328580856 -0.030151834711432457 -0.1565553992986679
v -0.045449983328580856 -0.02968416176736355 -0.15592481195926666
v -0.04544997587800026 -0.02915693260729313 -0.15534311532974243
v -0.04544997587800026 -0.028575224801898003 -0.1548158824443817
v -0.04544997587800026 -0.027944637462496758 -0.1543482095003128
v -0.04544997587800026 -0.027271252125501633 -0.15394459664821625
v -0.04544997587800026 -0.026561543345451355 -0.15360893309116364
v -0.04544997587800026 -0.02582235261797905 -0.15334445238113403
v -0.04544997587800026 -0.025060798972845078 -0.1531537026166916
v -0.04544997587800026 -0.024284211918711662 -0.15303848683834076
v -0.04544997587800026 -0.023500073701143265 -0.15299996733665466
v -0.04544997587800026 -0.022715937346220016 -0.15303848683834076
v -0.04544997587800026 -0.0219393540173769 -0.1531537026166916
v -0.04544997587800026 -0.02117779850959778 -0.15334445238113403
v -0.04544997587800026 -0.020438607782125473 -0.15360894799232483
v -0.04544997587800026 -0.019728904590010643 -0.15394461154937744
v -0.04544997587800026 -0.01905551739037037 -0.154348224401474
v -0.04544997587800026 -0.018424933776259422 -0.1548158973455429
v -0.04544997587800026 -0.017843227833509445 -0.15534313023090363
v -0.04544997587800026 -0.017315996810793877 -0.15592482686042786
v -0.04544997587800026 -0.016848323866724968 -0.1565554141998291
v -0.04544997587800026 -0.01644471101462841 -0.15722881257534027
v -0.04544997587800026 -0.01610904559493065 -0.15793851017951965
v -0.04544997587800026 -0.0158445592969656 -0.15867769718170166
v -0.04544997960329056 -0.01565380021929741 -0.15943925082683563
v -0.04544997960329056 -0.01553860493004322 -0.160215824842453
v -0.04544997960329056 -0.0155000826343894 -0.16099995374679565
v -0.04544999077916145 -0.015500093810260296 -0.1849999576807022
v -0.04544999077916145 -0.015538616105914116 -0.18578410148620605
v -0.04544999077916145 -0.015653811395168304 -0.1865607053041458
v -0.045449983328580856 -0.015844572335481644 -0.1873222291469574
v -0.045449983328580856 -0.016109056770801544 -0.1880614459514618
v -0.045449983328580856 -0.016444724053144455 -0.18877112865447998
v -0.045449983328580856 -0.01684834063053131 -0.18944454193115234
v -0.045449983328580856 -0.01731601171195507 -0.19007508456707
v -0.045449983328580856 -0.01784323900938034 -0.19065679609775543
v -0.045449983328580856 -0.018424946814775467 -0.19118401408195496
v -0.045449983328580856 -0.019055534154176712 -0.19165170192718506
v -0.045449983328580856 -0.019728921353816986 -0.19205529987812042
v -0.045449983328580856 -0.020438624545931816 -0.19239099323749542
v -0.045449983328580856 -0.02117781527340412 -0.19265545904636383
v -0.045449983328580856 -0.021939368918538094 -0.19284623861312866
v -0.045449983328580856 -0.02271595597267151 -0.1929614394903183
v -0.045449983328580856 -0.023500094190239906 -0.192999929189682
v -0.045449983328580856 -0.024284230545163155 -0.1929614394903183
v -0.045449983328580856 -0.02506081573665142 -0.19284623861312866
v -0.045449983328580856 -0.025822371244430542 -0.19265545904636383
v -0.045449983328580856 -0.02656155824661255 -0.19239099323749542
v -0.045449983328580856 -0.027271265164017677 -0.19205529987812042
v -0.045449983328580856 -0.02794465236365795 -0.19165170192718506
v -0.045449983328580856 -0.028575239703059196 -0.19118401408195496
v -0.045449983328580856 -0.029156947508454323 -0.19065679609775543
v -0.045449983328580856 -0.029684176668524742 -0.19007508456707
v -0.045449983328580856 -0.0301518514752388 -0.18944451212882996
v -0.045449983328580856 -0.03055546246469021 -0.1887711137533188
v -0.045449983328580856 -0.03089112788438797 -0.1880614161491394
v -0.045449983328580856 -0.03115561418235302 -0.1873222142457962
v -0.045449983328580856 -0.03134637326002121 -0.18656067550182343
v -0.045449983328580856 -0.03146156668663025 -0.18578408658504486
v -0.045449983328580856 -0.031500089913606644 -0.18499994277954102
v -0.05654998868703842 -0.03150007873773575 -0.16099993884563446
v -0.05654998868703842 -0.03146155923604965 -0.1602158099412918
v -0.05654998868703842 -0.031346362084150314 -0.15943923592567444
v -0.05654998868703842 -0.031155601143836975 -0.15867768228054047
v -0.05654998868703842 -0.030891112983226776 -0.15793849527835846
v -0.056549981236457825 -0.030555445700883865 -0.15722879767417908
v -0.056549981236457825 -0.030151834711432457 -0.1565553992986679
v -0.056549981236457825 -0.0296841599047184 -0.15592481195926666
v -0.056549981236457825 -0.02915693260729313 -0.15534311532974243
v -0.056549981236457825 -0.028575222939252853 -0.1548158824443817
v -0.056549981236457825 -0.02794463559985161 -0.1543482095003128
v -0.056549981236457825 -0.027271248400211334 -0.15394459664821625
v -0.056549981236457825 -0.026561541482806206 -0.15360893309116364
v -0.056549981236457825 -0.02582235261797905 -0.15334445238113403
v -0.056549981236457825 -0.02506079524755478 -0.1531537026166916
v -0.056549981236457825 -0.024284211918711662 -0.15303848683834076
v -0.056549981236457825 -0.023500073701143265 -0.15299996733665466
v -0.056549981236457825 -0.022715937346220016 -0.15303848683834076
v -0.056549981236457825 -0.0219393540173769 -0.1531536877155304
v -0.056549981236457825 -0.02117779850959778 -0.15334445238113403
v -0.056549981236457825 -0.020438607782125473 -0.15360893309116364
v -0.056549981236457825 -0.019728904590010643 -0.15394461154937744
v -0.056549981236457825 -0.01905551739037037 -0.154348224401474
v -0.056549981236457825 -0.018424933776259422 -0.1548158973455429
v -0.056549981236457825 -0.017843225970864296 -0.15534313023090363
v -0.056549981236457825 -0.017315994948148727 -0.15592482686042786
v -0.056549981236457825 -0.016848323866724968 -0.1565554141998291
v -0.056549981236457825 -0.01644471101462841 -0.15722879767417908
v -0.056549981236457825 -0.0161090437322855 -0.15793851017951965
v -0.056549981236457825 -0.0158445592969656 -0.15867769718170166
v -0.05654998868703842 -0.01565380021929741 -0.15943925082683563
v -0.05654998868703842 -0.015538603998720646 -0.160215824842453
v -0.05654998868703842 -0.015500081703066826 -0.16099995374679565
v -0.05654999241232872 -0.015500091947615147 -0.1849999576807022
v -0.05654999241232872 -0.015538615174591541 -0.18578410148620605
v -0.05654999241232872 -0.015653811395168304 -0.1865607053041458
v -0.05654998868703842 -0.015844570472836494 -0.1873222291469574
v -0.05654998868703842 -0.016109056770801544 -0.1880614459514618
v -0.05654999241232872 -0.016444724053144455 -0.18877112865447998
v -0.05654999241232872 -0.016848336905241013 -0.18944454193115234
v -0.05654999241232872 -0.01731600984930992 -0.19007508456707
v -0.05654999241232872 -0.01784324087202549 -0.19065679609775543
v -0.05654999241232872 -0.018424948677420616 -0.19118401408195496
v -0.05654999241232872 -0.019055534154176712 -0.19165170192718506
v -0.05654999241232872 -0.019728921353816986 -0.19205529987812042
v -0.05654999241232872 -0.020438624545931816 -0.19239099323749542
v -0.05654999241232872 -0.021177813410758972 -0.19265545904636383
v -0.05654999241232872 -0.021939367055892944 -0.19284623861312866
v -0.05654999241232872 -0.02271595411002636 -0.1929614394903183
v -0.05654999241232872 -0.023500090464949608 -0.192999929189682
v -0.05654999241232872 -0.024284226819872856 -0.1929614394903183
v -0.05654999241232872 -0.025060812011361122 -0.19284623861312866
v -0.05654999241232872 -0.025822367519140244 -0.19265545904636383
v -0.05654999241232872 -0.02656155824661255 -0.19239099323749542
v -0.05654999241232872 -0.027271263301372528 -0.19205529987812042
v -0.05654999241232872 -0.02794465236365795 -0.19165170192718506
v -0.05654999241232872 -0.028575235977768898 -0.19118401408195496
v -0.05654999241232872 -0.029156943783164024 -0.19065679609775543
v -0.05654999241232872 -0.029684172943234444 -0.19007508456707
v -0.05654999241232872 -0.030151845887303352 -0.18944451212882996
v -0.05654999241232872 -0.03055545873939991 -0.1887711137533188
v -0.05654999241232872 -0.03089112415909767 -0.1880614161491394
v -0.05654999241232872 -0.03115561231970787 -0.1873222142457962
v -0.05654999241232872 -0.03134637326002121 -0.18656067550182343
v -0.05654999241232872 -0.03146156668663025 -0.18578408658504486
v -0.05654999241232872 -0.031500089913606644 -0.18499994277954102
v -0.0547499842941761 -0.03150007873773575 -0.16099993884563446
v -0.0547499842941761 -0.03146155923604965 -0.1602158099412918
v -0.0547499842941761 -0.031346362084150314 -0.15943923592567444
v -0.0547499842941761 -0.031155601143836975 -0.15867769718170166
v -0.0547499842941761 -0.030891114845871925 -0.15793849527835846
v -0.0547499842941761 -0.030555447563529015 -0.15722879767417908
v -0.0547499842941761 -0.030151834711432457 -0.1565553992986679
v -0.0547499842941761 -0.02968416176736355 -0.15592481195926666
v -0.0547499842941761 -0.02915693074464798 -0.15534311532974243
v -0.0547499842941761 -0.028575222939252853 -0.1548158824443817
v -0.0547499842941761 -0.02794463559985161 -0.1543482095003128
v -0.0547499842941761 -0.027271248400211334 -0.15394459664821625
v -0.0547499842941761 -0.026561543345451355 -0.15360893309116364
v -0.0547499842941761 -0.02582235261797905 -0.15334445238113403
v -0.0547499842941761 -0.025060798972845078 -0.1531537026166916
v -0.0547499842941761 -0.024284211918711662 -0.15303848683834076
v -0.0547499842941761 -0.023500073701143265 -0.15299996733665466
v -0.0547499842941761 -0.022715937346220016 -0.15303848683834076
v -0.0547499842941761 -0.0219393540173769 -0.1531537026166916
v -0.0547499842941761 -0.02117779850959778 -0.15334445238113403
v -0.0547499842941761 -0.020438607782125473 -0.15360894799232483
v -0.0547499842941761 -0.019728906452655792 -0.15394461154937744
v -0.0547499842941761 -0.019055519253015518 -0.154348224401474
v -0.0547499842941761 -0.01842493750154972 -0.1548158973455429
v -0.0547499842941761 -0.017843227833509445 -0.15534313023090363
v -0.0547499842941761 -0.017315998673439026 -0.15592482686042786
v -0.0547499842941761 -0.016848323866724968 -0.1565554141998291
v -0.0547499842941761 -0.01644471287727356 -0.15722881257534027
v -0.0547499842941761 -0.016109047457575798 -0.15793851017951965
v -0.0547499842941761 -0.0158445592969656 -0.15867769718170166
v -0.0547499880194664 -0.01565380208194256 -0.15943925082683563
v -0.0547499880194664 -0.01553860679268837 -0.160215824842453
v -0.0547499880194664 -0.015500085428357124 -0.16099995374679565
v -0.0547499917447567 -0.015500095672905445 -0.1849999576807022
v -0.0547499917447567 -0.01553861703723669 -0.18578410148620605
v -0.0547499917447567 -0.015653813257813454 -0.1865607053041458
v -0.0547499880194664 -0.015844574198126793 -0.1873222291469574
v -0.0547499880194664 -0.016109058633446693 -0.1880614459514618
v -0.0547499880194664 -0.016444724053144455 -0.18877112865447998
v -0.0547499880194664 -0.01684834063053131 -0.18944454193115234
v -0.0547499880194664 -0.01731601171195507 -0.19007508456707
v -0.0547499880194664 -0.01784324087202549 -0.19065679609775543
v -0.0547499880194664 -0.018424950540065765 -0.19118401408195496
v -0.0547499880194664 -0.01905553601682186 -0.19165170192718506
v -0.0547499880194664 -0.019728923216462135 -0.19205529987812042
v -0.0547499880194664 -0.020438624545931816 -0.19239099323749542
v -0.0547499917447567 -0.021177813410758972 -0.19265545904636383
v -0.0547499917447567 -0.021939367055892944 -0.19284623861312866
v -0.0547499917447567 -0.02271595411002636 -0.1929614394903183
v -0.0547499917447567 -0.023500090464949608 -0.192999929189682
v -0.0547499917447567 -0.024284228682518005 -0.1929614394903183
v -0.0547499917447567 -0.025060812011361122 -0.19284623861312866
v -0.0547499917447567 -0.025822369381785393 -0.19265545904636383
v -0.0547499917447567 -0.02656155824661255 -0.19239099323749542
v -0.0547499917447567 -0.027271265164017677 -0.19205529987812042
v -0.0547499917447567 -0.02794465236365795 -0.19165170192718506
v -0.0547499917447567 -0.028575239703059196 -0.19118401408195496
v -0.0547499917447567 -0.029156947508454323 -0.19065679609775543
v -0.0547499917447567 -0.029684176668524742 -0.19007508456707
v -0.0547499917447567 -0.0301518477499485 -0.18944451212882996
v -0.0547499917447567 -0.03055546060204506 -0.1887711137533188
v -0.0547499917447567 -0.03089112788438797 -0.1880614161491394
v -0.0547499917447567 -0.03115561418235302 -0.1873222142457962
v -0.0547499917447567 -0.03134637326002121 -0.18656067550182343
v -0.0547499917447567 -0.03146156668663025 -0.18578408658504486
v -0.0547499917447567 -0.031500089913606644 -0.18499994277954102
v -0.047249991446733475 -0.01550009474158287 -0.1849999576807022
v -0.047249991446733475 -0.015538616105914116 -0.18578410148620605
v -0.047249991446733475 -0.015653811395168304 -0.1865607053041458
v -0.047249987721443176 -0.015844572335481644 -0.1873222291469574
v -0.047249987721443176 -0.016109056770801544 -0.1880614459514618
v -0.047249987721443176 -0.016444724053144455 -0.18877112865447998
v -0.047249987721443176 -0.01684834063053131 -0.18944454193115234
v -0.047249987721443176 -0.01731601171195507 -0.19007508456707
v -0.047249987721443176 -0.01784323900938034 -0.19065679609775543
v -0.047249987721443176 -0.018424948677420616 -0.19118401408195496
v -0.047249987721443176 -0.019055534154176712 -0.19165170192718506
v -0.047249987721443176 -0.019728921353816986 -0.19205529987812042
v -0.047249987721443176 -0.020438626408576965 -0.19239099323749542
v -0.04724999889731407 -0.02117781527340412 -0.19265545904636383
v -0.04724999889731407 -0.021939368918538094 -0.19284623861312866
v -0.04724999889731407 -0.02271595597267151 -0.1929614394903183
v -0.04724999889731407 -0.023500094190239906 -0.192999929189682
v -0.04724999889731407 -0.024284230545163155 -0.1929614394903183
v -0.04724999889731407 -0.02506081573665142 -0.19284623861312866
v -0.04724999889731407 -0.025822371244430542 -0.19265545904636383
v -0.04724999889731407 -0.026561560109257698 -0.19239099323749542
v -0.04724999889731407 -0.027271265164017677 -0.19205529987812042
v -0.04724999889731407 -0.02794465236365795 -0.19165170192718506
v -0.04724999889731407 -0.028575239703059196 -0.19118401408195496
v -0.04724999889731407 -0.029156947508454323 -0.19065679609775543
v -0.04724999889731407 -0.029684176668524742 -0.19007508456707
v -0.04724999889731407 -0.0301518514752388 -0.18944451212882996
v -0.04724999889731407 -0.03055546246469021 -0.1887711137533188
v -0.04724999889731407 -0.03089112974703312 -0.1880614161491394
v -0.04724999889731407 -0.03115561418235302 -0.1873222142457962
v -0.04724999889731407 -0.03134637326002121 -0.18656067550182343
v -0.04724999889731407 -0.03146156668663025 -0.18578408658504486
v -0.04724999889731407 -0.031500089913606644 -0.18499994277954102
v -0.049049992114305496 -0.015500081703066826 -0.16099998354911804
v -0.049049992114305496 -0.015538603067398071 -0.1617841273546219
v -0.049049992114305496 -0.01565380021929741 -0.16256070137023926
v -0.0490499846637249 -0.0158445592969656 -0.16332225501537323
v -0.0490499846637249 -0.0161090437322855 -0.16406145691871643
v -0.0490499846637249 -0.01644471101462841 -0.1647711545228958
v -0.0490499846637249 -0.016848327592015266 -0.16544455289840698
v -0.0490499846637249 -0.017315998673439026 -0.16607511043548584
v -0.0490499846637249 -0.017843225970864296 -0.16665680706501007
v -0.0490499846637249 -0.01842493563890457 -0.1671840399503708
v -0.0490499846637249 -0.019055521115660667 -0.1676517277956009
v -0.0490499846637249 -0.01972890831530094 -0.16805531084537506
v -0.0490499846637249 -0.020438609644770622 -0.16839100420475006
v -0.049049992114305496 -0.02117779850959778 -0.16865548491477966
v -0.049049992114305496 -0.0219393540173769 -0.1688462495803833
v -0.049049992114305496 -0.022715939208865166 -0.16896143555641174
v -0.049049992114305496 -0.023500077426433563 -0.16899995505809784
v -0.049049992114305496 -0.02428421378135681 -0.16896143555641174
v -0.049049992114305496 -0.025060798972845078 -0.1688462495803833
v -0.049049992114305496 -0.0258223544806242 -0.16865548491477966
v -0.049049992114305496 -0.026561543345451355 -0.16839100420475006
v -0.049049992114305496 -0.027271252125501633 -0.16805531084537506
v -0.049049992114305496 -0.027944637462496758 -0.1676517277956009
v -0.049049992114305496 -0.028575224801898003 -0.1671840399503708
v -0.049049992114305496 -0.02915693260729313 -0.16665680706501007
v -0.049049992114305496 -0.02968416176736355 -0.16607511043548584
v -0.049049992114305496 -0.030151834711432457 -0.1654445379972458
v -0.049049992114305496 -0.030555445700883865 -0.16477112472057343
v -0.049049992114305496 -0.030891112983226776 -0.16406144201755524
v -0.049049992114305496 -0.031155601143836975 -0.16332222521305084
v -0.049049992114305496 -0.031346358358860016 -0.16256068646907806
v -0.049049992114305496 -0.031461551785469055 -0.1617841124534607
v -0.049049992114305496 -0.03150007501244545 -0.16099995374679565
v -0.0490499809384346 -0.031500063836574554 -0.13699999451637268
v -0.0490499809384346 -0.03146154433488846 -0.13621585071086884
v -0.0490499809384346 -0.03134634718298912 -0.13543926179409027
v -0.0490499809384346 -0.03115558624267578 -0.1346777081489563
v -0.0490499809384346 -0.03089110180735588 -0.1339385211467743
v -0.0490499809384346 -0.03055543452501297 -0.1332288235425949
v -0.0490499809384346 -0.030151819810271263 -0.13255542516708374
v -0.0490499809384346 -0.029684146866202354 -0.1319248378276825
v -0.0490499809384346 -0.029156917706131935 -0.13134314119815826
v -0.0490499809384346 -0.02857520803809166 -0.13081590831279755
v -0.0490499809384346 -0.027944622561335564 -0.13034823536872864
v -0.0490499809384346 -0.02727123536169529 -0.12994462251663208
v -0.0490499809384346 -0.02656152844429016 -0.12960895895957947
v -0.0490499809384346 -0.025822337716817856 -0.12934447824954987
v -0.0490499809384346 -0.025060784071683884 -0.12915371358394623
v -0.0490499809384346 -0.02428419701755047 -0.1290385127067566
v -0.0490499809384346 -0.02350006066262722 -0.1289999932050705
v -0.0490499809384346 -0.022715922445058823 -0.1290385127067566
v -0.0490499809384346 -0.021939339116215706 -0.12915371358394623
v -0.0490499809384346 -0.021177783608436584 -0.12934447824954987
v -0.0490499809384346 -0.02043859474360943 -0.12960895895957947
v -0.0490499809384346 -0.0197288915514946 -0.12994462251663208
v -0.0490499809384346 -0.019055506214499474 -0.13034825026988983
v -0.0490499809384346 -0.018424922600388527 -0.13081592321395874
v -0.0490499809384346 -0.0178432147949934 -0.13134314119815826
v -0.0490499809384346 -0.017315983772277832 -0.1319248527288437
v -0.0490499809384346 -0.016848310828208923 -0.13255544006824493
v -0.0490499809384346 -0.016444697976112366 -0.1332288235425949
v -0.0490499809384346 -0.016109032556414604 -0.13393853604793549
v -0.0490499809384346 -0.015844546258449554 -0.1346777081489563
v -0.0490499846637249 -0.015653787180781364 -0.13543927669525146
v -0.0490499846637249 -0.015538591891527176 -0.13621586561203003
v -0.0490499846637249 -0.01550007052719593 -0.13699999451637268
v -0.04725002497434616 -0.03150005266070366 -0.1029999777674675
v -0.04725002497434616 -0.031461529433727264 -0.10221584141254425
v -0.04725002497434616 -0.03134633228182793 -0.10143925249576569
v -0.04725002497434616 -0.031155571341514587 -0.10067769885063171
v -0.04725002497434616 -0.030891085043549538 -0.09993850439786911
v -0.04725002497434616 -0.030555419623851776 -0.09922879934310913
v -0.04725002124905586 -0.03015180490911007 -0.09855540841817856
v -0.04725002124905586 -0.02968413382768631 -0.09792482852935791
v -0.04725002124905586 -0.02915690466761589 -0.09734311699867249
v -0.04725002124905586 -0.028575193136930466 -0.09681589156389236
v -0.04725002124905586 -0.02794460952281952 -0.09634821861982346
v -0.04725002124905586 -0.027271220460534096 -0.0959446057677269
v -0.04725002124905586 -0.026561515405774117 -0.09560892730951309
v -0.04725002124905586 -0.02582232467830181 -0.09534445405006409
v -0.04725002124905586 -0.02506076917052269 -0.09515368938446045
v -0.04725002124905586 -0.024284183979034424 -0.09503849595785141
v -0.04725002124905586 -0.023500045761466026 -0.09499997645616531
v -0.04725002124905586 -0.022715909406542778 -0.09503849595785141
v -0.04725002124905586 -0.021939324215054512 -0.09515368938446045
v -0.04725002124905586 -0.02117777056992054 -0.09534445405006409
v -0.047250017523765564 -0.020438581705093384 -0.09560893476009369
v -0.047250017523765564 -0.019728876650333405 -0.0959446057677269
v -0.047250017523765564 -0.01905548945069313 -0.09634822607040405
v -0.047250017523765564 -0.018424905836582184 -0.09681589901447296
v -0.04725002124905586 -0.017843196168541908 -0.09734312444925308
v -0.04725002124905586 -0.01731596700847149 -0.0979248434305191
v -0.04725002124905586 -0.01684829406440258 -0.09855541586875916
v -0.04725002124905586 -0.016444681212306023 -0.09922880679368973
v -0.04725002124905586 -0.01610901579260826 -0.09993851184844971
v -0.04725002124905586 -0.01584452949464321 -0.10067770630121231
v -0.04725002497434616 -0.01565377041697502 -0.10143926739692688
v -0.04725002497434616 -0.015538574196398258 -0.10221584141254425
v -0.04725002497434616 -0.015500054694712162 -0.1029999777674675
v -2.7477758735017233e-08 -0.015000040642917156 -0.07999998331069946
v -2.2709384595032134e-08 -0.014999995939433575 -1.2517180625337687e-09
v 0.0014702279586344957 -0.014927811920642853 -0.07999998331069946
v 0.0014702327316626906 -0.014927767217159271 -1.2916124836337417e-09
v 0.0029263258911669254 -0.014711819589138031 -0.07999998331069946
v 0.002926330780610442 -0.014711775816977024 -1.4109126089678625e-09
v 0.004354238975793123 -0.014354145154356956 -0.07999998331069946
v 0.004354243632405996 -0.014354100450873375 -1.6084690246387368e-09
v 0.00574022252112627 -0.013858232647180557 -0.07999998331069946
v 0.005740227643400431 -0.013858187943696976 -1.8823786973598544e-09
v 0.007070922292768955 -0.013228858821094036 -0.07999998331069946
v 0.007070926949381828 -0.013228814117610455 -2.230003515180101e-09
v 0.008333524689078331 -0.01247208472341299 -0.07999999076128006
v 0.008333530277013779 -0.012472040019929409 -2.6479969328363495e-09
v 0.009515872225165367 -0.011595197953283787 -0.07999999076128006
v 0.00951587688177824 -0.011595153249800205 -3.132332393462889e-09
v 0.010606572031974792 -0.010606642812490463 -0.07999999076128006
v 0.010606576688587666 -0.010606598109006882 -3.678345850133269e-09
v 0.011595122516155243 -0.009515940211713314 -0.07999999076128006
v 0.011595127172768116 -0.009515896439552307 -4.280778842513655e-09
v 0.01247201208025217 -0.008333594538271427 -0.07999999076128006
v 0.012472016736865044 -0.008333549834787846 -4.933830233255776e-09
v 0.01322878710925579 -0.007070991210639477 -0.07999999076128006
v 0.013228791765868664 -0.0070709469728171825 -5.6312097207467104e-09
v 0.01385816466063261 -0.005740293767303228 -0.07999999076128006
v 0.013858169317245483 -0.005740249063819647 -6.366201787955106e-09
v 0.01435407530516386 -0.0043543120846152306 -0.07999999076128006
v 0.014354079961776733 -0.004354267846792936 -7.131728096965162e-09
v 0.014711749739944935 -0.00292639690451324 -0.07999999821186066
v 0.014711754396557808 -0.0029263528995215893 -7.920416322804158e-09
v 0.014927737414836884 -0.001470298389904201 -0.07999999821186066
v 0.014927742071449757 -0.001470254617743194 -8.724669875448399e-09
v 0.01499996893107891 -4.067014458541962e-08 -0.07999999821186066
v 0.014999973587691784 3.367635059703389e-09 -9.536743839078099e-09
v 0.014927737414836884 0.0014702149201184511 -0.07999999821186066
v 0.014927742071449757 0.0014702588086947799 -1.03488178027078e-08
v 0.014711749739944935 0.002926312852650881 -0.07999999821186066
v 0.014711754396557808 0.002926357090473175 -1.115307135535204e-08
v 0.014354072511196136 0.004354228265583515 -0.07999999821186066
v 0.01435407716780901 0.004354272037744522 -1.1941759581191036e-08
v 0.013858161866664886 0.005740209016948938 -0.07999999821186066
v 0.01385816652327776 0.00574025372043252 -1.2707285890201092e-08
v 0.013228784315288067 0.007070906460285187 -0.07999999821186066
v 0.01322878897190094 0.007070950698107481 -1.3442275736963438e-08
v 0.012472016736865044 0.008333509787917137 -0.07999999821186066
v 0.012472021393477917 0.008333553560078144 -1.4139655668543583e-08
v 0.011595127172768116 0.009515856392681599 -0.07999999821186066
v 0.011595131829380989 0.009515900164842606 -1.4792707503374913e-08
v 0.010606572031974792 0.010606557130813599 -0.07999999821186066
v 0.010606576688587666 0.010606600902974606 -1.5395141161889114e-08
v 0.009515869431197643 0.011595111340284348 -0.07999999821186066
v 0.009515874087810516 0.011595156043767929 -1.5941154174470284e-08
v 0.008333523757755756 0.012471999041736126 -0.07999999821186066
v 0.00833352841436863 0.012472042813897133 -1.64254885248738e-08
v 0.007070920895785093 0.01322877500206232 -0.07999999821186066
v 0.007070925552397966 0.013228818774223328 -1.6843483052753072e-08
v 0.005740220192819834 0.013858147896826267 -0.07999999821186066
v 0.005740225315093994 0.013858191668987274 -7.654365141718245e-09
v 0.004354241769760847 0.014354059472680092 -0.07999999821186066
v 0.00435424642637372 0.014354105107486248 -7.928274925461665e-09
v 0.00292632426135242 0.014711732976138592 -0.07999999821186066
v 0.002926328917965293 0.014711776748299599 -8.125829786820304e-09
v 0.0014702306361868978 0.014927725307643414 -0.07999999821186066
v 0.0014702354092150927 0.014927770011126995 -8.245130800332845e-09
v -2.9742697194024004e-08 0.014999954961240292 -0.07999999821186066
v -2.4974321277682066e-08 0.014999998733401299 -8.285025110410515e-09
v -0.0014702851185575128 0.014927725307643414 -0.07999999821186066
v -0.0014702803455293179 0.014927770011126995 -8.245130800332845e-09
v -0.0029263831675052643 0.014711732976138592 -0.07999999821186066
v -0.002926378510892391 0.014711776748299599 -8.125829786820304e-09
v -0.004354296252131462 0.014354058541357517 -0.07999999821186066
v -0.004354291129857302 0.014354102313518524 -7.928274037283245e-09
v -0.005740279797464609 0.013858145102858543 -0.07999999821186066
v -0.005740275140851736 0.013858189806342125 -7.654363365361405e-09
v -0.007070979569107294 0.013228772208094597 -0.07999999821186066
v -0.007070974446833134 0.013228816911578178 -7.306739213674973e-09
v -0.008333582431077957 0.012471999041736126 -0.07999999821186066
v -0.008333577774465084 0.012472042813897133 -6.88874601806333e-09
v -0.009515929035842419 0.011595111340284348 -0.07999999821186066
v -0.009515924379229546 0.011595156043767929 -6.4044103353921855e-09
v -0.010606629773974419 0.010606557130813599 -0.07999999821186066
v -0.010606624186038971 0.010606600902974606 -5.858396434632596e-09
v -0.011595183983445168 0.00951585453003645 -0.07999999821186066
v -0.011595177464187145 0.009515899233520031 -5.2559632202076045e-09
v -0.012472068890929222 0.008333507925271988 -0.07999999821186066
v -0.012472061440348625 0.00833355262875557 -4.6029122735546935e-09
v -0.013228846713900566 0.007070905528962612 -0.07999999821186066
v -0.01322883926331997 0.007070949766784906 -3.905532341974549e-09
v -0.013858221471309662 0.005740207154303789 -0.07999999821186066
v -0.013858214020729065 0.005740251392126083 -3.1705416070337833e-09
v -0.014354132115840912 0.004354225937277079 -0.07999999821186066
v -0.014354124665260315 0.00435427064076066 -2.4050150759791222e-09
v -0.014711806550621986 0.002926310757175088 -0.07999999076128006
v -0.01471179910004139 0.002926355227828026 -1.6163278493408484e-09
v -0.014927797019481659 0.0014702127082273364 -0.07999999076128006
v -0.014927789568901062 0.001470256713218987 -8.120735750516417e-10
v -0.015000025741755962 -4.5170253315518494e-08 -0.07999999076128006
v -0.01500001922249794 -1.1324700066595028e-09 1.2510055120520968e-15
v -0.014927797019481659 -0.0014703006017953157 -0.07999999076128006
v -0.014927789568901062 -0.001470256713218987 8.120750183415737e-10
v -0.014711806550621986 -0.0029263989999890327 -0.07999999076128006
v -0.01471179910004139 -0.002926354529336095 1.6163290705861755e-09
v -0.014354130253195763 -0.004354314412921667 -0.07999998331069946
v -0.014354122802615166 -0.0043542697094380856 2.405016186202147e-09
v -0.013858219608664513 -0.005740295629948378 -0.07999998331069946
v -0.013858212158083916 -0.005740251392126083 3.170542495212203e-09
v -0.013228843919932842 -0.007070992607623339 -0.07999998331069946
v -0.01322883740067482 -0.0070709483698010445 -5.631208388479081e-09
v -0.012472068890929222 -0.008333595469594002 -0.07999998331069946
v -0.012472061440348625 -0.008333551697432995 -4.9338284568989366e-09
v -0.011595183983445168 -0.009515942074358463 -0.07999998331069946
v -0.011595177464187145 -0.009515899233520031 -4.280777066156816e-09
v -0.010606629773974419 -0.010606642812490463 -0.07999998331069946
v -0.010606624186038971 -0.010606598109006882 -3.6783440737764295e-09
v -0.00951592717319727 -0.011595197953283787 -0.07999999076128006
v -0.009515922516584396 -0.011595153249800205 -3.132331283239864e-09
v -0.008333581499755383 -0.01247208472341299 -0.07999999076128006
v -0.008333575911819935 -0.012472040019929409 -2.647995822613325e-09
v -0.007070978172123432 -0.013228860683739185 -0.07999998331069946
v -0.007070973515510559 -0.013228816911578178 -2.2300024049570766e-09
v -0.005740277469158173 -0.013858234509825706 -0.07999998331069946
v -0.0057402728125452995 -0.0138581907376647 -1.8823775871368298e-09
v -0.004354299046099186 -0.014354146085679531 -0.07999998331069946
v -0.004354294389486313 -0.014354102313518524 -1.6084679144157121e-09
v -0.0029263815376907587 -0.014711819589138031 -0.07999998331069946
v -0.002926376648247242 -0.014711775816977024 -1.4109126089678625e-09
v -0.0014702877961099148 -0.014927811920642853 -0.07999998331069946
v -0.0014702830230817199 -0.014927767217159271 -1.2916124836337417e-09
usemtl Steel
f 4 8 7 3
f 1 5 7 3
f 1 5 6 2
f 4 3 14 10
f 7 5 15 11
f 6 5 15 16
f 1 3 14 9
f 1 2 13 9
f 6 16 13 2
f 7 8 12 11
f 4 10 12 8
f 10 14 11 12
f 9 14 11 15
f 9 13 16 15
f 18 17 82 81 80 79 78 77 76 75 74 73 72 71 70 69 68 67 66 65 64 63 62 61 60 59 58 57 56 55 54 53 52 51 50 49 48 47 46 45 44 43 42 41 40 39 38 37 36 35 34 33 32 31 30 29 28 27 26 25 24 23 22 21 20 19
f 84 85 86 87 88 89 90 91 92 93 94 95 96 97 98 99 100 101 102 103 104 105 106 107 108 109 110 111 112 113 114 115 116 117 118 119 120 121 122 123 124 125 126 127 128 129 130 131 132 133 134 135 136 137 138 139 140 141 142 143 144 145 146 147 148 83
f 41 42 108 107
f 69 70 136 135
f 42 43 109 108
f 70 71 137 136
f 43 44 110 109
f 17 18 84 83
f 71 72 138 137
f 44 45 111 110
f 18 19 85 84
f 72 73 139 138
f 45 46 112 111
f 19 20 86 85
f 73 74 140 139
f 46 47 113 112
f 20 21 87 86
f 74 75 141 140
f 47 48 114 113
f 21 22 88 87
f 75 76 142 141
f 48 49 115 114
f 22 23 89 88
f 76 77 143 142
f 50 51 117 116
f 23 24 90 89
f 77 78 144 143
f 51 52 118 117
f 24 25 91 90
f 78 79 145 144
f 52 53 119 118
f 25 26 92 91
f 79 80 146 145
f 53 54 120 119
f 26 27 93 92
f 80 81 147 146
f 54 55 121 120
f 27 28 94 93
f 81 82 148 147
f 55 56 122 121
f 28 29 95 94
f 82 17 83 148
f 56 57 123 122
f 29 30 96 95
f 49 50 116 115
f 57 58 124 123
f 30 31 97 96
f 58 59 125 124
f 31 32 98 97
f 59 60 126 125
f 32 33 99 98
f 60 61 127 126
f 33 34 100 99
f 61 62 128 127
f 34 35 101 100
f 62 63 129 128
f 35 36 102 101
f 63 64 130 129
f 36 37 103 102
f 64 65 131 130
f 37 38 104 103
f 65 66 132 131
f 38 39 105 104
f 66 67 133 132
f 39 40 106 105
f 67 68 134 133
f 40 41 107 106
f 68 69 135 134
f 150 149 214 213 212 211 210 209 208 207 206 205 204 203 202 201 200 199 198 197 196 195 194 193 192 191 190 189 188 187 186 185 184 183 182 181 180 179 178 177 176 175 174 173 172 171 170 169 168 167 166 165 164 163 162 161 160 159 158 157 156 155 154 153 152 151
f 216 217 218 219 220 221 222 223 224 225 226 227 228 229 230 231 232 233 234 235 236 237 238 239 240 241 242 243 244 245 246 247 248 249 250 251 252 253 254 255 256 257 258 259 260 261 262 263 264 265 266 267 268 269 270 271 272 273 274 275 276 277 278 279 280 215
f 173 174 240 239
f 201 202 268 267
f 174 175 241 240
f 202 203 269 268
f 175 176 242 241
f 149 150 216 215
f 203 204 270 269
f 176 177 243 242
f 150 151 217 216
f 204 205 271 270
f 177 178 244 243
f 151 152 218 217
f 205 206 272 271
f 178 179 245 244
f 152 153 219 218
f 206 207 273 272
f 179 180 246 245
f 153 154 220 219
f 207 208 274 273
f 180 181 247 246
f 154 155 221 220
f 208 209 275 274
f 182 183 249 248
f 155 156 222 221
f 209 210 276 275
f 183 184 250 249
f 156 157 223 222
f 210 211 277 276
f 184 185 251 250
f 157 158 224 223
f 211 212 278 277
f 185 186 252 251
f 158 159 225 224
f 212 213 279 278
f 186 187 253 252
f 159 160 226 225
f 213 214 280 279
f 187 188 254 253
f 160 161 227 226
f 214 149 215 280
f 188 189 255 254
f 161 162 228 227
f 181 182 248 247
f 189 190 256 255
f 162 163 229 228
f 190 191 257 256
f 163 164 230 229
f 191 192 258 257
f 164 165 231 230
f 192 193 259 258
f 165 166 232 231
f 193 194 260 259
f 166 167 233 232
f 194 195 261 260
f 167 168 234 233
f 195 196 262 261
f 168 169 235 234
f 196 197 263 262
f 169 170 236 235
f 197 198 264 263
f 170 171 237 236
f 198 199 265 264
f 171 172 238 237
f 199 200 266 265
f 172 173 239 238
f 200 201 267 266
f 282 281 346 345 344 343 342 341 340 339 338 337 336 335 334 333 332 331 330 329 328 327 326 325 324 323 322 321 320 319 318 317 316 315 314 313 312 311 310 309 308 307 306 305 304 303 302 301 300 299 298 297 296 295 294 293 292 291 290 289 288 287 286 285 284 283
f 348 349 350 351 352 353 354 355 356 357 358 359 360 361 362 363 364 365 366 367 368 369 370 371 372 373 374 375 376 377 378 379 380 381 382 383 384 385 386 387 388 389 390 391 392 393 394 395 396 397 398 399 400 401 402 403 404 405 406 407 408 409 410 411 412 347
f 305 306 372 371
f 333 334 400 399
f 306 307 373 372
f 334 335 401 400
f 307 308 374 373
f 281 282 348 347
f 335 336 402 401
f 308 309 375 374
f 282 283 349 348
f 336 337 403 402
f 309 310 376 375
f 283 284 350 349
f 337 338 404 403
f 310 311 377 376
f 284 285 351 350
f 338 339 405 404
f 311 312 378 377
f 285 286 352 351
f 339 340 406 405
f 312 313 379 378
f 286 287 353 352
f 340 341 407 406
f 314 315 381 380
f 287 288 354 353
f 341 342 408 407
f 315 316 382 381
f 288 289 355 354
f 342 343 409 408
f 316 317 383 382
f 289 290 356 355
f 343 344 410 409
f 317 318 384 383
f 290 291 357 356
f 344 345 411 410
f 318 319 385 384
f 291 292 358 357
f 345 346 412 411
f 319 320 386 385
f 292 293 359 358
f 346 281 347 412
f 320 321 387 386
f 293 294 360 359
f 313 314 380 379
f 321 322 388 387
f 294 295 361 360
f 322 323 389 388
f 295 296 362 361
f 323 324 390 389
f 296 297 363 362
f 324 325 391 390
f 297 298 364 363
f 325 326 392 391
f 298 299 365 364
f 326 327 393 392
f 299 300 366 365
f 327 328 394 393
f 300 301 367 366
f 328 329 395 394
f 301 302 368 367
f 329 330 396 395
f 302 303 369 368
f 330 331 397 396
f 303 304 370 369
f 331 332 398 397
f 304 305 371 370
f 332 333 399 398
f 414 413 478 477 476 475 474 473 472 471 470 469 468 467 466 465 464 463 462 461 460 459 458 457 456 455 454 453 452 451 450 449 448 447 446 445 444 443 442 441 440 439 438 437 436 435 434 433 432 431 430 429 428 427 426 425 424 423 422 421 420 419 418 417 416 415
f 480 481 482 483 484 485 486 487 488 489 490 491 492 493 494 495 496 497 498 499 500 501 502 503 504 505 506 507 508 509 510 511 512 513 514 515 516 517 518 519 520 521 522 523 524 525 526 527 528 529 530 531 532 533 534 535 536 537 538 539 540 541 542 543 544 479
f 437 438 504 503
f 465 466 532 531
f 438 439 505 504
f 466 467 533 532
f 439 440 506 505
f 413 414 480 479
f 467 468 534 533
f 440 441 507 506
f 414 415 481 480
f 468 469 535 534
f 441 442 508 507
f 415 416 482 481
f 469 470 536 535
f 442 443 509 508
f 416 417 483 482
f 470 471 537 536
f 443 444 510 509
f 417 418 484 483
f 471 472 538 537
f 444 445 511 510
f 418 419 485 484
f 472 473 539 538
f 446 447 513 512
f 419 420 486 485
f 473 474 540 539
f 447 448 514 513
f 420 421 487 486
f 474 475 541 540
f 448 449 515 514
f 421 422 488 487
f 475 476 542 541
f 449 450 516 515
f 422 423 489 488
f 476 477 543 542
f 450 451 517 516
f 423 424 490 489
f 477 478 544 543
f 451 452 518 517
f 424 425 491 490
f 478 413 479 544
f 452 453 519 518
f 425 426 492 491
f 445 446 512 511
f 453 454 520 519
f 426 427 493 492
f 454 455 521 520
f 427 428 494 493
f 455 456 522 521
f 428 429 495 494
f 456 457 523 522
f 429 430 496 495
f 457 458 524 523
f 430 431 497 496
f 458 459 525 524
f 431 432 498 497
f 459 460 526 525
f 432 433 499 498
f 460 461 527 526
f 433 434 500 499
f 461 462 528 527
f 434 435 501 500
f 462 463 529 528
f 435 436 502 501
f 463 464 530 529
f 436 437 503 502
f 464 465 531 530
f 546 545 610 609 608 607 606 605 604 603 602 601 600 599 598 597 596 595 594 593 592 591 590 589 588 587 586 585 584 583 582 581 580 579 578 577 576 575 574 573 572 571 570 569 568 567 566 565 564 563 562 561 560 559 558 557 556 555 554 553 552 551 550 549 548 547
f 612 613 614 615 616 617 618 619 620 621 622 623 624 625 626 627 628 629 630 631 632 633 634 635 636 637 638 639 640 641 642 643 644 645 646 647 648 649 650 651 652 653 654 655 656 657 658 659 660 661 662 663 664 665 666 667 668 669 670 671 672 673 674 675 676 611
f 569 570 636 635
f 597 598 664 663
f 570 571 637 636
f 598 599 665 664
f 571 572 638 637
f 545 546 612 611
f 599 600 666 665
f 572 573 639 638
f 546 547 613 612
f 600 601 667 666
f 573 574 640 639
f 547 548 614 613
f 601 602 668 667
f 574 575 641 640
f 548 549 615 614
f 602 603 669 668
f 575 576 642 641
f 549 550 616 615
f 603 604 670 669
f 576 577 643 642
f 550 551 617 616
f 604 605 671 670
f 578 579 645 644
f 551 552 618 617
f 605 606 672 671
f 579 580 646 645
f 552 553 619 618
f 606 607 673 672
f 580 581 647 646
f 553 554 620 619
f 607 608 674 673
f 581 582 648 647
f 554 555 621 620
f 608 609 675 674
f 582 583 649 648
f 555 556 622 621
f 609 610 676 675
f 583 584 650 649
f 556 557 623 622
f 610 545 611 676
f 584 585 651 650
f 557 558 624 623
f 577 578 644 643
f 585 586 652 651
f 558 559 625 624
f 586 587 653 652
f 559 560 626 625
f 587 588 654 653
f 560 561 627 626
f 588 589 655 654
f 561 562 628 627
f 589 590 656 655
f 562 563 629 628
f 590 591 657 656
f 563 564 630 629
f 591 592 658 657
f 564 565 631 630
f 592 593 659 658
f 565 566 632 631
f 593 594 660 659
f 566 567 633 632
f 594 595 661 660
f 567 568 634 633
f 595 596 662 661
f 568 569 635 634
f 596 597 663 662
f 678 677 742 741 740 739 738 737 736 735 734 733 732 731 730 729 728 727 726 725 724 723 722 721 720 719 718 717 716 715 714 713 712 711 710 709 708 707 706 705 704 703 702 701 700 699 698 697 696 695 694 693 692 691 690 689 688 687 686 685 684 683 682 681 680 679
f 744 745 746 747 748 749 750 751 752 753 754 755 756 757 758 759 760 761 762 763 764 765 766 767 768 769 770 771 772 773 774 775 776 777 778 779 780 781 782 783 784 785 786 787 788 789 790 791 792 793 794 795 796 797 798 799 800 801 802 803 804 805 806 807 808 743
f 701 702 768 767
f 729 730 796 795
f 702 703 769 768
f 730 731 797 796
f 703 704 770 769
f 677 678 744 743
f 731 732 798 797
f 704 705 771 770
f 678 679 745 744
f 732 733 799 798
f 705 706 772 771
f 679 680 746 745
f 733 734 800 799
f 706 707 773 772
f 680 681 747 746
f 734 735 801 800
f 707 708 774 773
f 681 682 748 747
f 735 736 802 801
f 708 709 775 774
f 682 683 749 748
f 736 737 803 802
f 710 711 777 776
f 683 684 750 749
f 737 738 804 803
f 711 712 778 777
f 684 685 751 750
f 738 739 805 804
f 712 713 779 778
f 685 686 752 751
f 739 740 806 805
f 713 714 780 779
f 686 687 753 752
f 740 741 807 806
f 714 715 781 780
f 687 688 754 753
f 741 742 808 807
f 715 716 782 781
f 688 689 755 754
f 742 677 743 808
f 716 717 783 782
f 689 690 756 755
f 709 710 776 775
f 717 718 784 783
f 690 691 757 756
f 718 719 785 784
f 691 692 758 757
f 719 720 786 785
f 692 693 759 758
f 720 721 787 786
f 693 694 760 759
f 721 722 788 787
f 694 695 761 760
f 722 723 789 788
f 695 696 762 761
f 723 724 790 789
f 696 697 763 762
f 724 725 791 790
f 697 698 764 763
f 725 726 792 791
f 698 699 765 764
f 726 727 793 792
f 699 700 766 765
f 727 728 794 793
f 700 701 767 766
f 728 729 795 794
f 809 811 812 810
f 813 814 816 815
f 820 819 817 818
f 811 809 813 815
f 812 816 817 819
f 809 810 814 813
f 816 814 818 817
f 814 810 820 818
f 810 812 819 820
f 811 815 823 821
f 816 812 822 824
f 812 811 821 822
f 815 816 824 823
f 822 821 825 826
f 826 825 827 828
f 824 822 826 828
f 821 823 827 825
f 823 824 828 827
f 829 831 832 830
f 833 834 836 835
f 840 839 837 838
f 831 829 833 835
f 832 836 837 839
f 829 830 834 833
f 836 834 838 837
f 834 830 840 838
f 830 832 839 840
f 835 836 844 843
f 831 835 843 841
f 836 832 842 844
f 832 831 841 842
f 843 844 848 847
f 846 845 847 848
f 842 841 845 846
f 844 842 846 848
f 841 843 847 845
f 852 856 854 850
f 852 856 855 851
f 849 853 855 851
f 849 853 854 850
f 860 858 862 864
f 863 864 871 872
f 864 860 867 871
f 857 858 866 865
f 852 851 859 860
f 855 853 861 863
f 854 853 861 862
f 849 851 859 857
f 849 850 858 857
f 854 856 864 862
f 855 856 864 863
f 852 850 858 860
f 867 868 872 871
f 865 868 872 869
f 865 866 870 869
f 860 859 868 867
f 858 862 870 866
f 863 861 869 872
f 862 861 869 870
f 857 859 868 865
f 876 880 878 874
f 876 880 879 875
f 873 877 879 875
f 873 877 878 874
f 884 882 886 888
f 887 888 895 896
f 888 884 891 895
f 881 882 890 889
f 876 875 883 884
f 879 877 885 887
f 878 877 885 886
f 873 875 883 881
f 873 874 882 881
f 878 880 888 886
f 879 880 888 887
f 876 874 882 884
f 891 892 896 895
f 889 892 896 893
f 889 890 894 893
f 884 883 892 891
f 882 886 894 890
f 887 885 893 896
f 886 885 893 894
f 881 883 892 889
f 900 904 902 898
f 900 904 903 899
f 897 901 903 899
f 897 901 902 898
f 908 906 910 912
f 911 912 919 920
f 912 908 915 919
f 905 906 914 913
f 900 899 907 908
f 903 901 909 911
f 902 901 909 910
f 897 899 907 905
f 897 898 906 905
f 902 904 912 910
f 903 904 912 911
f 900 898 906 908
f 915 916 920 919
f 913 916 920 917
f 913 914 918 917
f 908 907 916 915
f 906 910 918 914
f 911 909 917 920
f 910 909 917 918
f 905 907 916 913
f 924 928 926 922
f 924 928 927 923
f 921 925 927 923
f 921 925 926 922
f 932 930 934 936
f 935 936 943 944
f 936 932 939 943
f 929 930 938 937
f 924 923 931 932
f 927 925 933 935
f 926 925 933 934
f 921 923 931 929
f 921 922 930 929
f 926 928 936 934
f 927 928 936 935
f 924 922 930 932
f 939 940 944 943
f 937 940 944 941
f 937 938 942 941
f 932 931 940 939
f 930 934 942 938
f 935 933 941 944
f 934 933 941 942
f 929 931 940 937
f 948 952 951 947
f 945 949 951 947
f 945 949 950 946
f 948 947 958 954
f 951 949 959 955
f 950 949 959 960
f 945 947 958 953
f 945 946 957 953
f 950 960 957 946
f 951 952 956 955
f 948 954 956 952
f 954 958 955 956
f 953 958 955 959
f 953 957 960 959
f 780 781 966 965
f 807 808 993 992
f 794 795 980 979
f 781 782 967 966
f 795 796 981 980
f 782 783 968 967
f 796 797 982 981
f 783 784 969 968
f 797 798 983 982
f 784 785 970 969
f 798 799 984 983
f 785 786 971 970
f 799 800 985 984
f 786 787 972 971
f 800 801 986 985
f 787 788 973 972
f 801 802 987 986
f 788 789 974 973
f 802 803 988 987
f 789 790 975 974
f 776 777 962 961
f 803 804 989 988
f 790 791 976 975
f 777 778 963 962
f 804 805 990 989
f 791 792 977 976
f 778 779 964 963
f 805 806 991 990
f 792 793 978 977
f 779 780 965 964
f 806 807 992 991
f 793 794 979 978
f 402 403 1017 1016
f 389 390 1004 1003
f 403 404 1018 1017
f 390 391 1005 1004
f 404 405 1019 1018
f 391 392 1006 1005
f 405 406 1020 1019
f 392 393 1007 1006
f 406 407 1021 1020
f 393 394 1008 1007
f 380 381 995 994
f 407 408 1022 1021
f 394 395 1009 1008
f 381 382 996 995
f 408 409 1023 1022
f 395 396 1010 1009
f 382 383 997 996
f 409 410 1024 1023
f 396 397 1011 1010
f 383 384 998 997
f 410 411 1025 1024
f 397 398 1012 1011
f 384 385 999 998
f 411 412 1026 1025
f 398 399 1013 1012
f 385 386 1000 999
f 399 400 1014 1013
f 386 387 1001 1000
f 400 401 1015 1014
f 387 388 1002 1001
f 401 402 1016 1015
f 388 389 1003 1002
f 374 375 1055 1054
f 361 362 1042 1041
f 348 349 1029 1028
f 375 376 1056 1055
f 362 363 1043 1042
f 349 350 1030 1029
f 376 377 1057 1056
f 363 364 1044 1043
f 350 351 1031 1030
f 377 378 1058 1057
f 364 365 1045 1044
f 351 352 1032 1031
f 378 379 1059 1058
f 365 366 1046 1045
f 352 353 1033 1032
f 366 367 1047 1046
f 353 354 1034 1033
f 367 368 1048 1047
f 354 355 1035 1034
f 368 369 1049 1048
f 355 356 1036 1035
f 369 370 1050 1049
f 356 357 1037 1036
f 370 371 1051 1050
f 357 358 1038 1037
f 371 372 1052 1051
f 358 359 1039 1038
f 372 373 1053 1052
f 359 360 1040 1039
f 373 374 1054 1053
f 360 361 1041 1040
f 347 348 1028 1027
f 234 235 1080 1079
f 221 222 1067 1066
f 235 236 1081 1080
f 222 223 1068 1067
f 236 237 1082 1081
f 223 224 1069 1068
f 237 238 1083 1082
f 224 225 1070 1069
f 238 239 1084 1083
f 225 226 1071 1070
f 239 240 1085 1084
f 226 227 1072 1071
f 240 241 1086 1085
f 227 228 1073 1072
f 241 242 1087 1086
f 228 229 1074 1073
f 215 216 1061 1060
f 242 243 1088 1087
f 229 230 1075 1074
f 216 217 1062 1061
f 243 244 1089 1088
f 230 231 1076 1075
f 217 218 1063 1062
f 244 245 1090 1089
f 231 232 1077 1076
f 218 219 1064 1063
f 245 246 1091 1090
f 232 233 1078 1077
f 219 220 1065 1064
f 246 247 1092 1091
f 233 234 1079 1078
f 220 221 1066 1065
f 1094 1093 1158 1157 1156 1155 1154 1153 1152 1151 1150 1149 1148 1147 1146 1145 1144 1143 1142 1141 1140 1139 1138 1137 1136 1135 1134 1133 1132 1131 1130 1129 1128 1127 1126 1125 1124 1123 1122 1121 1120 1119 1118 1117 1116 1115 1114 1113 1112 1111 1110 1109 1108 1107 1106 1105 1104 1103 1102 1101 1100 1099 1098 1097 1096 1095
f 1160 1161 1162 1163 1164 1165 1166 1167 1168 1169 1170 1171 1172 1173 1174 1175 1176 1177 1178 1179 1180 1181 1182 1183 1184 1185 1186 1187 1188 1189 1190 1191 1192 1193 1194 1195 1196 1197 1198 1199 1200 1201 1202 1203 1204 1205 1206 1207 1208 1209 1210 1211 1212 1213 1214 1215 1216 1217 1218 1219 1220 1221 1222 1223 1224 1159
f 1117 1118 1184 1183
f 1145 1146 1212 1211
f 1118 1119 1185 1184
f 1146 1147 1213 1212
f 1119 1120 1186 1185
f 1093 1094 1160 1159
f 1147 1148 1214 1213
f 1120 1121 1187 1186
f 1094 1095 1161 1160
f 1148 1149 1215 1214
f 1121 1122 1188 1187
f 1095 1096 1162 1161
f 1149 1150 1216 1215
f 1122 1123 1189 1188
f 1096 1097 1163 1162
f 1150 1151 1217 1216
f 1123 1124 1190 1189
f 1097 1098 1164 1163
f 1151 1152 1218 1217
f 1124 1125 1191 1190
f 1098 1099 1165 1164
f 1152 1153 1219 1218
f 1126 1127 1193 1192
f 1099 1100 1166 1165
f 1153 1154 1220 1219
f 1127 1128 1194 1193
f 1100 1101 1167 1166
f 1154 1155 1221 1220
f 1128 1129 1195 1194
f 1101 1102 1168 1167
f 1155 1156 1222 1221
f 1129 1130 1196 1195
f 1102 1103 1169 1168
f 1156 1157 1223 1222
f 1130 1131 1197 1196
f 1103 1104 1170 1169
f 1157 1158 1224 1223
f 1131 1132 1198 1197
f 1104 1105 1171 1170
f 1158 1093 1159 1224
f 1132 1133 1199 1198
f 1105 1106 1172 1171
f 1125 1126 1192 1191
f 1133 1134 1200 1199
f 1106 1107 1173 1172
f 1134 1135 1201 1200
f 1107 1108 1174 1173
f 1135 1136 1202 1201
f 1108 1109 1175 1174
f 1136 1137 1203 1202
f 1109 1110 1176 1175
f 1137 1138 1204 1203
f 1110 1111 1177 1176
f 1138 1139 1205 1204
f 1111 1112 1178 1177
f 1139 1140 1206 1205
f 1112 1113 1179 1178
f 1140 1141 1207 1206
f 1113 1114 1180 1179
f 1141 1142 1208 1207
f 1114 1115 1181 1180
f 1142 1143 1209 1208
f 1115 1116 1182 1181
f 1143 1144 1210 1209
f 1116 1117 1183 1182
f 1144 1145 1211 1210
f 1226 1225 1290 1289 1288 1287 1286 1285 1284 1283 1282 1281 1280 1279 1278 1277 1276 1275 1274 1273 1272 1271 1270 1269 1268 1267 1266 1265 1264 1263 1262 1261 1260 1259 1258 1257 1256 1255 1254 1253 1252 1251 1250 1249 1248 1247 1246 1245 1244 1243 1242 1241 1240 1239 1238 1237 1236 1235 1234 1233 1232 1231 1230 1229 1228 1227
f 1292 1293 1294 1295 1296 1297 1298 1299 1300 1301 1302 1303 1304 1305 1306 1307 1308 1309 1310 1311 1312 1313 1314 1315 1316 1317 1318 1319 1320 1321 1322 1323 1324 1325 1326 1327 1328 1329 1330 1331 1332 1333 1334 1335 1336 1337 1338 1339 1340 1341 1342 1343 1344 1345 1346 1347 1348 1349 1350 1351 1352 1353 1354 1355 1356 1291
f 1249 1250 1316 1315
f 1277 1278 1344 1343
f 1250 1251 1317 1316
f 1278 1279 1345 1344
f 1251 1252 1318 1317
f 1225 1226 1292 1291
f 1279 1280 1346 1345
f 1252 1253 1319 1318
f 1226 1227 1293 1292
f 1280 1281 1347 1346
f 1253 1254 1320 1319
f 1227 1228 1294 1293
f 1281 1282 1348 1347
f 1254 1255 1321 1320
f 1228 1229 1295 1294
f 1282 1283 1349 1348
f 1255 1256 1322 1321
f 1229 1230 1296 1295
f 1283 1284 1350 1349
f 1256 1257 1323 1322
f 1230 1231 1297 1296
f 1284 1285 1351 1350
f 1258 1259 1325 1324
f 1231 1232 1298 1297
f 1285 1286 1352 1351
f 1259 1260 1326 1325
f 1232 1233 1299 1298
f 1286 1287 1353 1352
f 1260 1261 1327 1326
f 1233 1234 1300 1299
f 1287 1288 1354 1353
f 1261 1262 1328 1327
f 1234 1235 1301 1300
f 1288 1289 1355 1354
f 1262 1263 1329 1328
f 1235 1236 1302 1301
f 1289 1290 1356 1355
f 1263 1264 1330 1329
f 1236 1237 1303 1302
f 1290 1225 1291 1356
f 1264 1265 1331 1330
f 1237 1238 1304 1303
f 1257 1258 1324 1323
f 1265 1266 1332 1331
f 1238 1239 1305 1304
f 1266 1267 1333 1332
f 1239 1240 1306 1305
f 1267 1268 1334 1333
f 1240 1241 1307 1306
f 1268 1269 1335 1334
f 1241 1242 1308 1307
f 1269 1270 1336 1335
f 1242 1243 1309 1308
f 1270 1271 1337 1336
f 1243 1244 1310 1309
f 1271 1272 1338 1337
f 1244 1245 1311 1310
f 1272 1273 1339 1338
f 1245 1246 1312 1311
f 1273 1274 1340 1339
f 1246 1247 1313 1312
f 1274 1275 1341 1340
f 1247 1248 1314 1313
f 1275 1276 1342 1341
f 1248 1249 1315 1314
f 1276 1277 1343 1342
f 1358 1357 1422 1421 1420 1419 1418 1417 1416 1415 1414 1413 1412 1411 1410 1409 1408 1407 1406 1405 1404 1403 1402 1401 1400 1399 1398 1397 1396 1395 1394 1393 1392 1391 1390 1389 1388 1387 1386 1385 1384 1383 1382 1381 1380 1379 1378 1377 1376 1375 1374 1373 1372 1371 1370 1369 1368 1367 1366 1365 1364 1363 1362 1361 1360 1359
f 1424 1425 1426 1427 1428 1429 1430 1431 1432 1433 1434 1435 1436 1437 1438 1439 1440 1441 1442 1443 1444 1445 1446 1447 1448 1449 1450 1451 1452 1453 1454 1455 1456 1457 1458 1459 1460 1461 1462 1463 1464 1465 1466 1467 1468 1469 1470 1471 1472 1473 1474 1475 1476 1477 1478 1479 1480 1481 1482 1483 1484 1485 1486 1487 1488 1423
f 1381 1382 1448 1447
f 1409 1410 1476 1475
f 1382 1383 1449 1448
f 1410 1411 1477 1476
f 1383 1384 1450 1449
f 1357 1358 1424 1423
f 1411 1412 1478 1477
f 1384 1385 1451 1450
f 1358 1359 1425 1424
f 1412 1413 1479 1478
f 1385 1386 1452 1451
f 1359 1360 1426 1425
f 1413 1414 1480 1479
f 1386 1387 1453 1452
f 1360 1361 1427 1426
f 1414 1415 1481 1480
f 1387 1388 1454 1453
f 1361 1362 1428 1427
f 1415 1416 1482 1481
f 1388 1389 1455 1454
f 1362 1363 1429 1428
f 1416 1417 1483 1482
f 1390 1391 1457 1456
f 1363 1364 1430 1429
f 1417 1418 1484 1483
f 1391 1392 1458 1457
f 1364 1365 1431 1430
f 1418 1419 1485 1484
f 1392 1393 1459 1458
f 1365 1366 1432 1431
f 1419 1420 1486 1485
f 1393 1394 1460 1459
f 1366 1367 1433 1432
f 1420 1421 1487 1486
f 1394 1395 1461 1460
f 1367 1368 1434 1433
f 1421 1422 1488 1487
f 1395 1396 1462 1461
f 1368 1369 1435 1434
f 1422 1357 1423 1488
f 1396 1397 1463 1462
f 1369 1370 1436 1435
f 1389 1390 1456 1455
f 1397 1398 1464 1463
f 1370 1371 1437 1436
f 1398 1399 1465 1464
f 1371 1372 1438 1437
f 1399 1400 1466 1465
f 1372 1373 1439 1438
f 1400 1401 1467 1466
f 1373 1374 1440 1439
f 1401 1402 1468 1467
f 1374 1375 1441 1440
f 1402 1403 1469 1468
f 1375 1376 1442 1441
f 1403 1404 1470 1469
f 1376 1377 1443 1442
f 1404 1405 1471 1470
f 1377 1378 1444 1443
f 1405 1406 1472 1471
f 1378 1379 1445 1444
f 1406 1407 1473 1472
f 1379 1380 1446 1445
f 1407 1408 1474 1473
f 1380 1381 1447 1446
f 1408 1409 1475 1474
f 1490 1489 1554 1553 1552 1551 1550 1549 1548 1547 1546 1545 1544 1543 1542 1541 1540 1539 1538 1537 1536 1535 1534 1533 1532 1531 1530 1529 1528 1527 1526 1525 1524 1523 1522 1521 1520 1519 1518 1517 1516 1515 1514 1513 1512 1511 1510 1509 1508 1507 1506 1505 1504 1503 1502 1501 1500 1499 1498 1497 1496 1495 1494 1493 1492 1491
f 1556 1557 1558 1559 1560 1561 1562 1563 1564 1565 1566 1567 1568 1569 1570 1571 1572 1573 1574 1575 1576 1577 1578 1579 1580 1581 1582 1583 1584 1585 1586 1587 1588 1589 1590 1591 1592 1593 1594 1595 1596 1597 1598 1599 1600 1601 1602 1603 1604 1605 1606 1607 1608 1609 1610 1611 1612 1613 1614 1615 1616 1617 1618 1619 1620 1555
f 1513 1514 1580 1579
f 1541 1542 1608 1607
f 1514 1515 1581 1580
f 1542 1543 1609 1608
f 1515 1516 1582 1581
f 1489 1490 1556 1555
f 1543 1544 1610 1609
f 1516 1517 1583 1582
f 1490 1491 1557 1556
f 1544 1545 1611 1610
f 1517 1518 1584 1583
f 1491 1492 1558 1557
f 1545 1546 1612 1611
f 1518 1519 1585 1584
f 1492 1493 1559 1558
f 1546 1547 1613 1612
f 1519 1520 1586 1585
f 1493 1494 1560 1559
f 1547 1548 1614 1613
f 1520 1521 1587 1586
f 1494 1495 1561 1560
f 1548 1549 1615 1614
f 1522 1523 1589 1588
f 1495 1496 1562 1561
f 1549 1550 1616 1615
f 1523 1524 1590 1589
f 1496 1497 1563 1562
f 1550 1551 1617 1616
f 1524 1525 1591 1590
f 1497 1498 1564 1563
f 1551 1552 1618 1617
f 1525 1526 1592 1591
f 1498 1499 1565 1564
f 1552 1553 1619 1618
f 1526 1527 1593 1592
f 1499 1500 1566 1565
f 1553 1554 1620 1619
f 1527 1528 1594 1593
f 1500 1501 1567 1566
f 1554 1489 1555 1620
f 1528 1529 1595 1594
f 1501 1502 1568 1567
f 1521 1522 1588 1587
f 1529 1530 1596 1595
f 1502 1503 1569 1568
f 1530 1531 1597 1596
f 1503 1504 1570 1569
f 1531 1532 1598 1597
f 1504 1505 1571 1570
f 1532 1533 1599 1598
f 1505 1506 1572 1571
f 1533 1534 1600 1599
f 1506 1507 1573 1572
f 1534 1535 1601 1600
f 1507 1508 1574 1573
f 1535 1536 1602 1601
f 1508 1509 1575 1574
f 1536 1537 1603 1602
f 1509 1510 1576 1575
f 1537 1538 1604 1603
f 1510 1511 1577 1576
f 1538 1539 1605 1604
f 1511 1512 1578 1577
f 1539 1540 1606 1605
f 1512 1513 1579 1578
f 1540 1541 1607 1606
f 1622 1621 1686 1685 1684 1683 1682 1681 1680 1679 1678 1677 1676 1675 1674 1673 1672 1671 1670 1669 1668 1667 1666 1665 1664 1663 1662 1661 1660 1659 1658 1657 1656 1655 1654 1653 1652 1651 1650 1649 1648 1647 1646 1645 1644 1643 1642 1641 1640 1639 1638 1637 1636 1635 1634 1633 1632 1631 1630 1629 1628 1627 1626 1625 1624 1623
f 1688 1689 1690 1691 1692 1693 1694 1695 1696 1697 1698 1699 1700 1701 1702 1703 1704 1705 1706 1707 1708 1709 1710 1711 1712 1713 1714 1715 1716 1717 1718 1719 1720 1721 1722 1723 1724 1725 1726 1727 1728 1729 1730 1731 1732 1733 1734 1735 1736 1737 1738 1739 1740 1741 1742 1743 1744 1745 1746 1747 1748 1749 1750 1751 1752 1687
f 1645 1646 1712 1711
f 1673 1674 1740 1739
f 1646 1647 1713 1712
f 1674 1675 1741 1740
f 1647 1648 1714 1713
f 1621 1622 1688 1687
f 1675 1676 1742 1741
f 1648 1649 1715 1714
f 1622 1623 1689 1688
f 1676 1677 1743 1742
f 1649 1650 1716 1715
f 1623 1624 1690 1689
f 1677 1678 1744 1743
f 1650 1651 1717 1716
f 1624 1625 1691 1690
f 1678 1679 1745 1744
f 1651 1652 1718 1717
f 1625 1626 1692 1691
f 1679 1680 1746 1745
f 1652 1653 1719 1718
f 1626 1627 1693 1692
f 1680 1681 1747 1746
f 1654 1655 1721 1720
f 1627 1628 1694 1693
f 1681 1682 1748 1747
f 1655 1656 1722 1721
f 1628 1629 1695 1694
f 1682 1683 1749 1748
f 1656 1657 1723 1722
f 1629 1630 1696 1695
f 1683 1684 1750 1749
f 1657 1658 1724 1723
f 1630 1631 1697 1696
f 1684 1685 1751 1750
f 1658 1659 1725 1724
f 1631 1632 1698 1697
f 1685 1686 1752 1751
f 1659 1660 1726 1725
f 1632 1633 1699 1698
f 1686 1621 1687 1752
f 1660 1661 1727 1726
f 1633 1634 1700 1699
f 1653 1654 1720 1719
f 1661 1662 1728 1727
f 1634 1635 1701 1700
f 1662 1663 1729 1728
f 1635 1636 1702 1701
f 1663 1664 1730 1729
f 1636 1637 1703 1702
f 1664 1665 1731 1730
f 1637 1638 1704 1703
f 1665 1666 1732 1731
f 1638 1639 1705 1704
f 1666 1667 1733 1732
f 1639 1640 1706 1705
f 1667 1668 1734 1733
f 1640 1641 1707 1706
f 1668 1669 1735 1734
f 1641 1642 1708 1707
f 1669 1670 1736 1735
f 1642 1643 1709 1708
f 1670 1671 1737 1736
f 1643 1644 1710 1709
f 1671 1672 1738 1737
f 1644 1645 1711 1710
f 1672 1673 1739 1738
f 1754 1753 1818 1817 1816 1815 1814 1813 1812 1811 1810 1809 1808 1807 1806 1805 1804 1803 1802 1801 1800 1799 1798 1797 1796 1795 1794 1793 1792 1791 1790 1789 1788 1787 1786 1785 1784 1783 1782 1781 1780 1779 1778 1777 1776 1775 1774 1773 1772 1771 1770 1769 1768 1767 1766 1765 1764 1763 1762 1761 1760 1759 1758 1757 1756 1755
f 1820 1821 1822 1823 1824 1825 1826 1827 1828 1829 1830 1831 1832 1833 1834 1835 1836 1837 1838 1839 1840 1841 1842 1843 1844 1845 1846 1847 1848 1849 1850 1851 1852 1853 1854 1855 1856 1857 1858 1859 1860 1861 1862 1863 1864 1865 1866 1867 1868 1869 1870 1871 1872 1873 1874 1875 1876 1877 1878 1879 1880 1881 1882 1883 1884 1819
f 1777 1778 1844 1843
f 1805 1806 1872 1871
f 1778 1779 1845 1844
f 1806 1807 1873 1872
f 1779 1780 1846 1845
f 1753 1754 1820 1819
f 1807 1808 1874 1873
f 1780 1781 1847 1846
f 1754 1755 1821 1820
f 1808 1809 1875 1874
f 1781 1782 1848 1847
f 1755 1756 1822 1821
f 1809 1810 1876 1875
f 1782 1783 1849 1848
f 1756 1757 1823 1822
f 1810 1811 1877 1876
f 1783 1784 1850 1849
f 1757 1758 1824 1823
f 1811 1812 1878 1877
f 1784 1785 1851 1850
f 1758 1759 1825 1824
f 1812 1813 1879 1878
f 1786 1787 1853 1852
f 1759 1760 1826 1825
f 1813 1814 1880 1879
f 1787 1788 1854 1853
f 1760 1761 1827 1826
f 1814 1815 1881 1880
f 1788 1789 1855 1854
f 1761 1762 1828 1827
f 1815 1816 1882 1881
f 1789 1790 1856 1855
f 1762 1763 1829 1828
f 1816 1817 1883 1882
f 1790 1791 1857 1856
f 1763 1764 1830 1829
f 1817 1818 1884 1883
f 1791 1792 1858 1857
f 1764 1765 1831 1830
f 1818 1753 1819 1884
f 1792 1793 1859 1858
f 1765 1766 1832 1831
f 1785 1786 1852 1851
f 1793 1794 1860 1859
f 1766 1767 1833 1832
f 1794 1795 1861 1860
f 1767 1768 1834 1833
f 1795 1796 1862 1861
f 1768 1769 1835 1834
f 1796 1797 1863 1862
f 1769 1770 1836 1835
f 1797 1798 1864 1863
f 1770 1771 1837 1836
f 1798 1799 1865 1864
f 1771 1772 1838 1837
f 1799 1800 1866 1865
f 1772 1773 1839 1838
f 1800 1801 1867 1866
f 1773 1774 1840 1839
f 1801 1802 1868 1867
f 1774 1775 1841 1840
f 1802 1803 1869 1868
f 1775 1776 1842 1841
f 1803 1804 1870 1869
f 1776 1777 1843 1842
f 1804 1805 1871 1870
f 1856 1857 1890 1889
f 1883 1884 1917 1916
f 1870 1871 1904 1903
f 1857 1858 1891 1890
f 1871 1872 1905 1904
f 1858 1859 1892 1891
f 1872 1873 1906 1905
f 1859 1860 1893 1892
f 1873 1874 1907 1906
f 1860 1861 1894 1893
f 1874 1875 1908 1907
f 1861 1862 1895 1894
f 1875 1876 1909 1908
f 1862 1863 1896 1895
f 1876 1877 1910 1909
f 1863 1864 1897 1896
f 1877 1878 1911 1910
f 1864 1865 1898 1897
f 1878 1879 1912 1911
f 1865 1866 1899 1898
f 1852 1853 1886 1885
f 1879 1880 1913 1912
f 1866 1867 1900 1899
f 1853 1854 1887 1886
f 1880 1881 1914 1913
f 1867 1868 1901 1900
f 1854 1855 1888 1887
f 1881 1882 1915 1914
f 1868 1869 1902 1901
f 1855 1856 1889 1888
f 1882 1883 1916 1915
f 1869 1870 1903 1902
f 1478 1479 1941 1940
f 1465 1466 1928 1927
f 1479 1480 1942 1941
f 1466 1467 1929 1928
f 1480 1481 1943 1942
f 1467 1468 1930 1929
f 1481 1482 1944 1943
f 1468 1469 1931 1930
f 1482 1483 1945 1944
f 1469 1470 1932 1931
f 1456 1457 1919 1918
f 1483 1484 1946 1945
f 1470 1471 1933 1932
f 1457 1458 1920 1919
f 1484 1485 1947 1946
f 1471 1472 1934 1933
f 1458 1459 1921 1920
f 1485 1486 1948 1947
f 1472 1473 1935 1934
f 1459 1460 1922 1921
f 1486 1487 1949 1948
f 1473 1474 1936 1935
f 1460 1461 1923 1922
f 1487 1488 1950 1949
f 1474 1475 1937 1936
f 1461 1462 1924 1923
f 1475 1476 1938 1937
f 1462 1463 1925 1924
f 1476 1477 1939 1938
f 1463 1464 1926 1925
f 1477 1478 1940 1939
f 1464 1465 1927 1926
f 1450 1451 1979 1978
f 1437 1438 1966 1965
f 1424 1425 1953 1952
f 1451 1452 1980 1979
f 1438 1439 1967 1966
f 1425 1426 1954 1953
f 1452 1453 1981 1980
f 1439 1440 1968 1967
f 1426 1427 1955 1954
f 1453 1454 1982 1981
f 1440 1441 1969 1968
f 1427 1428 1956 1955
f 1454 1455 1983 1982
f 1441 1442 1970 1969
f 1428 1429 1957 1956
f 1442 1443 1971 1970
f 1429 1430 1958 1957
f 1443 1444 1972 1971
f 1430 1431 1959 1958
f 1444 1445 1973 1972
f 1431 1432 1960 1959
f 1445 1446 1974 1973
f 1432 1433 1961 1960
f 1446 1447 1975 1974
f 1433 1434 1962 1961
f 1447 1448 1976 1975
f 1434 1435 1963 1962
f 1448 1449 1977 1976
f 1435 1436 1964 1963
f 1449 1450 1978 1977
f 1436 1437 1965 1964
f 1423 1424 1952 1951
f 1310 1311 2004 2003
f 1297 1298 1991 1990
f 1311 1312 2005 2004
f 1298 1299 1992 1991
f 1312 1313 2006 2005
f 1299 1300 1993 1992
f 1313 1314 2007 2006
f 1300 1301 1994 1993
f 1314 1315 2008 2007
f 1301 1302 1995 1994
f 1315 1316 2009 2008
f 1302 1303 1996 1995
f 1316 1317 2010 2009
f 1303 1304 1997 1996
f 1317 1318 2011 2010
f 1304 1305 1998 1997
f 1291 1292 1985 1984
f 1318 1319 2012 2011
f 1305 1306 1999 1998
f 1292 1293 1986 1985
f 1319 1320 2013 2012
f 1306 1307 2000 1999
f 1293 1294 1987 1986
f 1320 1321 2014 2013
f 1307 1308 2001 2000
f 1294 1295 1988 1987
f 1321 1322 2015 2014
f 1308 1309 2002 2001
f 1295 1296 1989 1988
f 1322 1323 2016 2015
f 1309 1310 2003 2002
f 1296 1297 1990 1989
f 2018 2017 2082 2081 2080 2079 2078 2077 2076 2075 2074 2073 2072 2071 2070 2069 2068 2067 2066 2065 2064 2063 2062 2061 2060 2059 2058 2057 2056 2055 2054 2053 2052 2051 2050 2049 2048 2047 2046 2045 2044 2043 2042 2041 2040 2039 2038 2037 2036 2035 2034 2033 2032 2031 2030 2029 2028 2027 2026 2025 2024 2023 2022 2021 2020 2019
f 2084 2085 2086 2087 2088 2089 2090 2091 2092 2093 2094 2095 2096 2097 2098 2099 2100 2101 2102 2103 2104 2105 2106 2107 2108 2109 2110 2111 2112 2113 2114 2115 2116 2117 2118 2119 2120 2121 2122 2123 2124 2125 2126 2127 2128 2129 2130 2131 2132 2133 2134 2135 2136 2137 2138 2139 2140 2141 2142 2143 2144 2145 2146 2147 2148 2083
f 2041 2042 2108 2107
f 2069 2070 2136 2135
f 2042 2043 2109 2108
f 2070 2071 2137 2136
f 2043 2044 2110 2109
f 2017 2018 2084 2083
f 2071 2072 2138 2137
f 2044 2045 2111 2110
f 2018 2019 2085 2084
f 2072 2073 2139 2138
f 2045 2046 2112 2111
f 2019 2020 2086 2085
f 2073 2074 2140 2139
f 2046 2047 2113 2112
f 2020 2021 2087 2086
f 2074 2075 2141 2140
f 2047 2048 2114 2113
f 2021 2022 2088 2087
f 2075 2076 2142 2141
f 2048 2049 2115 2114
f 2022 2023 2089 2088
f 2076 2077 2143 2142
f 2050 2051 2117 2116
f 2023 2024 2090 2089
f 2077 2078 2144 2143
f 2051 2052 2118 2117
f 2024 2025 2091 2090
f 2078 2079 2145 2144
f 2052 2053 2119 2118
f 2025 2026 2092 2091
f 2079 2080 2146 2145
f 2053 2054 2120 2119
f 2026 2027 2093 2092
f 2080 2081 2147 2146
f 2054 2055 2121 2120
f 2027 2028 2094 2093
f 2081 2082 2148 2147
f 2055 2056 2122 2121
f 2028 2029 2095 2094
f 2082 2017 2083 2148
f 2056 2057 2123 2122
f 2029 2030 2096 2095
f 2049 2050 2116 2115
f 2057 2058 2124 2123
f 2030 2031 2097 2096
f 2058 2059 2125 2124
f 2031 2032 2098 2097
f 2059 2060 2126 2125
f 2032 2033 2099 2098
f 2060 2061 2127 2126
f 2033 2034 2100 2099
f 2061 2062 2128 2127
f 2034 2035 2101 2100
f 2062 2063 2129 2128
f 2035 2036 2102 2101
f 2063 2064 2130 2129
f 2036 2037 2103 2102
f 2064 2065 2131 2130
f 2037 2038 2104 2103
f 2065 2066 2132 2131
f 2038 2039 2105 2104
f 2066 2067 2133 2132
f 2039 2040 2106 2105
f 2067 2068 2134 2133
f 2040 2041 2107 2106
f 2068 2069 2135 2134
f 2150 2149 2214 2213 2212 2211 2210 2209 2208 2207 2206 2205 2204 2203 2202 2201 2200 2199 2198 2197 2196 2195 2194 2193 2192 2191 2190 2189 2188 2187 2186 2185 2184 2183 2182 2181 2180 2179 2178 2177 2176 2175 2174 2173 2172 2171 2170 2169 2168 2167 2166 2165 2164 2163 2162 2161 2160 2159 2158 2157 2156 2155 2154 2153 2152 2151
f 2216 2217 2218 2219 2220 2221 2222 2223 2224 2225 2226 2227 2228 2229 2230 2231 2232 2233 2234 2235 2236 2237 2238 2239 2240 2241 2242 2243 2244 2245 2246 2247 2248 2249 2250 2251 2252 2253 2254 2255 2256 2257 2258 2259 2260 2261 2262 2263 2264 2265 2266 2267 2268 2269 2270 2271 2272 2273 2274 2275 2276 2277 2278 2279 2280 2215
f 2173 2174 2240 2239
f 2201 2202 2268 2267
f 2174 2175 2241 2240
f 2202 2203 2269 2268
f 2175 2176 2242 2241
f 2149 2150 2216 2215
f 2203 2204 2270 2269
f 2176 2177 2243 2242
f 2150 2151 2217 2216
f 2204 2205 2271 2270
f 2177 2178 2244 2243
f 2151 2152 2218 2217
f 2205 2206 2272 2271
f 2178 2179 2245 2244
f 2152 2153 2219 2218
f 2206 2207 2273 2272
f 2179 2180 2246 2245
f 2153 2154 2220 2219
f 2207 2208 2274 2273
f 2180 2181 2247 2246
f 2154 2155 2221 2220
f 2208 2209 2275 2274
f 2182 2183 2249 2248
f 2155 2156 2222 2221
f 2209 2210 2276 2275
f 2183 2184 2250 2249
f 2156 2157 2223 2222
f 2210 2211 2277 2276
f 2184 2185 2251 2250
f 2157 2158 2224 2223
f 2211 2212 2278 2277
f 2185 2186 2252 2251
f 2158 2159 2225 2224
f 2212 2213 2279 2278
f 2186 2187 2253 2252
f 2159 2160 2226 2225
f 2213 2214 2280 2279
f 2187 2188 2254 2253
f 2160 2161 2227 2226
f 2214 2149 2215 2280
f 2188 2189 2255 2254
f 2161 2162 2228 2227
f 2181 2182 2248 2247
f 2189 2190 2256 2255
f 2162 2163 2229 2228
f 2190 2191 2257 2256
f 2163 2164 2230 2229
f 2191 2192 2258 2257
f 2164 2165 2231 2230
f 2192 2193 2259 2258
f 2165 2166 2232 2231
f 2193 2194 2260 2259
f 2166 2167 2233 2232
f 2194 2195 2261 2260
f 2167 2168 2234 2233
f 2195 2196 2262 2261
f 2168 2169 2235 2234
f 2196 2197 2263 2262
f 2169 2170 2236 2235
f 2197 2198 2264 2263
f 2170 2171 2237 2236
f 2198 2199 2265 2264
f 2171 2172 2238 2237
f 2199 2200 2266 2265
f 2172 2173 2239 2238
f 2200 2201 2267 2266
f 2282 2281 2346 2345 2344 2343 2342 2341 2340 2339 2338 2337 2336 2335 2334 2333 2332 2331 2330 2329 2328 2327 2326 2325 2324 2323 2322 2321 2320 2319 2318 2317 2316 2315 2314 2313 2312 2311 2310 2309 2308 2307 2306 2305 2304 2303 2302 2301 2300 2299 2298 2297 2296 2295 2294 2293 2292 2291 2290 2289 2288 2287 2286 2285 2284 2283
f 2348 2349 2350 2351 2352 2353 2354 2355 2356 2357 2358 2359 2360 2361 2362 2363 2364 2365 2366 2367 2368 2369 2370 2371 2372 2373 2374 2375 2376 2377 2378 2379 2380 2381 2382 2383 2384 2385 2386 2387 2388 2389 2390 2391 2392 2393 2394 2395 2396 2397 2398 2399 2400 2401 2402 2403 2404 2405 2406 2407 2408 2409 2410 2411 2412 2347
f 2305 2306 2372 2371
f 2333 2334 2400 2399
f 2306 2307 2373 2372
f 2334 2335 2401 2400
f 2307 2308 2374 2373
f 2281 2282 2348 2347
f 2335 2336 2402 2401
f 2308 2309 2375 2374
f 2282 2283 2349 2348
f 2336 2337 2403 2402
f 2309 2310 2376 2375
f 2283 2284 2350 2349
f 2337 2338 2404 2403
f 2310 2311 2377 2376
f 2284 2285 2351 2350
f 2338 2339 2405 2404
f 2311 2312 2378 2377
f 2285 2286 2352 2351
f 2339 2340 2406 2405
f 2312 2313 2379 2378
f 2286 2287 2353 2352
f 2340 2341 2407 2406
f 2314 2315 2381 2380
f 2287 2288 2354 2353
f 2341 2342 2408 2407
f 2315 2316 2382 2381
f 2288 2289 2355 2354
f 2342 2343 2409 2408
f 2316 2317 2383 2382
f 2289 2290 2356 2355
f 2343 2344 2410 2409
f 2317 2318 2384 2383
f 2290 2291 2357 2356
f 2344 2345 2411 2410
f 2318 2319 2385 2384
f 2291 2292 2358 2357
f 2345 2346 2412 2411
f 2319 2320 2386 2385
f 2292 2293 2359 2358
f 2346 2281 2347 2412
f 2320 2321 2387 2386
f 2293 2294 2360 2359
f 2313 2314 2380 2379
f 2321 2322 2388 2387
f 2294 2295 2361 2360
f 2322 2323 2389 2388
f 2295 2296 2362 2361
f 2323 2324 2390 2389
f 2296 2297 2363 2362
f 2324 2325 2391 2390
f 2297 2298 2364 2363
f 2325 2326 2392 2391
f 2298 2299 2365 2364
f 2326 2327 2393 2392
f 2299 2300 2366 2365
f 2327 2328 2394 2393
f 2300 2301 2367 2366
f 2328 2329 2395 2394
f 2301 2302 2368 2367
f 2329 2330 2396 2395
f 2302 2303 2369 2368
f 2330 2331 2397 2396
f 2303 2304 2370 2369
f 2331 2332 2398 2397
f 2304 2305 2371 2370
f 2332 2333 2399 2398
f 2414 2413 2478 2477 2476 2475 2474 2473 2472 2471 2470 2469 2468 2467 2466 2465 2464 2463 2462 2461 2460 2459 2458 2457 2456 2455 2454 2453 2452 2451 2450 2449 2448 2447 2446 2445 2444 2443 2442 2441 2440 2439 2438 2437 2436 2435 2434 2433 2432 2431 2430 2429 2428 2427 2426 2425 2424 2423 2422 2421 2420 2419 2418 2417 2416 2415
f 2480 2481 2482 2483 2484 2485 2486 2487 2488 2489 2490 2491 2492 2493 2494 2495 2496 2497 2498 2499 2500 2501 2502 2503 2504 2505 2506 2507 2508 2509 2510 2511 2512 2513 2514 2515 2516 2517 2518 2519 2520 2521 2522 2523 2524 2525 2526 2527 2528 2529 2530 2531 2532 2533 2534 2535 2536 2537 2538 2539 2540 2541 2542 2543 2544 2479
f 2437 2438 2504 2503
f 2465 2466 2532 2531
f 2438 2439 2505 2504
f 2466 2467 2533 2532
f 2439 2440 2506 2505
f 2413 2414 2480 2479
f 2467 2468 2534 2533
f 2440 2441 2507 2506
f 2414 2415 2481 2480
f 2468 2469 2535 2534
f 2441 2442 2508 2507
f 2415 2416 2482 2481
f 2469 2470 2536 2535
f 2442 2443 2509 2508
f 2416 2417 2483 2482
f 2470 2471 2537 2536
f 2443 2444 2510 2509
f 2417 2418 2484 2483
f 2471 2472 2538 2537
f 2444 2445 2511 2510
f 2418 2419 2485 2484
f 2472 2473 2539 2538
f 2446 2447 2513 2512
f 2419 2420 2486 2485
f 2473 2474 2540 2539
f 2447 2448 2514 2513
f 2420 2421 2487 2486
f 2474 2475 2541 2540
f 2448 2449 2515 2514
f 2421 2422 2488 2487
f 2475 2476 2542 2541
f 2449 2450 2516 2515
f 2422 2423 2489 2488
f 2476 2477 2543 2542
f 2450 2451 2517 2516
f 2423 2424 2490 2489
f 2477 2478 2544 2543
f 2451 2452 2518 2517
f 2424 2425 2491 2490
f 2478 2413 2479 2544
f 2452 2453 2519 2518
f 2425 2426 2492 2491
f 2445 2446 2512 2511
f 2453 2454 2520 2519
f 2426 2427 2493 2492
f 2454 2455 2521 2520
f 2427 2428 2494 2493
f 2455 2456 2522 2521
f 2428 2429 2495 2494
f 2456 2457 2523 2522
f 2429 2430 2496 2495
f 2457 2458 2524 2523
f 2430 2431 2497 2496
f 2458 2459 2525 2524
f 2431 2432 2498 2497
f 2459 2460 2526 2525
f 2432 2433 2499 2498
f 2460 2461 2527 2526
f 2433 2434 2500 2499
f 2461 2462 2528 2527
f 2434 2435 2501 2500
f 2462 2463 2529 2528
f 2435 2436 2502 2501
f 2463 2464 2530 2529
f 2436 2437 2503 2502
f 2464 2465 2531 2530
f 2546 2545 2610 2609 2608 2607 2606 2605 2604 2603 2602 2601 2600 2599 2598 2597 2596 2595 2594 2593 2592 2591 2590 2589 2588 2587 2586 2585 2584 2583 2582 2581 2580 2579 2578 2577 2576 2575 2574 2573 2572 2571 2570 2569 2568 2567 2566 2565 2564 2563 2562 2561 2560 2559 2558 2557 2556 2555 2554 2553 2552 2551 2550 2549 2548 2547
f 2612 2613 2614 2615 2616 2617 2618 2619 2620 2621 2622 2623 2624 2625 2626 2627 2628 2629 2630 2631 2632 2633 2634 2635 2636 2637 2638 2639 2640 2641 2642 2643 2644 2645 2646 2647 2648 2649 2650 2651 2652 2653 2654 2655 2656 2657 2658 2659 2660 2661 2662 2663 2664 2665 2666 2667 2668 2669 2670 2671 2672 2673 2674 2675 2676 2611
f 2569 2570 2636 2635
f 2597 2598 2664 2663
f 2570 2571 2637 2636
f 2598 2599 2665 2664
f 2571 2572 2638 2637
f 2545 2546 2612 2611
f 2599 2600 2666 2665
f 2572 2573 2639 2638
f 2546 2547 2613 2612
f 2600 2601 2667 2666
f 2573 2574 2640 2639
f 2547 2548 2614 2613
f 2601 2602 2668 2667
f 2574 2575 2641 2640
f 2548 2549 2615 2614
f 2602 2603 2669 2668
f 2575 2576 2642 2641
f 2549 2550 2616 2615
f 2603 2604 2670 2669
f 2576 2577 2643 2642
f 2550 2551 2617 2616
f 2604 2605 2671 2670
f 2578 2579 2645 2644
f 2551 2552 2618 2617
f 2605 2606 2672 2671
f 2579 2580 2646 2645
f 2552 2553 2619 2618
f 2606 2607 2673 2672
f 2580 2581 2647 2646
f 2553 2554 2620 2619
f 2607 2608 2674 2673
f 2581 2582 2648 2647
f 2554 2555 2621 2620
f 2608 2609 2675 2674
f 2582 2583 2649 2648
f 2555 2556 2622 2621
f 2609 2610 2676 2675
f 2583 2584 2650 2649
f 2556 2557 2623 2622
f 2610 2545 2611 2676
f 2584 2585 2651 2650
f 2557 2558 2624 2623
f 2577 2578 2644 2643
f 2585 2586 2652 2651
f 2558 2559 2625 2624
f 2586 2587 2653 2652
f 2559 2560 2626 2625
f 2587 2588 2654 2653
f 2560 2561 2627 2626
f 2588 2589 2655 2654
f 2561 2562 2628 2627
f 2589 2590 2656 2655
f 2562 2563 2629 2628
f 2590 2591 2657 2656
f 2563 2564 2630 2629
f 2591 2592 2658 2657
f 2564 2565 2631 2630
f 2592 2593 2659 2658
f 2565 2566 2632 2631
f 2593 2594 2660 2659
f 2566 2567 2633 2632
f 2594 2595 2661 2660
f 2567 2568 2634 2633
f 2595 2596 2662 2661
f 2568 2569 2635 2634
f 2596 2597 2663 2662
f 2678 2677 2742 2741 2740 2739 2738 2737 2736 2735 2734 2733 2732 2731 2730 2729 2728 2727 2726 2725 2724 2723 2722 2721 2720 2719 2718 2717 2716 2715 2714 2713 2712 2711 2710 2709 2708 2707 2706 2705 2704 2703 2702 2701 2700 2699 2698 2697 2696 2695 2694 2693 2692 2691 2690 2689 2688 2687 2686 2685 2684 2683 2682 2681 2680 2679
f 2744 2745 2746 2747 2748 2749 2750 2751 2752 2753 2754 2755 2756 2757 2758 2759 2760 2761 2762 2763 2764 2765 2766 2767 2768 2769 2770 2771 2772 2773 2774 2775 2776 2777 2778 2779 2780 2781 2782 2783 2784 2785 2786 2787 2788 2789 2790 2791 2792 2793 2794 2795 2796 2797 2798 2799 2800 2801 2802 2803 2804 2805 2806 2807 2808 2743
f 2701 2702 2768 2767
f 2729 2730 2796 2795
f 2702 2703 2769 2768
f 2730 2731 2797 2796
f 2703 2704 2770 2769
f 2677 2678 2744 2743
f 2731 2732 2798 2797
f 2704 2705 2771 2770
f 2678 2679 2745 2744
f 2732 2733 2799 2798
f 2705 2706 2772 2771
f 2679 2680 2746 2745
f 2733 2734 2800 2799
f 2706 2707 2773 2772
f 2680 2681 2747 2746
f 2734 2735 2801 2800
f 2707 2708 2774 2773
f 2681 2682 2748 2747
f 2735 2736 2802 2801
f 2708 2709 2775 2774
f 2682 2683 2749 2748
f 2736 2737 2803 2802
f 2710 2711 2777 2776
f 2683 2684 2750 2749
f 2737 2738 2804 2803
f 2711 2712 2778 2777
f 2684 2685 2751 2750
f 2738 2739 2805 2804
f 2712 2713 2779 2778
f 2685 2686 2752 2751
f 2739 2740 2806 2805
f 2713 2714 2780 2779
f 2686 2687 2753 2752
f 2740 2741 2807 2806
f 2714 2715 2781 2780
f 2687 2688 2754 2753
f 2741 2742 2808 2807
f 2715 2716 2782 2781
f 2688 2689 2755 2754
f 2742 2677 2743 2808
f 2716 2717 2783 2782
f 2689 2690 2756 2755
f 2709 2710 2776 2775
f 2717 2718 2784 2783
f 2690 2691 2757 2756
f 2718 2719 2785 2784
f 2691 2692 2758 2757
f 2719 2720 2786 2785
f 2692 2693 2759 2758
f 2720 2721 2787 2786
f 2693 2694 2760 2759
f 2721 2722 2788 2787
f 2694 2695 2761 2760
f 2722 2723 2789 2788
f 2695 2696 2762 2761
f 2723 2724 2790 2789
f 2696 2697 2763 2762
f 2724 2725 2791 2790
f 2697 2698 2764 2763
f 2725 2726 2792 2791
f 2698 2699 2765 2764
f 2726 2727 2793 2792
f 2699 2700 2766 2765
f 2727 2728 2794 2793
f 2700 2701 2767 2766
f 2728 2729 2795 2794
f 2780 2781 2814 2813
f 2807 2808 2841 2840
f 2794 2795 2828 2827
f 2781 2782 2815 2814
f 2795 2796 2829 2828
f 2782 2783 2816 2815
f 2796 2797 2830 2829
f 2783 2784 2817 2816
f 2797 2798 2831 2830
f 2784 2785 2818 2817
f 2798 2799 2832 2831
f 2785 2786 2819 2818
f 2799 2800 2833 2832
f 2786 2787 2820 2819
f 2800 2801 2834 2833
f 2787 2788 2821 2820
f 2801 2802 2835 2834
f 2788 2789 2822 2821
f 2802 2803 2836 2835
f 2789 2790 2823 2822
f 2776 2777 2810 2809
f 2803 2804 2837 2836
f 2790 2791 2824 2823
f 2777 2778 2811 2810
f 2804 2805 2838 2837
f 2791 2792 2825 2824
f 2778 2779 2812 2811
f 2805 2806 2839 2838
f 2792 2793 2826 2825
f 2779 2780 2813 2812
f 2806 2807 2840 2839
f 2793 2794 2827 2826
f 2402 2403 2865 2864
f 2389 2390 2852 2851
f 2403 2404 2866 2865
f 2390 2391 2853 2852
f 2404 2405 2867 2866
f 2391 2392 2854 2853
f 2405 2406 2868 2867
f 2392 2393 2855 2854
f 2406 2407 2869 2868
f 2393 2394 2856 2855
f 2380 2381 2843 2842
f 2407 2408 2870 2869
f 2394 2395 2857 2856
f 2381 2382 2844 2843
f 2408 2409 2871 2870
f 2395 2396 2858 2857
f 2382 2383 2845 2844
f 2409 2410 2872 2871
f 2396 2397 2859 2858
f 2383 2384 2846 2845
f 2410 2411 2873 2872
f 2397 2398 2860 2859
f 2384 2385 2847 2846
f 2411 2412 2874 2873
f 2398 2399 2861 2860
f 2385 2386 2848 2847
f 2399 2400 2862 2861
f 2386 2387 2849 2848
f 2400 2401 2863 2862
f 2387 2388 2850 2849
f 2401 2402 2864 2863
f 2388 2389 2851 2850
f 2374 2375 2903 2902
f 2361 2362 2890 2889
f 2348 2349 2877 2876
f 2375 2376 2904 2903
f 2362 2363 2891 2890
f 2349 2350 2878 2877
f 2376 2377 2905 2904
f 2363 2364 2892 2891
f 2350 2351 2879 2878
f 2377 2378 2906 2905
f 2364 2365 2893 2892
f 2351 2352 2880 2879
f 2378 2379 2907 2906
f 2365 2366 2894 2893
f 2352 2353 2881 2880
f 2366 2367 2895 2894
f 2353 2354 2882 2881
f 2367 2368 2896 2895
f 2354 2355 2883 2882
f 2368 2369 2897 2896
f 2355 2356 2884 2883
f 2369 2370 2898 2897
f 2356 2357 2885 2884
f 2370 2371 2899 2898
f 2357 2358 2886 2885
f 2371 2372 2900 2899
f 2358 2359 2887 2886
f 2372 2373 2901 2900
f 2359 2360 2888 2887
f 2373 2374 2902 2901
f 2360 2361 2889 2888
f 2347 2348 2876 2875
f 2234 2235 2928 2927
f 2221 2222 2915 2914
f 2235 2236 2929 2928
f 2222 2223 2916 2915
f 2236 2237 2930 2929
f 2223 2224 2917 2916
f 2237 2238 2931 2930
f 2224 2225 2918 2917
f 2238 2239 2932 2931
f 2225 2226 2919 2918
f 2239 2240 2933 2932
f 2226 2227 2920 2919
f 2240 2241 2934 2933
f 2227 2228 2921 2920
f 2241 2242 2935 2934
f 2228 2229 2922 2921
f 2215 2216 2909 2908
f 2242 2243 2936 2935
f 2229 2230 2923 2922
f 2216 2217 2910 2909
f 2243 2244 2937 2936
f 2230 2231 2924 2923
f 2217 2218 2911 2910
f 2244 2245 2938 2937
f 2231 2232 2925 2924
f 2218 2219 2912 2911
f 2245 2246 2939 2938
f 2232 2233 2926 2925
f 2219 2220 2913 2912
f 2246 2247 2940 2939
f 2233 2234 2927 2926
f 2220 2221 2914 2913
f 2942 2941 3006 3005 3004 3003 3002 3001 3000 2999 2998 2997 2996 2995 2994 2993 2992 2991 2990 2989 2988 2987 2986 2985 2984 2983 2982 2981 2980 2979 2978 2977 2976 2975 2974 2973 2972 2971 2970 2969 2968 2967 2966 2965 2964 2963 2962 2961 2960 2959 2958 2957 2956 2955 2954 2953 2952 2951 2950 2949 2948 2947 2946 2945 2944 2943
f 3008 3009 3010 3011 3012 3013 3014 3015 3016 3017 3018 3019 3020 3021 3022 3023 3024 3025 3026 3027 3028 3029 3030 3031 3032 3033 3034 3035 3036 3037 3038 3039 3040 3041 3042 3043 3044 3045 3046 3047 3048 3049 3050 3051 3052 3053 3054 3055 3056 3057 3058 3059 3060 3061 3062 3063 3064 3065 3066 3067 3068 3069 3070 3071 3072 3007
f 2965 2966 3032 3031
f 2993 2994 3060 3059
f 2966 2967 3033 3032
f 2994 2995 3061 3060
f 2967 2968 3034 3033
f 2941 2942 3008 3007
f 2995 2996 3062 3061
f 2968 2969 3035 3034
f 2942 2943 3009 3008
f 2996 2997 3063 3062
f 2969 2970 3036 3035
f 2943 2944 3010 3009
f 2997 2998 3064 3063
f 2970 2971 3037 3036
f 2944 2945 3011 3010
f 2998 2999 3065 3064
f 2971 2972 3038 3037
f 2945 2946 3012 3011
f 2999 3000 3066 3065
f 2972 2973 3039 3038
f 2946 2947 3013 3012
f 3000 3001 3067 3066
f 2974 2975 3041 3040
f 2947 2948 3014 3013
f 3001 3002 3068 3067
f 2975 2976 3042 3041
f 2948 2949 3015 3014
f 3002 3003 3069 3068
f 2976 2977 3043 3042
f 2949 2950 3016 3015
f 3003 3004 3070 3069
f 2977 2978 3044 3043
f 2950 2951 3017 3016
f 3004 3005 3071 3070
f 2978 2979 3045 3044
f 2951 2952 3018 3017
f 3005 3006 3072 3071
f 2979 2980 3046 3045
f 2952 2953 3019 3018
f 3006 2941 3007 3072
f 2980 2981 3047 3046
f 2953 2954 3020 3019
f 2973 2974 3040 3039
f 2981 2982 3048 3047
f 2954 2955 3021 3020
f 2982 2983 3049 3048
f 2955 2956 3022 3021
f 2983 2984 3050 3049
f 2956 2957 3023 3022
f 2984 2985 3051 3050
f 2957 2958 3024 3023
f 2985 2986 3052 3051
f 2958 2959 3025 3024
f 2986 2987 3053 3052
f 2959 2960 3026 3025
f 2987 2988 3054 3053
f 2960 2961 3027 3026
f 2988 2989 3055 3054
f 2961 2962 3028 3027
f 2989 2990 3056 3055
f 2962 2963 3029 3028
f 2990 2991 3057 3056
f 2963 2964 3030 3029
f 2991 2992 3058 3057
f 2964 2965 3031 3030
f 2992 2993 3059 3058
f 3074 3073 3138 3137 3136 3135 3134 3133 3132 3131 3130 3129 3128 3127 3126 3125 3124 3123 3122 3121 3120 3119 3118 3117 3116 3115 3114 3113 3112 3111 3110 3109 3108 3107 3106 3105 3104 3103 3102 3101 3100 3099 3098 3097 3096 3095 3094 3093 3092 3091 3090 3089 3088 3087 3086 3085 3084 3083 3082 3081 3080 3079 3078 3077 3076 3075
f 3140 3141 3142 3143 3144 3145 3146 3147 3148 3149 3150 3151 3152 3153 3154 3155 3156 3157 3158 3159 3160 3161 3162 3163 3164 3165 3166 3167 3168 3169 3170 3171 3172 3173 3174 3175 3176 3177 3178 3179 3180 3181 3182 3183 3184 3185 3186 3187 3188 3189 3190 3191 3192 3193 3194 3195 3196 3197 3198 3199 3200 3201 3202 3203 3204 3139
f 3097 3098 3164 3163
f 3125 3126 3192 3191
f 3098 3099 3165 3164
f 3126 3127 3193 3192
f 3099 3100 3166 3165
f 3073 3074 3140 3139
f 3127 3128 3194 3193
f 3100 3101 3167 3166
f 3074 3075 3141 3140
f 3128 3129 3195 3194
f 3101 3102 3168 3167
f 3075 3076 3142 3141
f 3129 3130 3196 3195
f 3102 3103 3169 3168
f 3076 3077 3143 3142
f 3130 3131 3197 3196
f 3103 3104 3170 3169
f 3077 3078 3144 3143
f 3131 3132 3198 3197
f 3104 3105 3171 3170
f 3078 3079 3145 3144
f 3132 3133 3199 3198
f 3106 3107 3173 3172
f 3079 3080 3146 3145
f 3133 3134 3200 3199
f 3107 3108 3174 3173
f 3080 3081 3147 3146
f 3134 3135 3201 3200
f 3108 3109 3175 3174
f 3081 3082 3148 3147
f 3135 3136 3202 3201
f 3109 3110 3176 3175
f 3082 3083 3149 3148
f 3136 3137 3203 3202
f 3110 3111 3177 3176
f 3083 3084 3150 3149
f 3137 3138 3204 3203
f 3111 3112 3178 3177
f 3084 3085 3151 3150
f 3138 3073 3139 3204
f 3112 3113 3179 3178
f 3085 3086 3152 3151
f 3105 3106 3172 3171
f 3113 3114 3180 3179
f 3086 3087 3153 3152
f 3114 3115 3181 3180
f 3087 3088 3154 3153
f 3115 3116 3182 3181
f 3088 3089 3155 3154
f 3116 3117 3183 3182
f 3089 3090 3156 3155
f 3117 3118 3184 3183
f 3090 3091 3157 3156
f 3118 3119 3185 3184
f 3091 3092 3158 3157
f 3119 3120 3186 3185
f 3092 3093 3159 3158
f 3120 3121 3187 3186
f 3093 3094 3160 3159
f 3121 3122 3188 3187
f 3094 3095 3161 3160
f 3122 3123 3189 3188
f 3095 3096 3162 3161
f 3123 3124 3190 3189
f 3096 3097 3163 3162
f 3124 3125 3191 3190
f 3206 3205 3270 3269 3268 3267 3266 3265 3264 3263 3262 3261 3260 3259 3258 3257 3256 3255 3254 3253 3252 3251 3250 3249 3248 3247 3246 3245 3244 3243 3242 3241 3240 3239 3238 3237 3236 3235 3234 3233 3232 3231 3230 3229 3228 3227 3226 3225 3224 3223 3222 3221 3220 3219 3218 3217 3216 3215 3214 3213 3212 3211 3210 3209 3208 3207
f 3272 3273 3274 3275 3276 3277 3278 3279 3280 3281 3282 3283 3284 3285 3286 3287 3288 3289 3290 3291 3292 3293 3294 3295 3296 3297 3298 3299 3300 3301 3302 3303 3304 3305 3306 3307 3308 3309 3310 3311 3312 3313 3314 3315 3316 3317 3318 3319 3320 3321 3322 3323 3324 3325 3326 3327 3328 3329 3330 3331 3332 3333 3334 3335 3336 3271
f 3229 3230 3296 3295
f 3257 3258 3324 3323
f 3230 3231 3297 3296
f 3258 3259 3325 3324
f 3231 3232 3298 3297
f 3205 3206 3272 3271
f 3259 3260 3326 3325
f 3232 3233 3299 3298
f 3206 3207 3273 3272
f 3260 3261 3327 3326
f 3233 3234 3300 3299
f 3207 3208 3274 3273
f 3261 3262 3328 3327
f 3234 3235 3301 3300
f 3208 3209 3275 3274
f 3262 3263 3329 3328
f 3235 3236 3302 3301
f 3209 3210 3276 3275
f 3263 3264 3330 3329
f 3236 3237 3303 3302
f 3210 3211 3277 3276
f 3264 3265 3331 3330
f 3238 3239 3305 3304
f 3211 3212 3278 3277
f 3265 3266 3332 3331
f 3239 3240 3306 3305
f 3212 3213 3279 3278
f 3266 3267 3333 3332
f 3240 3241 3307 3306
f 3213 3214 3280 3279
f 3267 3268 3334 3333
f 3241 3242 3308 3307
f 3214 3215 3281 3280
f 3268 3269 3335 3334
f 3242 3243 3309 3308
f 3215 3216 3282 3281
f 3269 3270 3336 3335
f 3243 3244 3310 3309
f 3216 3217 3283 3282
f 3270 3205 3271 3336
f 3244 3245 3311 3310
f 3217 3218 3284 3283
f 3237 3238 3304 3303
f 3245 3246 3312 3311
f 3218 3219 3285 3284
f 3246 3247 3313 3312
f 3219 3220 3286 3285
f 3247 3248 3314 3313
f 3220 3221 3287 3286
f 3248 3249 3315 3314
f 3221 3222 3288 3287
f 3249 3250 3316 3315
f 3222 3223 3289 3288
f 3250 3251 3317 3316
f 3223 3224 3290 3289
f 3251 3252 3318 3317
f 3224 3225 3291 3290
f 3252 3253 3319 3318
f 3225 3226 3292 3291
f 3253 3254 3320 3319
f 3226 3227 3293 3292
f 3254 3255 3321 3320
f 3227 3228 3294 3293
f 3255 3256 3322 3321
f 3228 3229 3295 3294
f 3256 3257 3323 3322
f 3338 3337 3402 3401 3400 3399 3398 3397 3396 3395 3394 3393 3392 3391 3390 3389 3388 3387 3386 3385 3384 3383 3382 3381 3380 3379 3378 3377 3376 3375 3374 3373 3372 3371 3370 3369 3368 3367 3366 3365 3364 3363 3362 3361 3360 3359 3358 3357 3356 3355 3354 3353 3352 3351 3350 3349 3348 3347 3346 3345 3344 3343 3342 3341 3340 3339
f 3404 3405 3406 3407 3408 3409 3410 3411 3412 3413 3414 3415 3416 3417 3418 3419 3420 3421 3422 3423 3424 3425 3426 3427 3428 3429 3430 3431 3432 3433 3434 3435 3436 3437 3438 3439 3440 3441 3442 3443 3444 3445 3446 3447 3448 3449 3450 3451 3452 3453 3454 3455 3456 3457 3458 3459 3460 3461 3462 3463 3464 3465 3466 3467 3468 3403
f 3361 3362 3428 3427
f 3389 3390 3456 3455
f 3362 3363 3429 3428
f 3390 3391 3457 3456
f 3363 3364 3430 3429
f 3337 3338 3404 3403
f 3391 3392 3458 3457
f 3364 3365 3431 3430
f 3338 3339 3405 3404
f 3392 3393 3459 3458
f 3365 3366 3432 3431
f 3339 3340 3406 3405
f 3393 3394 3460 3459
f 3366 3367 3433 3432
f 3340 3341 3407 3406
f 3394 3395 3461 3460
f 3367 3368 3434 3433
f 3341 3342 3408 3407
f 3395 3396 3462 3461
f 3368 3369 3435 3434
f 3342 3343 3409 3408
f 3396 3397 3463 3462
f 3370 3371 3437 3436
f 3343 3344 3410 3409
f 3397 3398 3464 3463
f 3371 3372 3438 3437
f 3344 3345 3411 3410
f 3398 3399 3465 3464
f 3372 3373 3439 3438
f 3345 3346 3412 3411
f 3399 3400 3466 3465
f 3373 3374 3440 3439
f 3346 3347 3413 3412
f 3400 3401 3467 3466
f 3374 3375 3441 3440
f 3347 3348 3414 3413
f 3401 3402 3468 3467
f 3375 3376 3442 3441
f 3348 3349 3415 3414
f 3402 3337 3403 3468
f 3376 3377 3443 3442
f 3349 3350 3416 3415
f 3369 3370 3436 3435
f 3377 3378 3444 3443
f 3350 3351 3417 3416
f 3378 3379 3445 3444
f 3351 3352 3418 3417
f 3379 3380 3446 3445
f 3352 3353 3419 3418
f 3380 3381 3447 3446
f 3353 3354 3420 3419
f 3381 3382 3448 3447
f 3354 3355 3421 3420
f 3382 3383 3449 3448
f 3355 3356 3422 3421
f 3383 3384 3450 3449
f 3356 3357 3423 3422
f 3384 3385 3451 3450
f 3357 3358 3424 3423
f 3385 3386 3452 3451
f 3358 3359 3425 3424
f 3386 3387 3453 3452
f 3359 3360 3426 3425
f 3387 3388 3454 3453
f 3360 3361 3427 3426
f 3388 3389 3455 3454
f 3470 3469 3534 3533 3532 3531 3530 3529 3528 3527 3526 3525 3524 3523 3522 3521 3520 3519 3518 3517 3516 3515 3514 3513 3512 3511 3510 3509 3508 3507 3506 3505 3504 3503 3502 3501 3500 3499 3498 3497 3496 3495 3494 3493 3492 3491 3490 3489 3488 3487 3486 3485 3484 3483 3482 3481 3480 3479 3478 3477 3476 3475 3474 3473 3472 3471
f 3536 3537 3538 3539 3540 3541 3542 3543 3544 3545 3546 3547 3548 3549 3550 3551 3552 3553 3554 3555 3556 3557 3558 3559 3560 3561 3562 3563 3564 3565 3566 3567 3568 3569 3570 3571 3572 3573 3574 3575 3576 3577 3578 3579 3580 3581 3582 3583 3584 3585 3586 3587 3588 3589 3590 3591 3592 3593 3594 3595 3596 3597 3598 3599 3600 3535
f 3493 3494 3560 3559
f 3521 3522 3588 3587
f 3494 3495 3561 3560
f 3522 3523 3589 3588
f 3495 3496 3562 3561
f 3469 3470 3536 3535
f 3523 3524 3590 3589
f 3496 3497 3563 3562
f 3470 3471 3537 3536
f 3524 3525 3591 3590
f 3497 3498 3564 3563
f 3471 3472 3538 3537
f 3525 3526 3592 3591
f 3498 3499 3565 3564
f 3472 3473 3539 3538
f 3526 3527 3593 3592
f 3499 3500 3566 3565
f 3473 3474 3540 3539
f 3527 3528 3594 3593
f 3500 3501 3567 3566
f 3474 3475 3541 3540
f 3528 3529 3595 3594
f 3502 3503 3569 3568
f 3475 3476 3542 3541
f 3529 3530 3596 3595
f 3503 3504 3570 3569
f 3476 3477 3543 3542
f 3530 3531 3597 3596
f 3504 3505 3571 3570
f 3477 3478 3544 3543
f 3531 3532 3598 3597
f 3505 3506 3572 3571
f 3478 3479 3545 3544
f 3532 3533 3599 3598
f 3506 3507 3573 3572
f 3479 3480 3546 3545
f 3533 3534 3600 3599
f 3507 3508 3574 3573
f 3480 3481 3547 3546
f 3534 3469 3535 3600
f 3508 3509 3575 3574
f 3481 3482 3548 3547
f 3501 3502 3568 3567
f 3509 3510 3576 3575
f 3482 3483 3549 3548
f 3510 3511 3577 3576
f 3483 3484 3550 3549
f 3511 3512 3578 3577
f 3484 3485 3551 3550
f 3512 3513 3579 3578
f 3485 3486 3552 3551
f 3513 3514 3580 3579
f 3486 3487 3553 3552
f 3514 3515 3581 3580
f 3487 3488 3554 3553
f 3515 3516 3582 3581
f 3488 3489 3555 3554
f 3516 3517 3583 3582
f 3489 3490 3556 3555
f 3517 3518 3584 3583
f 3490 3491 3557 3556
f 3518 3519 3585 3584
f 3491 3492 3558 3557
f 3519 3520 3586 3585
f 3492 3493 3559 3558
f 3520 3521 3587 3586
f 3602 3601 3666 3665 3664 3663 3662 3661 3660 3659 3658 3657 3656 3655 3654 3653 3652 3651 3650 3649 3648 3647 3646 3645 3644 3643 3642 3641 3640 3639 3638 3637 3636 3635 3634 3633 3632 3631 3630 3629 3628 3627 3626 3625 3624 3623 3622 3621 3620 3619 3618 3617 3616 3615 3614 3613 3612 3611 3610 3609 3608 3607 3606 3605 3604 3603
f 3668 3669 3670 3671 3672 3673 3674 3675 3676 3677 3678 3679 3680 3681 3682 3683 3684 3685 3686 3687 3688 3689 3690 3691 3692 3693 3694 3695 3696 3697 3698 3699 3700 3701 3702 3703 3704 3705 3706 3707 3708 3709 3710 3711 3712 3713 3714 3715 3716 3717 3718 3719 3720 3721 3722 3723 3724 3725 3726 3727 3728 3729 3730 3731 3732 3667
f 3625 3626 3692 3691
f 3653 3654 3720 3719
f 3626 3627 3693 3692
f 3654 3655 3721 3720
f 3627 3628 3694 3693
f 3601 3602 3668 3667
f 3655 3656 3722 3721
f 3628 3629 3695 3694
f 3602 3603 3669 3668
f 3656 3657 3723 3722
f 3629 3630 3696 3695
f 3603 3604 3670 3669
f 3657 3658 3724 3723
f 3630 3631 3697 3696
f 3604 3605 3671 3670
f 3658 3659 3725 3724
f 3631 3632 3698 3697
f 3605 3606 3672 3671
f 3659 3660 3726 3725
f 3632 3633 3699 3698
f 3606 3607 3673 3672
f 3660 3661 3727 3726
f 3634 3635 3701 3700
f 3607 3608 3674 3673
f 3661 3662 3728 3727
f 3635 3636 3702 3701
f 3608 3609 3675 3674
f 3662 3663 3729 3728
f 3636 3637 3703 3702
f 3609 3610 3676 3675
f 3663 3664 3730 3729
f 3637 3638 3704 3703
f 3610 3611 3677 3676
f 3664 3665 3731 3730
f 3638 3639 3705 3704
f 3611 3612 3678 3677
f 3665 3666 3732 3731
f 3639 3640 3706 3705
f 3612 3613 3679 3678
f 3666 3601 3667 3732
f 3640 3641 3707 3706
f 3613 3614 3680 3679
f 3633 3634 3700 3699
f 3641 3642 3708 3707
f 3614 3615 3681 3680
f 3642 3643 3709 3708
f 3615 3616 3682 3681
f 3643 3644 3710 3709
f 3616 3617 3683 3682
f 3644 3645 3711 3710
f 3617 3618 3684 3683
f 3645 3646 3712 3711
f 3618 3619 3685 3684
f 3646 3647 3713 3712
f 3619 3620 3686 3685
f 3647 3648 3714 3713
f 3620 3621 3687 3686
f 3648 3649 3715 3714
f 3621 3622 3688 3687
f 3649 3650 3716 3715
f 3622 3623 3689 3688
f 3650 3651 3717 3716
f 3623 3624 3690 3689
f 3651 3652 3718 3717
f 3624 3625 3691 3690
f 3652 3653 3719 3718
f 3704 3705 3738 3737
f 3731 3732 3765 3764
f 3718 3719 3752 3751
f 3705 3706 3739 3738
f 3719 3720 3753 3752
f 3706 3707 3740 3739
f 3720 3721 3754 3753
f 3707 3708 3741 3740
f 3721 3722 3755 3754
f 3708 3709 3742 3741
f 3722 3723 3756 3755
f 3709 3710 3743 3742
f 3723 3724 3757 3756
f 3710 3711 3744 3743
f 3724 3725 3758 3757
f 3711 3712 3745 3744
f 3725 3726 3759 3758
f 3712 3713 3746 3745
f 3726 3727 3760 3759
f 3713 3714 3747 3746
f 3700 3701 3734 3733
f 3727 3728 3761 3760
f 3714 3715 3748 3747
f 3701 3702 3735 3734
f 3728 3729 3762 3761
f 3715 3716 3749 3748
f 3702 3703 3736 3735
f 3729 3730 3763 3762
f 3716 3717 3750 3749
f 3703 3704 3737 3736
f 3730 3731 3764 3763
f 3717 3718 3751 3750
f 3326 3327 3789 3788
f 3313 3314 3776 3775
f 3327 3328 3790 3789
f 3314 3315 3777 3776
f 3328 3329 3791 3790
f 3315 3316 3778 3777
f 3329 3330 3792 3791
f 3316 3317 3779 3778
f 3330 3331 3793 3792
f 3317 3318 3780 3779
f 3304 3305 3767 3766
f 3331 3332 3794 3793
f 3318 3319 3781 3780
f 3305 3306 3768 3767
f 3332 3333 3795 3794
f 3319 3320 3782 3781
f 3306 3307 3769 3768
f 3333 3334 3796 3795
f 3320 3321 3783 3782
f 3307 3308 3770 3769
f 3334 3335 3797 3796
f 3321 3322 3784 3783
f 3308 3309 3771 3770
f 3335 3336 3798 3797
f 3322 3323 3785 3784
f 3309 3310 3772 3771
f 3323 3324 3786 3785
f 3310 3311 3773 3772
f 3324 3325 3787 3786
f 3311 3312 3774 3773
f 3325 3326 3788 3787
f 3312 3313 3775 3774
f 3298 3299 3827 3826
f 3285 3286 3814 3813
f 3272 3273 3801 3800
f 3299 3300 3828 3827
f 3286 3287 3815 3814
f 3273 3274 3802 3801
f 3300 3301 3829 3828
f 3287 3288 3816 3815
f 3274 3275 3803 3802
f 3301 3302 3830 3829
f 3288 3289 3817 3816
f 3275 3276 3804 3803
f 3302 3303 3831 3830
f 3289 3290 3818 3817
f 3276 3277 3805 3804
f 3290 3291 3819 3818
f 3277 3278 3806 3805
f 3291 3292 3820 3819
f 3278 3279 3807 3806
f 3292 3293 3821 3820
f 3279 3280 3808 3807
f 3293 3294 3822 3821
f 3280 3281 3809 3808
f 3294 3295 3823 3822
f 3281 3282 3810 3809
f 3295 3296 3824 3823
f 3282 3283 3811 3810
f 3296 3297 3825 3824
f 3283 3284 3812 3811
f 3297 3298 3826 3825
f 3284 3285 3813 3812
f 3271 3272 3800 3799
f 3158 3159 3852 3851
f 3145 3146 3839 3838
f 3159 3160 3853 3852
f 3146 3147 3840 3839
f 3160 3161 3854 3853
f 3147 3148 3841 3840
f 3161 3162 3855 3854
f 3148 3149 3842 3841
f 3162 3163 3856 3855
f 3149 3150 3843 3842
f 3163 3164 3857 3856
f 3150 3151 3844 3843
f 3164 3165 3858 3857
f 3151 3152 3845 3844
f 3165 3166 3859 3858
f 3152 3153 3846 3845
f 3139 3140 3833 3832
f 3166 3167 3860 3859
f 3153 3154 3847 3846
f 3140 3141 3834 3833
f 3167 3168 3861 3860
f 3154 3155 3848 3847
f 3141 3142 3835 3834
f 3168 3169 3862 3861
f 3155 3156 3849 3848
f 3142 3143 3836 3835
f 3169 3170 3863 3862
f 3156 3157 3850 3849
f 3143 3144 3837 3836
f 3170 3171 3864 3863
f 3157 3158 3851 3850
f 3144 3145 3838 3837
f 3866 3865 3930 3929 3928 3927 3926 3925 3924 3923 3922 3921 3920 3919 3918 3917 3916 3915 3914 3913 3912 3911 3910 3909 3908 3907 3906 3905 3904 3903 3902 3901 3900 3899 3898 3897 3896 3895 3894 3893 3892 3891 3890 3889 3888 3887 3886 3885 3884 3883 3882 3881 3880 3879 3878 3877 3876 3875 3874 3873 3872 3871 3870 3869 3868 3867
f 3932 3933 3934 3935 3936 3937 3938 3939 3940 3941 3942 3943 3944 3945 3946 3947 3948 3949 3950 3951 3952 3953 3954 3955 3956 3957 3958 3959 3960 3961 3962 3963 3964 3965 3966 3967 3968 3969 3970 3971 3972 3973 3974 3975 3976 3977 3978 3979 3980 3981 3982 3983 3984 3985 3986 3987 3988 3989 3990 3991 3992 3993 3994 3995 3996 3931
f 3889 3890 3956 3955
f 3917 3918 3984 3983
f 3890 3891 3957 3956
f 3918 3919 3985 3984
f 3891 3892 3958 3957
f 3865 3866 3932 3931
f 3919 3920 3986 3985
f 3892 3893 3959 3958
f 3866 3867 3933 3932
f 3920 3921 3987 3986
f 3893 3894 3960 3959
f 3867 3868 3934 3933
f 3921 3922 3988 3987
f 3894 3895 3961 3960
f 3868 3869 3935 3934
f 3922 3923 3989 3988
f 3895 3896 3962 3961
f 3869 3870 3936 3935
f 3923 3924 3990 3989
f 3896 3897 3963 3962
f 3870 3871 3937 3936
f 3924 3925 3991 3990
f 3898 3899 3965 3964
f 3871 3872 3938 3937
f 3925 3926 3992 3991
f 3899 3900 3966 3965
f 3872 3873 3939 3938
f 3926 3927 3993 3992
f 3900 3901 3967 3966
f 3873 3874 3940 3939
f 3927 3928 3994 3993
f 3901 3902 3968 3967
f 3874 3875 3941 3940
f 3928 3929 3995 3994
f 3902 3903 3969 3968
f 3875 3876 3942 3941
f 3929 3930 3996 3995
f 3903 3904 3970 3969
f 3876 3877 3943 3942
f 3930 3865 3931 3996
f 3904 3905 3971 3970
f 3877 3878 3944 3943
f 3897 3898 3964 3963
f 3905 3906 3972 3971
f 3878 3879 3945 3944
f 3906 3907 3973 3972
f 3879 3880 3946 3945
f 3907 3908 3974 3973
f 3880 3881 3947 3946
f 3908 3909 3975 3974
f 3881 3882 3948 3947
f 3909 3910 3976 3975
f 3882 3883 3949 3948
f 3910 3911 3977 3976
f 3883 3884 3950 3949
f 3911 3912 3978 3977
f 3884 3885 3951 3950
f 3912 3913 3979 3978
f 3885 3886 3952 3951
f 3913 3914 3980 3979
f 3886 3887 3953 3952
f 3914 3915 3981 3980
f 3887 3888 3954 3953
f 3915 3916 3982 3981
f 3888 3889 3955 3954
f 3916 3917 3983 3982
f 3998 3997 4062 4061 4060 4059 4058 4057 4056 4055 4054 4053 4052 4051 4050 4049 4048 4047 4046 4045 4044 4043 4042 4041 4040 4039 4038 4037 4036 4035 4034 4033 4032 4031 4030 4029 4028 4027 4026 4025 4024 4023 4022 4021 4020 4019 4018 4017 4016 4015 4014 4013 4012 4011 4010 4009 4008 4007 4006 4005 4004 4003 4002 4001 4000 3999
f 4064 4065 4066 4067 4068 4069 4070 4071 4072 4073 4074 4075 4076 4077 4078 4079 4080 4081 4082 4083 4084 4085 4086 4087 4088 4089 4090 4091 4092 4093 4094 4095 4096 4097 4098 4099 4100 4101 4102 4103 4104 4105 4106 4107 4108 4109 4110 4111 4112 4113 4114 4115 4116 4117 4118 4119 4120 4121 4122 4123 4124 4125 4126 4127 4128 4063
f 4021 4022 4088 4087
f 4049 4050 4116 4115
f 4022 4023 4089 4088
f 4050 4051 4117 4116
f 4023 4024 4090 4089
f 3997 3998 4064 4063
f 4051 4052 4118 4117
f 4024 4025 4091 4090
f 3998 3999 4065 4064
f 4052 4053 4119 4118
f 4025 4026 4092 4091
f 3999 4000 4066 4065
f 4053 4054 4120 4119
f 4026 4027 4093 4092
f 4000 4001 4067 4066
f 4054 4055 4121 4120
f 4027 4028 4094 4093
f 4001 4002 4068 4067
f 4055 4056 4122 4121
f 4028 4029 4095 4094
f 4002 4003 4069 4068
f 4056 4057 4123 4122
f 4030 4031 4097 4096
f 4003 4004 4070 4069
f 4057 4058 4124 4123
f 4031 4032 4098 4097
f 4004 4005 4071 4070
f 4058 4059 4125 4124
f 4032 4033 4099 4098
f 4005 4006 4072 4071
f 4059 4060 4126 4125
f 4033 4034 4100 4099
f 4006 4007 4073 4072
f 4060 4061 4127 4126
f 4034 4035 4101 4100
f 4007 4008 4074 4073
f 4061 4062 4128 4127
f 4035 4036 4102 4101
f 4008 4009 4075 4074
f 4062 3997 4063 4128
f 4036 4037 4103 4102
f 4009 4010 4076 4075
f 4029 4030 4096 4095
f 4037 4038 4104 4103
f 4010 4011 4077 4076
f 4038 4039 4105 4104
f 4011 4012 4078 4077
f 4039 4040 4106 4105
f 4012 4013 4079 4078
f 4040 4041 4107 4106
f 4013 4014 4080 4079
f 4041 4042 4108 4107
f 4014 4015 4081 4080
f 4042 4043 4109 4108
f 4015 4016 4082 4081
f 4043 4044 4110 4109
f 4016 4017 4083 4082
f 4044 4045 4111 4110
f 4017 4018 4084 4083
f 4045 4046 4112 4111
f 4018 4019 4085 4084
f 4046 4047 4113 4112
f 4019 4020 4086 4085
f 4047 4048 4114 4113
f 4020 4021 4087 4086
f 4048 4049 4115 4114
f 4130 4129 4194 4193 4192 4191 4190 4189 4188 4187 4186 4185 4184 4183 4182 4181 4180 4179 4178 4177 4176 4175 4174 4173 4172 4171 4170 4169 4168 4167 4166 4165 4164 4163 4162 4161 4160 4159 4158 4157 4156 4155 4154 4153 4152 4151 4150 4149 4148 4147 4146 4145 4144 4143 4142 4141 4140 4139 4138 4137 4136 4135 4134 4133 4132 4131
f 4196 4197 4198 4199 4200 4201 4202 4203 4204 4205 4206 4207 4208 4209 4210 4211 4212 4213 4214 4215 4216 4217 4218 4219 4220 4221 4222 4223 4224 4225 4226 4227 4228 4229 4230 4231 4232 4233 4234 4235 4236 4237 4238 4239 4240 4241 4242 4243 4244 4245 4246 4247 4248 4249 4250 4251 4252 4253 4254 4255 4256 4257 4258 4259 4260 4195
f 4153 4154 4220 4219
f 4181 4182 4248 4247
f 4154 4155 4221 4220
f 4182 4183 4249 4248
f 4155 4156 4222 4221
f 4129 4130 4196 4195
f 4183 4184 4250 4249
f 4156 4157 4223 4222
f 4130 4131 4197 4196
f 4184 4185 4251 4250
f 4157 4158 4224 4223
f 4131 4132 4198 4197
f 4185 4186 4252 4251
f 4158 4159 4225 4224
f 4132 4133 4199 4198
f 4186 4187 4253 4252
f 4159 4160 4226 4225
f 4133 4134 4200 4199
f 4187 4188 4254 4253
f 4160 4161 4227 4226
f 4134 4135 4201 4200
f 4188 4189 4255 4254
f 4162 4163 4229 4228
f 4135 4136 4202 4201
f 4189 4190 4256 4255
f 4163 4164 4230 4229
f 4136 4137 4203 4202
f 4190 4191 4257 4256
f 4164 4165 4231 4230
f 4137 4138 4204 4203
f 4191 4192 4258 4257
f 4165 4166 4232 4231
f 4138 4139 4205 4204
f 4192 4193 4259 4258
f 4166 4167 4233 4232
f 4139 4140 4206 4205
f 4193 4194 4260 4259
f 4167 4168 4234 4233
f 4140 4141 4207 4206
f 4194 4129 4195 4260
f 4168 4169 4235 4234
f 4141 4142 4208 4207
f 4161 4162 4228 4227
f 4169 4170 4236 4235
f 4142 4143 4209 4208
f 4170 4171 4237 4236
f 4143 4144 4210 4209
f 4171 4172 4238 4237
f 4144 4145 4211 4210
f 4172 4173 4239 4238
f 4145 4146 4212 4211
f 4173 4174 4240 4239
f 4146 4147 4213 4212
f 4174 4175 4241 4240
f 4147 4148 4214 4213
f 4175 4176 4242 4241
f 4148 4149 4215 4214
f 4176 4177 4243 4242
f 4149 4150 4216 4215
f 4177 4178 4244 4243
f 4150 4151 4217 4216
f 4178 4179 4245 4244
f 4151 4152 4218 4217
f 4179 4180 4246 4245
f 4152 4153 4219 4218
f 4180 4181 4247 4246
f 4262 4261 4326 4325 4324 4323 4322 4321 4320 4319 4318 4317 4316 4315 4314 4313 4312 4311 4310 4309 4308 4307 4306 4305 4304 4303 4302 4301 4300 4299 4298 4297 4296 4295 4294 4293 4292 4291 4290 4289 4288 4287 4286 4285 4284 4283 4282 4281 4280 4279 4278 4277 4276 4275 4274 4273 4272 4271 4270 4269 4268 4267 4266 4265 4264 4263
f 4328 4329 4330 4331 4332 4333 4334 4335 4336 4337 4338 4339 4340 4341 4342 4343 4344 4345 4346 4347 4348 4349 4350 4351 4352 4353 4354 4355 4356 4357 4358 4359 4360 4361 4362 4363 4364 4365 4366 4367 4368 4369 4370 4371 4372 4373 4374 4375 4376 4377 4378 4379 4380 4381 4382 4383 4384 4385 4386 4387 4388 4389 4390 4391 4392 4327
f 4285 4286 4352 4351
f 4313 4314 4380 4379
f 4286 4287 4353 4352
f 4314 4315 4381 4380
f 4287 4288 4354 4353
f 4261 4262 4328 4327
f 4315 4316 4382 4381
f 4288 4289 4355 4354
f 4262 4263 4329 4328
f 4316 4317 4383 4382
f 4289 4290 4356 4355
f 4263 4264 4330 4329
f 4317 4318 4384 4383
f 4290 4291 4357 4356
f 4264 4265 4331 4330
f 4318 4319 4385 4384
f 4291 4292 4358 4357
f 4265 4266 4332 4331
f 4319 4320 4386 4385
f 4292 4293 4359 4358
f 4266 4267 4333 4332
f 4320 4321 4387 4386
f 4294 4295 4361 4360
f 4267 4268 4334 4333
f 4321 4322 4388 4387
f 4295 4296 4362 4361
f 4268 4269 4335 4334
f 4322 4323 4389 4388
f 4296 4297 4363 4362
f 4269 4270 4336 4335
f 4323 4324 4390 4389
f 4297 4298 4364 4363
f 4270 4271 4337 4336
f 4324 4325 4391 4390
f 4298 4299 4365 4364
f 4271 4272 4338 4337
f 4325 4326 4392 4391
f 4299 4300 4366 4365
f 4272 4273 4339 4338
f 4326 4261 4327 4392
f 4300 4301 4367 4366
f 4273 4274 4340 4339
f 4293 4294 4360 4359
f 4301 4302 4368 4367
f 4274 4275 4341 4340
f 4302 4303 4369 4368
f 4275 4276 4342 4341
f 4303 4304 4370 4369
f 4276 4277 4343 4342
f 4304 4305 4371 4370
f 4277 4278 4344 4343
f 4305 4306 4372 4371
f 4278 4279 4345 4344
f 4306 4307 4373 4372
f 4279 4280 4346 4345
f 4307 4308 4374 4373
f 4280 4281 4347 4346
f 4308 4309 4375 4374
f 4281 4282 4348 4347
f 4309 4310 4376 4375
f 4282 4283 4349 4348
f 4310 4311 4377 4376
f 4283 4284 4350 4349
f 4311 4312 4378 4377
f 4284 4285 4351 4350
f 4312 4313 4379 4378
f 4394 4393 4458 4457 4456 4455 4454 4453 4452 4451 4450 4449 4448 4447 4446 4445 4444 4443 4442 4441 4440 4439 4438 4437 4436 4435 4434 4433 4432 4431 4430 4429 4428 4427 4426 4425 4424 4423 4422 4421 4420 4419 4418 4417 4416 4415 4414 4413 4412 4411 4410 4409 4408 4407 4406 4405 4404 4403 4402 4401 4400 4399 4398 4397 4396 4395
f 4460 4461 4462 4463 4464 4465 4466 4467 4468 4469 4470 4471 4472 4473 4474 4475 4476 4477 4478 4479 4480 4481 4482 4483 4484 4485 4486 4487 4488 4489 4490 4491 4492 4493 4494 4495 4496 4497 4498 4499 4500 4501 4502 4503 4504 4505 4506 4507 4508 4509 4510 4511 4512 4513 4514 4515 4516 4517 4518 4519 4520 4521 4522 4523 4524 4459
f 4417 4418 4484 4483
f 4445 4446 4512 4511
f 4418 4419 4485 4484
f 4446 4447 4513 4512
f 4419 4420 4486 4485
f 4393 4394 4460 4459
f 4447 4448 4514 4513
f 4420 4421 4487 4486
f 4394 4395 4461 4460
f 4448 4449 4515 4514
f 4421 4422 4488 4487
f 4395 4396 4462 4461
f 4449 4450 4516 4515
f 4422 4423 4489 4488
f 4396 4397 4463 4462
f 4450 4451 4517 4516
f 4423 4424 4490 4489
f 4397 4398 4464 4463
f 4451 4452 4518 4517
f 4424 4425 4491 4490
f 4398 4399 4465 4464
f 4452 4453 4519 4518
f 4426 4427 4493 4492
f 4399 4400 4466 4465
f 4453 4454 4520 4519
f 4427 4428 4494 4493
f 4400 4401 4467 4466
f 4454 4455 4521 4520
f 4428 4429 4495 4494
f 4401 4402 4468 4467
f 4455 4456 4522 4521
f 4429 4430 4496 4495
f 4402 4403 4469 4468
f 4456 4457 4523 4522
f 4430 4431 4497 4496
f 4403 4404 4470 4469
f 4457 4458 4524 4523
f 4431 4432 4498 4497
f 4404 4405 4471 4470
f 4458 4393 4459 4524
f 4432 4433 4499 4498
f 4405 4406 4472 4471
f 4425 4426 4492 4491
f 4433 4434 4500 4499
f 4406 4407 4473 4472
f 4434 4435 4501 4500
f 4407 4408 4474 4473
f 4435 4436 4502 4501
f 4408 4409 4475 4474
f 4436 4437 4503 4502
f 4409 4410 4476 4475
f 4437 4438 4504 4503
f 4410 4411 4477 4476
f 4438 4439 4505 4504
f 4411 4412 4478 4477
f 4439 4440 4506 4505
f 4412 4413 4479 4478
f 4440 4441 4507 4506
f 4413 4414 4480 4479
f 4441 4442 4508 4507
f 4414 4415 4481 4480
f 4442 4443 4509 4508
f 4415 4416 4482 4481
f 4443 4444 4510 4509
f 4416 4417 4483 4482
f 4444 4445 4511 4510
f 4526 4525 4590 4589 4588 4587 4586 4585 4584 4583 4582 4581 4580 4579 4578 4577 4576 4575 4574 4573 4572 4571 4570 4569 4568 4567 4566 4565 4564 4563 4562 4561 4560 4559 4558 4557 4556 4555 4554 4553 4552 4551 4550 4549 4548 4547 4546 4545 4544 4543 4542 4541 4540 4539 4538 4537 4536 4535 4534 4533 4532 4531 4530 4529 4528 4527
f 4592 4593 4594 4595 4596 4597 4598 4599 4600 4601 4602 4603 4604 4605 4606 4607 4608 4609 4610 4611 4612 4613 4614 4615 4616 4617 4618 4619 4620 4621 4622 4623 4624 4625 4626 4627 4628 4629 4630 4631 4632 4633 4634 4635 4636 4637 4638 4639 4640 4641 4642 4643 4644 4645 4646 4647 4648 4649 4650 4651 4652 4653 4654 4655 4656 4591
f 4549 4550 4616 4615
f 4577 4578 4644 4643
f 4550 4551 4617 4616
f 4578 4579 4645 4644
f 4551 4552 4618 4617
f 4525 4526 4592 4591
f 4579 4580 4646 4645
f 4552 4553 4619 4618
f 4526 4527 4593 4592
f 4580 4581 4647 4646
f 4553 4554 4620 4619
f 4527 4528 4594 4593
f 4581 4582 4648 4647
f 4554 4555 4621 4620
f 4528 4529 4595 4594
f 4582 4583 4649 4648
f 4555 4556 4622 4621
f 4529 4530 4596 4595
f 4583 4584 4650 4649
f 4556 4557 4623 4622
f 4530 4531 4597 4596
f 4584 4585 4651 4650
f 4558 4559 4625 4624
f 4531 4532 4598 4597
f 4585 4586 4652 4651
f 4559 4560 4626 4625
f 4532 4533 4599 4598
f 4586 4587 4653 4652
f 4560 4561 4627 4626
f 4533 4534 4600 4599
f 4587 4588 4654 4653
f 4561 4562 4628 4627
f 4534 4535 4601 4600
f 4588 4589 4655 4654
f 4562 4563 4629 4628
f 4535 4536 4602 4601
f 4589 4590 4656 4655
f 4563 4564 4630 4629
f 4536 4537 4603 4602
f 4590 4525 4591 4656
f 4564 4565 4631 4630
f 4537 4538 4604 4603
f 4557 4558 4624 4623
f 4565 4566 4632 4631
f 4538 4539 4605 4604
f 4566 4567 4633 4632
f 4539 4540 4606 4605
f 4567 4568 4634 4633
f 4540 4541 4607 4606
f 4568 4569 4635 4634
f 4541 4542 4608 4607
f 4569 4570 4636 4635
f 4542 4543 4609 4608
f 4570 4571 4637 4636
f 4543 4544 4610 4609
f 4571 4572 4638 4637
f 4544 4545 4611 4610
f 4572 4573 4639 4638
f 4545 4546 4612 4611
f 4573 4574 4640 4639
f 4546 4547 4613 4612
f 4574 4575 4641 4640
f 4547 4548 4614 4613
f 4575 4576 4642 4641
f 4548 4549 4615 4614
f 4576 4577 4643 4642
f 4628 4629 4662 4661
f 4655 4656 4689 4688
f 4642 4643 4676 4675
f 4629 4630 4663 4662
f 4643 4644 4677 4676
f 4630 4631 4664 4663
f 4644 4645 4678 4677
f 4631 4632 4665 4664
f 4645 4646 4679 4678
f 4632 4633 4666 4665
f 4646 4647 4680 4679
f 4633 4634 4667 4666
f 4647 4648 4681 4680
f 4634 4635 4668 4667
f 4648 4649 4682 4681
f 4635 4636 4669 4668
f 4649 4650 4683 4682
f 4636 4637 4670 4669
f 4650 4651 4684 4683
f 4637 4638 4671 4670
f 4624 4625 4658 4657
f 4651 4652 4685 4684
f 4638 4639 4672 4671
f 4625 4626 4659 4658
f 4652 4653 4686 4685
f 4639 4640 4673 4672
f 4626 4627 4660 4659
f 4653 4654 4687 4686
f 4640 4641 4674 4673
f 4627 4628 4661 4660
f 4654 4655 4688 4687
f 4641 4642 4675 4674
f 4250 4251 4713 4712
f 4237 4238 4700 4699
f 4251 4252 4714 4713
f 4238 4239 4701 4700
f 4252 4253 4715 4714
f 4239 4240 4702 4701
f 4253 4254 4716 4715
f 4240 4241 4703 4702
f 4254 4255 4717 4716
f 4241 4242 4704 4703
f 4228 4229 4691 4690
f 4255 4256 4718 4717
f 4242 4243 4705 4704
f 4229 4230 4692 4691
f 4256 4257 4719 4718
f 4243 4244 4706 4705
f 4230 4231 4693 4692
f 4257 4258 4720 4719
f 4244 4245 4707 4706
f 4231 4232 4694 4693
f 4258 4259 4721 4720
f 4245 4246 4708 4707
f 4232 4233 4695 4694
f 4259 4260 4722 4721
f 4246 4247 4709 4708
f 4233 4234 4696 4695
f 4247 4248 4710 4709
f 4234 4235 4697 4696
f 4248 4249 4711 4710
f 4235 4236 4698 4697
f 4249 4250 4712 4711
f 4236 4237 4699 4698
f 4222 4223 4751 4750
f 4209 4210 4738 4737
f 4196 4197 4725 4724
f 4223 4224 4752 4751
f 4210 4211 4739 4738
f 4197 4198 4726 4725
f 4224 4225 4753 4752
f 4211 4212 4740 4739
f 4198 4199 4727 4726
f 4225 4226 4754 4753
f 4212 4213 4741 4740
f 4199 4200 4728 4727
f 4226 4227 4755 4754
f 4213 4214 4742 4741
f 4200 4201 4729 4728
f 4214 4215 4743 4742
f 4201 4202 4730 4729
f 4215 4216 4744 4743
f 4202 4203 4731 4730
f 4216 4217 4745 4744
f 4203 4204 4732 4731
f 4217 4218 4746 4745
f 4204 4205 4733 4732
f 4218 4219 4747 4746
f 4205 4206 4734 4733
f 4219 4220 4748 4747
f 4206 4207 4735 4734
f 4220 4221 4749 4748
f 4207 4208 4736 4735
f 4221 4222 4750 4749
f 4208 4209 4737 4736
f 4195 4196 4724 4723
f 4082 4083 4776 4775
f 4069 4070 4763 4762
f 4083 4084 4777 4776
f 4070 4071 4764 4763
f 4084 4085 4778 4777
f 4071 4072 4765 4764
f 4085 4086 4779 4778
f 4072 4073 4766 4765
f 4086 4087 4780 4779
f 4073 4074 4767 4766
f 4087 4088 4781 4780
f 4074 4075 4768 4767
f 4088 4089 4782 4781
f 4075 4076 4769 4768
f 4089 4090 4783 4782
f 4076 4077 4770 4769
f 4063 4064 4757 4756
f 4090 4091 4784 4783
f 4077 4078 4771 4770
f 4064 4065 4758 4757
f 4091 4092 4785 4784
f 4078 4079 4772 4771
f 4065 4066 4759 4758
f 4092 4093 4786 4785
f 4079 4080 4773 4772
f 4066 4067 4760 4759
f 4093 4094 4787 4786
f 4080 4081 4774 4773
f 4067 4068 4761 4760
f 4094 4095 4788 4787
f 4081 4082 4775 4774
f 4068 4069 4762 4761
f 4789 4790 4792 4791
f 4791 4792 4794 4793
f 4793 4794 4796 4795
f 4795 4796 4798 4797
f 4797 4798 4800 4799
f 4799 4800 4802 4801
f 4801 4802 4804 4803
f 4803 4804 4806 4805
f 4805 4806 4808 4807
f 4807 4808 4810 4809
f 4809 4810 4812 4811
f 4811 4812 4814 4813
f 4813 4814 4816 4815
f 4815 4816 4818 4817
f 4817 4818 4820 4819
f 4819 4820 4822 4821
f 4821 4822 4824 4823
f 4823 4824 4826 4825
f 4825 4826 4828 4827
f 4827 4828 4830 4829
f 4829 4830 4832 4831
f 4831 4832 4834 4833
f 4833 4834 4836 4835
f 4835 4836 4838 4837
f 4837 4838 4840 4839
f 4839 4840 4842 4841
f 4841 4842 4844 4843
f 4843 4844 4846 4845
f 4845 4846 4848 4847
f 4847 4848 4850 4849
f 4849 4850 4852 4851
f 4851 4852 4854 4853
f 4853 4854 4856 4855
f 4855 4856 4858 4857
f 4857 4858 4860 4859
f 4859 4860 4862 4861
f 4861 4862 4864 4863
f 4863 4864 4866 4865
f 4865 4866 4868 4867
f 4867 4868 4870 4869
f 4869 4870 4872 4871
f 4871 4872 4874 4873
f 4873 4874 4876 4875
f 4875 4876 4878 4877
f 4877 4878 4880 4879
f 4879 4880 4882 4881
f 4881 4882 4884 4883
f 4883 4884 4886 4885
f 4885 4886 4888 4887
f 4887 4888 4890 4889
f 4889 4890 4892 4891
f 4891 4892 4894 4893
f 4893 4894 4896 4895
f 4895 4896 4898 4897
f 4897 4898 4900 4899
f 4899 4900 4902 4901
f 4901 4902 4904 4903
f 4903 4904 4906 4905
f 4905 4906 4908 4907
f 4907 4908 4910 4909
f 4909 4910 4912 4911
f 4911 4912 4914 4913
f 4792 4790 4916 4914 4912 4910 4908 4906 4904 4902 4900 4898 4896 4894 4892 4890 4888 4886 4884 4882 4880 4878 4876 4874 4872 4870 4868 4866 4864 4862 4860 4858 4856 4854 4852 4850 4848 4846 4844 4842 4840 4838 4836 4834 4832 4830 4828 4826 4824 4822 4820 4818 4816 4814 4812 4810 4808 4806 4804 4802 4800 4798 4796 4794
f 4913 4914 4916 4915
f 4915 4916 4790 4789
f 4789 4791 4793 4795 4797 4799 4801 4803 4805 4807 4809 4811 4813 4815 4817 4819 4821 4823 4825 4827 4829 4831 4833 4835 4837 4839 4841 4843 4845 4847 4849 4851 4853 4855 4857 4859 4861 4863 4865 4867 4869 4871 4873 4875 4877 4879 4881 4883 4885 4887 4889 4891 4893 4895 4897 4899 4901 4903 4905 4907 4909 4911 4913 4915
